key,name,id,time,time_ist,family,rank,direction,ai_ran,order_attempted,order_submitted,reason,spread,rvol,activity_rank,activity_hotness,activity_volume_pace,activity_volume_percentile,activity_realized_volatility_percent,activity_volatility_percentile,activity_traded_value_5m,activity_traded_value_percentile,activity_trend_efficiency,activity_market_return_5m_percent,activity_relative_strength_5m_percent,activity_relative_strength_percentile,prior_minutes,pre_return_5,pre_efficiency_5,pre_range_5,pre_return_15,pre_efficiency_15,pre_range_15,volume_ratio_3_to_12,proxy_entry_time,proxy_entry,return_5,abs_return_5,direction_return_5,max_excursion_5,range_5,return_15,abs_return_15,direction_return_15,max_excursion_15,range_15,return_30,abs_return_30,direction_return_30,max_excursion_30,range_30,half_hour
NSE_EQ|24445,AGI Infra,4e4cf1be5b42b7a4a2d28375,1788931454.140149,10:54:14,VWAP_REVERSION,10,SHORT,True,True,True,ai_ran,0.06868,8.085617451413887,10,94.8159,8.085617451413887,94.81589147286822,1.440329218106992,99.37015503875969,43591400.45000005,95.78488372093024,0.0828025477706999,0.025968968069454305,0.7516360086023964,97.62596899224806,15,1.107266435986154,1.0,1.4373716632443494,0.689179875947632,0.1709401709401686,2.019164955509917,0.8404006000566319,1788931500,290.65,0.46447617409255404,0.46447617409255404,-0.46447617409255404,1.3074144159642254,1.3418200584895845,1.4450369860657286,1.4450369860657286,-1.4450369860657286,4.059865817994157,4.094271460519517,1.3246172372269216,1.3246172372269216,-1.3246172372269216,4.059865817994157,4.094271460519517,993850
NSE_EQ|24445,AGI Infra,e56f1204ddde8136312a5c59,1788931977.076064,11:02:57,VWAP_REVERSION,9,SHORT,False,False,False,account_analysis_capacity_in_use,0.06826,8.655335154482508,9,95.9314,8.655335154482508,95.93137254901961,1.2286689419795105,98.6764705882353,49778849.04999924,96.81372549019608,0.17857142857142785,0.022886569306274147,0.011254775862733275,7.8921568627450975,15,0.05108991825613085,0.0379746835442976,1.2255319148936055,1.118760757314985,0.2569169960474313,2.1106382978723364,1.0562703355251384,1788931980,293.0,0.716723549488063,0.716723549488063,-0.716723549488063,3.2252559726962504,3.4812286689419825,0.20477815699659896,0.20477815699659896,-0.20477815699659896,3.2252559726962504,3.634812286689426,0.9215017064846398,0.9215017064846398,-0.9215017064846398,3.2252559726962504,3.634812286689426,993851
NSE_EQ|24445,AGI Infra,b4b0ca1e29f67889da44e919,1788932282.642347,11:08:02,VWAP_REVERSION,3,SHORT,False,False,False,maximum_concurrent_trade_slots_in_use,0.08483,10.715312662922925,3,96.6954,10.715312662922925,96.69540229885058,3.4570411794611045,99.9521072796935,278733170.7500007,99.66475095785441,0.23789473684210316,-0.047074436653008554,0.7467331397246849,98.13218390804597,15,0.716723549488063,0.15328467153284914,3.4564554388342894,0.8888888888888946,0.11453744493392205,4.049474754320565,7.40667099037612,1788932340,293.65,-0.08513536523071519,0.08513536523071519,0.08513536523071519,1.0727056019070424,1.702707304614337,0.23837902264602917,0.23837902264602917,-0.23837902264602917,1.0727056019070424,1.702707304614337,-0.22135194959985727,0.22135194959985727,0.22135194959985727,1.7197343776604868,2.3497360803677814,993851
NSE_EQ|24445,AGI Infra,cfa29ae18e0b9e27691a5584,1788932636.984723,11:13:56,VWAP_REVERSION,5,SHORT,False,False,False,maximum_concurrent_trade_slots_in_use,0.06817,12.142867322775095,5,96.8721,12.142867322775095,96.87208216619982,1.7041581458759374,99.76657329598507,156584567.24999928,99.48646125116713,0.08771929824560984,-0.04516031913291503,-0.09098671966900264,53.17460317460318,15,-0.5251566999830426,0.22627737226276634,1.7029972752043596,0.2732240437158584,0.03278688524590206,3.8658038147138845,0.39880342102994365,1788932640,293.3,0.8012274122059182,0.8012274122059182,-0.8012274122059182,1.0398908966928078,1.1421752471871827,0.7330378452096831,0.7330378452096831,-0.7330378452096831,1.1251278554381239,1.483123082168436,-0.6818956699624956,0.6818956699624956,0.6818956699624956,1.841118308898726,2.57415615410842,993851
NSE_EQ|24445,AGI Infra,8415ecd0762b9df5392142bf,1788932954.612779,11:19:14,VWAP_REVERSION,1,SHORT,False,False,False,maximum_concurrent_trade_slots_in_use,0.01696,12.46496423790111,1,97.6689,12.46496423790111,97.66888677450048,1.0656292286874076,98.52521408182683,43910637.19999957,94.71931493815414,0.007092198581553764,-0.04627487274409996,0.7103307215437068,97.76403425309229,15,0.8012274122059182,0.796610169491517,1.133096566886529,0.5099439061703182,0.06696428571428545,3.6022323693556495,0.2693025747134732,1788933000,294.75,-0.08481764206954567,0.08481764206954567,0.08481764206954567,0.42408821034775057,0.5089058524173073,1.0687022900763177,1.0687022900763177,-1.0687022900763177,1.3401187446989038,2.188295165394405,-1.0347752332485194,1.0347752332485194,1.0347752332485194,1.3401187446989038,2.5614927905004414,993851
NSE_EQ|24445,AGI Infra,398380db19cbb04e11e86267,1788933543.069093,11:29:03,VWAP_REVERSION,6,SHORT,False,False,False,maximum_concurrent_trade_slots_in_use,0.01694,12.891710555796758,6,97.6824,12.891710555796758,97.68244575936885,1.4905149051490632,99.35897435897436,61824151.95000005,96.69625246548324,0.07749077490774921,0.016914924367946595,0.1187702859441217,64.8422090729783,15,0.3737047732291332,0.24999999999999678,1.4723303435437545,0.7330378452096831,0.24022346368715014,1.4723303435437545,2.636639177688845,1788933600,295.3,0.8804605485946304,0.8804605485946304,-0.8804605485946304,1.1513714866237645,1.2529630883846843,-1.1344395529969575,1.1344395529969575,1.1344395529969575,1.4053504910260917,2.556721977649856,-1.083643752116492,1.083643752116492,1.083643752116492,1.981036234337974,3.1324077209617385,993851
NSE_EQ|24445,AGI Infra,c46af8b94c037b314d6341a2,1788933923.712879,11:35:23,VWAP_REVERSION,3,SHORT,False,False,False,maximum_concurrent_trade_slots_in_use,0.06719,13.431641181538982,3,97.8754,13.431641181538982,97.87535410764873,1.242861941551894,99.48064211520303,80605899.40000153,98.06421152030217,0.05405405405405115,0.0,0.8810572687224554,99.57507082152975,15,0.8804605485946304,0.3880597014925329,1.2420275260154376,1.0687022900763177,0.2635983263598322,2.165156092648536,1.1982330912718513,1788933960,293.55,-0.6131834440470163,0.6131834440470163,0.6131834440470163,0.7835121785045196,1.1071367739737603,-0.8516436722875165,0.8516436722875165,0.8516436722875165,1.0390052801907745,1.3626298756600153,-1.2944983818770295,1.2944983818770295,1.2944983818770295,1.4818599897802875,1.8054845852495283,993852
NSE_EQ|24445,AGI Infra,46cb27c8a413be6e9a67ba7a,1788935597.274528,12:03:17,VWAP_REVERSION,5,LONG,False,False,False,maximum_concurrent_trade_slots_in_use,0.06903,15.01525484187596,5,98.1393,15.01525484187596,98.13931297709924,1.1561691113028552,99.28435114503816,54791377.849999905,96.61259541984732,0.035971223021584856,-0.07764164847184046,-0.12900550151955703,62.452290076335885,15,-0.4126547455295726,0.24489795918367513,1.1222375690607733,-0.6518010291595155,0.26027397260274227,1.1222375690607733,1.0387024043642001,1788935640,289.4,-0.29371112646854325,0.29371112646854325,-0.29371112646854325,0.46648237733240006,0.6738078783690371,0.6738078783690593,0.6738078783690593,0.6738078783690593,0.7429163787145976,1.2093987560469976,1.295784381478926,1.295784381478926,1.295784381478926,1.5203870076019532,1.9868693849343533,993853
NSE_EQ|24445,AGI Infra,19990151421065a8bfc2d800,1788935947.13039,12:09:07,VWAP_REVERSION,8,LONG,False,False,False,maximum_concurrent_trade_slots_in_use,0.0173,15.20251678843958,8,96.5898,15.20251678843958,98.22286263208453,0.6578947368420973,96.58981748318925,25656701.649999857,94.0922190201729,0.08609271523178169,-0.004879953152445299,-0.23691624719297394,88.23246878001922,15,-0.29371112646854325,0.4594594594594495,0.6757927568878838,-0.6883496816382673,0.26315789473684525,1.5248657078495849,1.0268560342830668,1788936000,288.5,0.15597920277294897,0.15597920277294897,0.15597920277294897,0.7625649913344912,0.7972270363951539,1.5424610051993026,1.5424610051993026,1.5424610051993026,1.6117850953206059,1.715771230502583,0.8492201039861369,0.8492201039861369,0.8492201039861369,2.40901213171576,2.512998266897737,993853
NSE_EQ|24445,AGI Infra,6547921576eae61dc894e027,1788936276.089065,12:14:36,VWAP_REVERSION,6,LONG,False,False,False,maximum_concurrent_trade_slots_in_use,0.01727,15.078475947480879,6,97.4951,15.078475947480879,98.0844793713163,0.7944732297063942,97.4950884086444,16539978.549999475,91.69941060903733,0.016393442622954488,0.0,0.2597402597402597,87.86836935166994,15,0.24259227170333464,0.24999999999999492,0.7951598962834957,-0.8568980291345341,0.3086419753086411,1.4520311149524594,0.4683550544809112,1788936300,288.95,0.8478975601315053,0.8478975601315053,0.8478975601315053,1.0555459422045388,1.3151064197958195,1.3843225471534826,1.3843225471534826,1.3843225471534826,1.678491088423617,1.9380515660148978,0.640249178058494,0.640249178058494,0.640249178058494,2.249524139124426,2.5090846167157066,993853
NSE_EQ|24445,AGI Infra,2c453a0ac101642ef2b75bb2,1788939749.645543,13:12:29,VWAP_REVERSION,10,LONG,False,False,False,maximum_concurrent_trade_slots_in_use,0.06908,15.857188354311413,10,95.5696,15.857188354311413,98.3933787731256,0.656530753282646,95.56962025316456,9349900.250001907,86.12463485881207,0.07017543859648948,-0.050961905975273336,-0.15593464574887245,76.67964946445959,15,-0.34536349507856556,0.6666666666666666,0.5025125628140664,-0.6712564543889799,0.4588235294117559,0.7104487957026551,2.8919716002184597,1788939780,289.4,0.03455425017278024,0.03455425017278024,0.03455425017278024,0.1727712508638568,0.31098825155493337,-0.06910850034553828,0.06910850034553828,-0.06910850034553828,0.46648237733240006,0.6392536281962569,-0.31098825155493337,0.31098825155493337,-0.31098825155493337,0.8984105044920421,1.0711817553558989,993855
NSE_EQ|24445,AGI Infra,49973a4c64aea0d290b883f7,1788941190.589253,13:36:30,VWAP_REVERSION,5,LONG,False,False,False,maximum_concurrent_trade_slots_in_use,0.08678,16.029459945238724,5,97.7118,16.029459945238724,98.19863680623175,0.6762614877752691,97.71178188899708,18798891.299999237,92.4537487828627,0.0,-0.02986857825568182,-0.03944349937384119,31.888997078870496,15,-0.3984063745019806,0.6571428571428442,0.5043478260869526,-0.3811503811503858,0.17187500000000416,0.7130434782608736,2.784208329855605,1788941220,289.0,-0.24221453287196493,0.24221453287196493,-0.24221453287196493,0.31141868512110094,0.3287197231833794,-0.44982698961938405,0.44982698961938405,-0.44982698961938405,0.6574394463667699,0.6747404844290483,-0.48442906574394096,0.48442906574394096,-0.48442906574394096,0.6747404844290594,0.6920415224913379,993856
NSE_EQ|24445,AGI Infra,98c68875d75f2411da9b3e28,1788941300.130326,13:38:20,OPENING_RANGE_ACCEPTANCE,5,LONG,False,False,False,maximum_concurrent_trade_slots_in_use,0.03463,16.037653979627155,5,98.4577,16.037653979627155,98.45771144278606,1.0562770562770603,99.25373134328358,23325507.499999046,93.681592039801,0.5,-0.018927444794949812,0.26194081053006124,90.29850746268657,15,0.15606034333275343,0.1636363636363561,1.0560941828254886,0.03463803255976394,0.014285714285717534,1.0560941828254886,5.134163660403846,1788941340,288.85,-0.29427038255150917,0.29427038255150917,-0.29427038255150917,0.29427038255150917,0.3635104725636329,-0.38082049506664717,0.38082049506664717,-0.38082049506664717,0.6058507876060215,0.6750908776181452,-0.46737060758179627,0.46737060758179627,-0.46737060758179627,0.623160810109058,0.6924009001211817,993856
NSE_EQ|24445,AGI Infra,53defda083f5e2515bd28725,1788942434.821518,13:57:14,OPENING_RANGE_ACCEPTANCE,10,LONG,False,False,False,maximum_concurrent_trade_slots_in_use,0.05199,16.136054801674334,10,96.0255,16.136054801674334,98.38076545632973,0.6578947368420973,96.02551521099116,9638425.800001621,86.50637880274779,0.5087719298245635,-0.018998163510861338,0.4013408816200107,95.92737978410206,15,0.3475842891901282,0.5555555555555696,0.5715275372358771,0.034650034650018924,0.0227272727272648,0.6234845860755148,1.2051376597836776,1788942480,288.05,-0.03471619510502233,0.03471619510502233,-0.03471619510502233,0.2430133657351119,0.3298038534976566,-0.26037146328762306,0.26037146328762306,-0.26037146328762306,0.36452004860267895,0.6075334143377908,-0.26037146328762306,0.26037146328762306,-0.26037146328762306,0.503384829022735,0.7463981947578469,993856
NSE_EQ|24445,AGI Infra,59a5f471858c6d63dfee26eb,1788942897.045912,14:04:57,VWAP_REVERSION,10,LONG,False,False,False,maximum_concurrent_trade_slots_in_use,0.05211,16.12339366412796,10,95.1693,16.12339366412796,98.2569721115538,0.5733148019457878,95.16932270916335,4473031.549999714,76.84262948207171,0.3684210526315663,0.036262087618173316,-0.2096925420059638,85.10956175298804,15,-0.3816793893129611,0.647058823529396,0.574712643678153,-0.29519013717658193,0.15887850467289183,0.6617903169627228,0.4771726345159614,1788942900,287.85,-0.08685079034219667,0.08685079034219667,-0.08685079034219667,0.20844189682125425,0.36477331943721714,-0.1563314226159629,0.1563314226159629,-0.1563314226159629,0.43425395171096115,0.6426958485322154,-0.4168837936425418,0.4168837936425418,-0.4168837936425418,0.4516241097794027,0.660066006600657,993857
NSE_EQ|24445,AGI Infra,65ff11e4562375f6dd1db9cd,1788945614.143164,14:50:14,VWAP_REVERSION,5,LONG,False,False,False,dhan_authorization_or_ip_unavailable,0.08755,14.04994409638459,5,98.1664,14.04994409638459,98.43470483005366,0.9268975166141928,98.16636851520573,28932277.65000105,91.3685152057245,0.05343511450381057,0.0,-0.20942408376964147,82.33452593917711,15,-0.7496513249651393,1.0,0.9309678552608387,-0.6977149834292651,0.4255319148936129,1.2471456174249118,10.688380339495025,1788945660,285.65,-0.735165412217742,0.735165412217742,-0.735165412217742,0.735165412217742,0.8401890425345782,-0.332574829336596,0.332574829336596,-0.332574829336596,0.840189042534567,0.9452126728514032,-0.8051811657622809,0.8051811657622809,-0.8051811657622809,1.242779625415702,1.3478032557325381,993858
NSE_EQ|24445,AGI Infra,51240984ae48a47a416bcf43,1788945963.485457,14:56:03,VOLATILITY_IGNITION,6,SHORT,False,False,False,dhan_authorization_or_ip_unavailable,0.01763,14.067602577757969,6,96.7617,14.067602577757969,98.40241796200345,0.8464115676247495,96.76165803108809,12377838.700000286,82.16753022452504,1.0,0.0,-0.7351654122177371,97.9706390328152,15,-0.735165412217742,0.8399999999999672,0.8464115676247495,-1.1504270524664517,0.515624999999999,1.2696173514371243,0.7266642437458356,1788946020,283.55,0.26450361488272733,0.26450361488272733,-0.26450361488272733,0.6171751013930526,0.6348086757185678,0.05290072297654547,0.05290072297654547,-0.05290072297654547,0.6171751013930526,0.8993122906013062,-0.3526714865103142,0.3526714865103142,0.3526714865103142,0.6171751013930526,1.1285487568330033,993858
NSE_EQ|24445,AGI Infra,c121fc6ee5a275f2d56b1b98,1788945993.150451,14:56:33,VWAP_REVERSION,5,LONG,False,False,False,dhan_authorization_or_ip_unavailable,0.05281,14.078961409180105,5,97.4213,14.078961409180105,98.47027972027972,0.897887323943666,97.42132867132867,14681958.19999981,83.2604895104895,0.24137931034481946,0.0,-0.5950297514875704,97.42132867132867,15,-0.735165412217742,0.8399999999999672,0.8464115676247495,-1.1504270524664517,0.515624999999999,1.2696173514371243,0.7266642437458356,1788946020,283.55,0.26450361488272733,0.26450361488272733,0.26450361488272733,0.6171751013930526,0.6348086757185678,0.05290072297654547,0.05290072297654547,0.05290072297654547,0.6171751013930526,0.8993122906013062,-0.3526714865103142,0.3526714865103142,-0.3526714865103142,0.6171751013930526,1.1285487568330033,993858
NSE_EQ|25,Adani Enterprises,2a589bbbfe8a88c6d6d7c0e1,1788929509.386424,10:21:49,VWAP_REVERSION,8,SHORT,False,False,False,margin_allocation_too_small,0.01613,7.18244186690967,8,94.3989,7.18244186690967,94.39890710382514,0.9385582970488601,97.04007285974498,810592247.9000044,99.9544626593807,0.06666666666666551,0.10927036946916632,0.5007825234146375,94.58105646630237,15,0.6906838743149901,0.7634408602150415,0.8984928507020512,1.1531695875952819,0.6124567474048457,1.3171454334664463,2.1586665161274334,1788929520,3104.8,0.489564545220289,0.489564545220289,-0.489564545220289,0.9437000772996473,0.9791290904406003,0.689255346560147,0.689255346560147,-0.689255346560147,1.0209997423344497,1.0564287554754026,0.9243751610409578,0.9243751610409578,-0.9243751610409578,1.188482349909803,1.2239113630507559,993849
BSE_EQ|532921,Adani Ports & SEZ,b3851fd9a1759ddc1e496974,1788929704.59084,10:25:04,VWAP_REVERSION,6,SHORT,False,False,False,maximum_concurrent_trade_slots_in_use,0.03981,278.2675715274104,6,96.8173,278.2675715274104,99.9538745387454,1.0882227589146236,96.81734317343174,25719332.750003815,90.63653136531366,0.3200000000000115,0.050715435017354746,0.7887780037540676,97.09409594095942,15,0.8394934387714326,1.0,1.0910640716010822,1.6843869178319704,0.8293029871977244,1.9462991902258844,3.6811734587974816,1788929760,1758.7,-0.540171717746063,0.540171717746063,0.540171717746063,0.540171717746063,0.540171717746063,-0.40939330187069745,0.40939330187069745,0.40939330187069745,0.6283049980098876,0.6283049980098876,-0.09666230738614168,0.09666230738614168,0.09666230738614168,0.6283049980098876,0.8671177574344546,993849
NSE_EQ|25984,Aditya Vision,d567c85d75d3ad114b132ca5,1788935014.297446,11:53:34,VWAP_REVERSION,9,LONG,False,False,False,account_analysis_capacity_in_use,0.08065,8.345619419253508,9,96.0891,8.345619419253508,96.08910891089108,1.0000000000000073,97.97029702970296,21625268.049999923,91.33663366336634,0.018766756032172364,-0.08887769454239064,0.13728821576232844,68.26732673267327,15,-0.008068420203333204,0.07692307692318455,0.06455256999918943,-0.06451092653817492,0.22222222222222923,0.29855563624627174,0.03991596638655462,1788935040,620.0,0.0,0.0,0.0,0.10483870967741282,0.17741935483870375,0.10483870967741282,0.10483870967741282,0.10483870967741282,0.1290322580645098,0.23387096774192262,0.0,0.0,0.0,0.1290322580645098,0.23387096774192262,993852
BSE_EQ|500003,Aegis Logistics,5af61837785df5399e5eff90,1788937267.106343,12:31:07,OPENING_RANGE_ACCEPTANCE,8,LONG,False,False,False,maximum_concurrent_trade_slots_in_use,0.15702,6.7305205017742855,8,94.7546,6.7305205017742855,94.75457170356111,0.7551966502168488,96.96823869104908,635483.6499999762,43.07025986525505,0.6867469879518164,0.08911434055387679,0.6490598082861491,98.12319538017324,15,0.6477854775534864,0.9347826086956624,0.6660679538991237,0.693293142426521,0.585987261146498,0.7633587786259576,1.8135048231511253,1788937320,1336.1,-0.11600928074245731,0.11600928074245731,-0.11600928074245731,0.26569867524885993,0.26569867524885993,-0.15717386423170776,0.15717386423170776,-0.15717386423170776,0.26569867524885993,0.26569867524885993,-0.3592545468153574,0.3592545468153574,-0.3592545468153574,0.456552653244513,0.456552653244513,993854
BSE_EQ|500003,Aegis Logistics,f5956321a5a561f6fc9fa44f,1788937269.17298,12:31:09,VOLATILITY_IGNITION,9,LONG,False,False,False,maximum_concurrent_trade_slots_in_use,0.15702,6.7298798706440595,9,94.6377,6.7298798706440595,94.6376811594203,0.7551966502168488,97.05314009661836,628847.1499999762,42.36714975845411,0.6867469879518164,0.08836051088440107,0.6725827574046169,98.21256038647344,15,0.6477854775534864,0.9347826086956624,0.6660679538991237,0.693293142426521,0.585987261146498,0.7633587786259576,1.8135048231511253,1788937320,1336.1,-0.11600928074245731,0.11600928074245731,-0.11600928074245731,0.26569867524885993,0.26569867524885993,-0.15717386423170776,0.15717386423170776,-0.15717386423170776,0.26569867524885993,0.26569867524885993,-0.3592545468153574,0.3592545468153574,-0.3592545468153574,0.456552653244513,0.456552653244513,993854
BSE_EQ|500003,Aegis Logistics,9a5be403fea08b41b323e12c,1788943716.07685,14:18:36,OPENING_RANGE_ACCEPTANCE,8,LONG,False,False,False,maximum_concurrent_trade_slots_in_use,0.13161,5.610897411959133,8,95.0425,5.610897411959133,95.04249291784703,0.9964653681281491,98.81964117091596,6510175.949999988,80.21718602455147,1.0,-0.014256183619648262,-0.6060726654087488,98.06421152030217,15,-0.6203288490283954,0.5804195804195791,0.9964653681281491,-0.7982691733810832,0.5270935960591168,1.1769572083928774,2.195819581958196,1788943740,1329.7,0.2594570203805491,0.2594570203805491,0.2594570203805491,0.44746935398962684,0.5113935474167275,1.0566293148830619,1.0566293148830619,1.0566293148830619,1.1506354816875897,1.2145596751146903,0.8272542678799732,0.8272542678799732,0.8272542678799732,1.1506354816875897,1.2145596751146903,993857
NSE_EQ|14398,Amd Industries,65dbbbf9d4895edec07048bc,1788928856.530221,10:10:56,OPENING_RANGE_ACCEPTANCE,9,SHORT,False,False,False,account_analysis_capacity_in_use,0.18768,19.8814489571899,9,96.3742,19.8814489571899,97.98567591763653,0.9895922197577176,96.37421665174574,51668.03000000026,7.743957027752909,1.0,-0.05614035087719298,-0.923754901699253,98.07520143240824,14,-0.9798952525764459,1.0,0.9895922197577176,,,,,1788928860,58.61,0.15355741341067652,0.15355741341067652,-0.15355741341067652,0.15355741341067652,0.15355741341067652,-0.7507251322299902,0.7507251322299902,0.7507251322299902,0.7507251322299902,0.9042825456406667,-0.08530967411704005,0.08530967411704005,0.08530967411704005,0.7507251322299902,0.9042825456406667,993849
NSE_EQ|166,Andhra Paper,5d165254de7658a3d1bc267d,1788928726.854134,10:08:46,VWAP_REVERSION,4,LONG,True,True,False,ai_ran,0.08763,31.603346905342633,4,98.7957,31.603346905342633,99.06333630686886,1.577102803738336,98.7957181088314,11658718.030000001,83.89830508474576,0.012987012987001481,0.0,-0.9545849002024827,98.61730597680642,15,-1.3714450700158864,0.9223300970873931,1.6100702576112538,-2.162394386366895,0.8342541436464171,2.3419203747072728,2.548694950798516,1788928740,68.3,-0.5417276720351305,0.5417276720351305,-0.5417276720351305,0.7467057101024799,1.0541727672035095,0.8784773060029449,0.8784773060029449,0.8784773060029449,1.874084919472918,2.620790629575398,0.8199121522693975,0.8199121522693975,0.8199121522693975,1.874084919472918,2.620790629575398,993849
NSE_EQ|166,Andhra Paper,97a5cc37e50a5d7132aa01af,1788929034.670422,10:13:54,VWAP_REVERSION,6,LONG,False,False,False,account_analysis_capacity_in_use,0.01472,35.86376195582852,6,97.3805,35.86376195582852,99.12683823529412,1.1335197997938995,97.38051470588235,15841544.970000014,88.28125,0.2187500000000104,0.0,-0.7016518052916091,96.64522058823529,15,-0.7611241217798548,0.787878787878769,1.0619469026548656,-2.739922536221484,0.8967136150234745,2.8318584070796278,2.020097232679848,1788929040,67.93,1.869571617841892,1.869571617841892,1.869571617841892,2.4289709995583664,2.4289709995583664,1.5015457088178863,1.5015457088178863,1.5015457088178863,2.4289709995583664,2.4289709995583664,1.427940527013094,1.427940527013094,1.427940527013094,2.4289709995583664,2.4289709995583664,993849
NSE_EQ|166,Andhra Paper,320473c3f130b6e255c120fd,1788932752.738976,11:15:52,OPENING_RANGE_ACCEPTANCE,1,SHORT,False,False,False,maximum_concurrent_trade_slots_in_use,0.11486,29.59461229458174,1,98.9716,29.59461229458174,98.97159647404506,1.4357501794687724,99.55925563173359,3677233.230000034,70.37218413320274,0.7647058823528429,-0.034602076124575346,1.1378100888985703,99.65719882468169,15,1.1322398025838343,0.7959183673469482,1.4353380221042056,1.1762997386000507,0.543624161073834,1.5501650638725395,8.480241541603766,1788932760,69.65,-0.4307250538406526,0.4307250538406526,0.4307250538406526,0.6891600861450131,0.6891600861450131,-0.7609475951184552,0.7609475951184552,0.7609475951184552,1.0337401292175197,1.3496051687006516,-0.6173725771715821,0.6173725771715821,0.6173725771715821,1.0337401292175197,1.3496051687006516,993851
NSE_EQ|166,Andhra Paper,216061f8fea2f2d3b2a85ea3,1788933232.446056,11:23:52,VOLATILITY_IGNITION,3,LONG,False,False,False,maximum_concurrent_trade_slots_in_use,0.0859,30.090439153220494,3,97.7576,30.090439153220494,99.18893129770993,0.9448818897637746,97.75763358778626,3010633.949999973,69.70419847328245,0.6216216216216175,-0.01619991211161192,0.7371804456372067,98.42557251908397,15,-0.04319032536710399,0.11111111111105262,0.41768687887079364,0.6377735903754234,0.2650602409638609,1.4979115656056547,0.4841607797769956,1788933240,69.65,-0.9045226130653394,0.9045226130653394,-0.9045226130653394,1.0337401292175197,1.3496051687006516,-0.933237616654714,0.933237616654714,-0.933237616654714,1.0337401292175197,1.3496051687006516,-1.234745154343142,1.234745154343142,-1.234745154343142,1.4213926776740937,1.7372577171572257,993851
NSE_EQ|166,Andhra Paper,30760777c762a29cd24bfa2d,1788933431.668327,11:27:11,OPENING_RANGE_ACCEPTANCE,8,SHORT,False,False,False,maximum_concurrent_trade_slots_in_use,0.08657,29.2550520936104,8,96.9914,29.2550520936104,99.09264565425025,0.8656759486365727,96.99140401146131,6206576.220000029,80.37249283667622,0.5789473684210998,0.0,-0.14407145944387598,69.77077363896849,15,-0.144071459443873,0.17241379310343477,0.8656759486365726,0.47839953609740693,0.17647058823529144,1.3129418554321115,1.8352258298567024,1788933480,69.2,-0.14450867052023808,0.14450867052023808,0.14450867052023808,0.39017341040461506,0.46242774566471745,0.07225433526010239,0.07225433526010239,-0.07225433526010239,0.39017341040461506,0.46242774566471745,-0.6358381502890142,0.6358381502890142,0.6358381502890142,0.7803468208092523,0.9971098265895817,993851
NSE_EQ|166,Andhra Paper,9c6c684e02b6ad689a093b89,1788934795.981914,11:49:55,OPENING_RANGE_ACCEPTANCE,9,SHORT,False,False,False,maximum_concurrent_trade_slots_in_use,0.07252,24.276611031838396,9,96.446,24.276611031838396,98.78286270691335,0.7831762146482842,96.44595910418695,1650940.5700000226,60.51606621226875,1.0,-0.018765246762995645,-0.2127497293620175,82.91139240506328,15,-0.014475969889993223,0.03448275862070655,0.781815549442583,0.11595883461370526,0.08000000000000171,0.781815549442583,1.1532505326612275,1788934800,69.02,-0.31874818893073975,0.31874818893073975,0.31874818893073975,0.5215879455230388,0.6809620399884198,-0.1883512025499745,0.1883512025499745,0.1883512025499745,0.6664734859460952,0.8258475804114762,-0.20283975659228792,0.20283975659228792,0.20283975659228792,0.6664734859460952,0.8258475804114762,993852
NSE_EQ|166,Andhra Paper,06a82e17b57bdab79e39a419,1788935248.18335,11:57:28,OPENING_RANGE_ACCEPTANCE,7,SHORT,False,False,False,maximum_concurrent_trade_slots_in_use,0.04363,24.4394823067133,7,97.1754,24.4394823067133,98.66204162537166,0.7853403141361346,97.17542120911794,2223012.870000094,65.26263627353815,1.0,-0.021628636314485288,-0.2539333651358377,88.94945490584738,15,-0.4773614928395786,0.9428571428571916,0.6831395348837193,-0.4197423650311283,0.27619047619049036,1.0029069767441827,0.11314854299928927,1788935280,68.76,0.18906340895870066,0.18906340895870066,-0.18906340895870066,0.3199534613147259,0.6108202443281141,0.10180337405467643,0.10180337405467643,-0.10180337405467643,0.3635834787667269,0.6544502617801151,0.3490401396160525,0.3490401396160525,-0.3490401396160525,0.40721349621872793,0.6980802792321161,993852
NSE_EQ|166,Andhra Paper,705b0e37ca368e2fb5a31297,1788935746.938807,12:05:46,OPENING_RANGE_ACCEPTANCE,8,SHORT,False,False,False,maximum_concurrent_trade_slots_in_use,0.05814,24.54404382620403,8,96.3016,24.54404382620403,98.89529298751201,0.6540697674418646,96.30163304514889,1395480.0999999344,54.610951008645536,1.0,-0.034083162917507126,0.09225651952017153,53.07396733909702,15,0.2036363636363614,0.38888888888889106,0.6532152707214441,-0.1883512025499745,0.14285714285714285,0.8274060095804807,1.1438192568228984,1788935760,68.8,-0.029069767441858296,0.029069767441858296,0.029069767441858296,0.29069767441860517,0.5232558139534937,0.11627906976743319,0.11627906976743319,-0.11627906976743319,0.29069767441860517,0.5377906976744118,0.5087209302325757,0.5087209302325757,-0.5087209302325757,0.6395348837209269,0.9302325581395321,993853
NSE_EQ|166,Andhra Paper,568f4388825b042d5e94b088,1788938011.099111,12:43:31,OPENING_RANGE_ACCEPTANCE,6,SHORT,False,False,False,maximum_concurrent_trade_slots_in_use,0.10188,20.388077950602643,6,96.8231,20.388077950602643,98.68035190615836,0.7713578809489174,96.82306940371457,1377789.9999999702,56.54936461388075,0.5121951219512076,0.03422606314707483,-0.4977926284085661,97.31182795698925,15,-0.3042155584528583,0.6363636363636364,0.6684103458296916,-0.2608695652174031,0.14516129032258177,0.7410636442894583,1.9848943887347983,1788938040,69.01,-0.24634110998406067,0.24634110998406067,0.24634110998406067,0.3912476452687885,0.7100420228952187,-0.1738878423416912,0.1738878423416912,0.1738878423416912,0.3912476452687885,0.7100420228952187,-0.4492102593827041,0.4492102593827041,0.4492102593827041,0.5941167946674542,0.9853644399362427,993854
NSE_EQ|166,Andhra Paper,ab2f51518121fd8d4bbf3b18,1788938351.858542,12:49:11,OPENING_RANGE_ACCEPTANCE,10,SHORT,False,False,False,maximum_concurrent_trade_slots_in_use,0.11621,20.432971957024773,10,95.9821,20.432971957024773,98.95833333333334,0.7117954677512999,95.98214285714286,388489.0799999535,33.97817460317461,1.0,0.0,-0.11607661056296908,64.33531746031747,15,-0.24634110998406067,0.6296296296296452,0.7117954677512999,-0.2318840579710102,0.11764705882352326,0.8425334108076881,0.5817151848937844,1788938400,68.84,0.08715862870425362,0.08715862870425362,-0.08715862870425362,0.29052876234747504,0.34863451481698116,0.21789657176058963,0.21789657176058963,-0.21789657176058963,0.5810575246949279,0.639163277164434,-0.04357931435212681,0.04357931435212681,0.04357931435212681,0.5810575246949279,0.929692039511909,993854
NSE_EQ|166,Andhra Paper,6e1ccbd68ee3385db39bc20c,1788939442.031577,13:07:22,OPENING_RANGE_ACCEPTANCE,8,SHORT,False,False,False,maximum_concurrent_trade_slots_in_use,0.1455,26.805894422206922,8,96.9682,26.805894422206922,99.15506958250498,0.742034046267992,96.96819085487077,282384.2699999809,30.467196819085483,1.0,-0.03012351123567156,-0.20213080724305768,82.45526838966202,15,-0.10156703424261115,0.24137931034484786,0.5664488017429202,-0.04355400696863798,0.054545454545455486,0.5664488017429202,1.285224753073977,1788939480,68.73,-0.07274843590862057,0.07274843590862057,0.07274843590862057,0.20369562054416424,0.3928415539066088,0.0,0.0,-0.0,0.3782918667248447,0.5674378000872893,-0.160046558998983,0.160046558998983,0.160046558998983,0.48013967699693794,0.8584315437217827,993855
NSE_EQ|166,Andhra Paper,60856fb42e5e367494c7881f,1788940254.322978,13:20:54,OPENING_RANGE_ACCEPTANCE,6,SHORT,False,False,False,account_analysis_capacity_in_use,0.01456,18.615449656763317,6,95.5838,18.615449656763317,98.83248730964466,0.5676855895196514,95.58375634517766,571745.6799999774,41.370558375634516,1.0,0.0,-0.3770301624129799,94.9746192893401,15,-0.26090737788083684,0.29999999999998345,0.5667780845807303,-0.26090737788083684,0.11249999999999678,0.5667780845807303,1.6411561164258088,1788940260,68.7,-0.029112081513826826,0.029112081513826826,0.029112081513826826,0.07278020378456151,0.10189228529838834,-0.08733624454149158,0.08733624454149158,0.08733624454149158,0.4366812227074246,0.5094614264919861,-0.14556040756915634,0.14556040756915634,0.14556040756915634,0.6986899563318882,1.1790393013100475,993855
NSE_EQ|166,Andhra Paper,84fab14a6fe9986a8d5d2632,1788941304.860274,13:38:24,VOLATILITY_IGNITION,7,LONG,False,False,False,maximum_concurrent_trade_slots_in_use,0.08716,18.473984726193667,7,96.9652,18.473984726193667,98.65671641791045,0.6391632771644359,96.96517412935324,1057918.6100000143,52.68656716417911,1.0,-0.022381378692932573,0.5040628850423681,97.76119402985076,15,0.029154518950447184,0.03846153846155948,0.510055377440971,-0.160046558998983,0.12359550561798076,0.510055377440971,1.3461750604607747,1788941340,68.55,0.17505470459520112,0.17505470459520112,0.17505470459520112,0.4230488694383805,0.6856309263311489,0.08752735229760056,0.08752735229760056,0.08752735229760056,0.9190371991247392,1.1816192560175076,-0.04376367614880028,0.04376367614880028,-0.04376367614880028,0.9190371991247392,1.1816192560175076,993856
NSE_EQ|166,Andhra Paper,5cb5150b08ad6d5b7dea256e,1788943795.078515,14:19:55,VOLATILITY_IGNITION,10,LONG,False,False,False,maximum_concurrent_trade_slots_in_use,0.07268,19.53974193096293,10,95.4239,19.53974193096293,98.69942196531792,0.5960168629161166,95.42389210019267,1807518.6899999976,63.631984585741804,0.6666666666666893,0.0,0.5407775504238593,97.44701348747591,15,0.014598540145982497,0.05882352941179421,0.2919281856663302,-0.13119533527695681,0.15254237288134043,0.35031382279960455,0.9314305016044586,1788943800,68.79,0.3343509230992803,0.3343509230992803,0.3343509230992803,0.8722197993894287,0.8722197993894287,0.08722197993893399,0.08722197993893399,0.08722197993893399,0.9449047826718848,0.9449047826718848,-0.1162959732519453,0.1162959732519453,-0.1162959732519453,0.9449047826718848,1.0612007559238301,993857
NSE_EQ|166,Andhra Paper,7a7f6c35aa508099708572dc,1788944527.045852,14:32:07,OPENING_RANGE_ACCEPTANCE,9,SHORT,False,False,False,dhan_authorization_or_ip_unavailable,0.07266,27.413282152684125,9,95.6501,27.413282152684125,99.20486435921421,0.6394419415782556,95.65014031805426,1895302.360000074,62.628624883068284,0.5199999999999818,-0.02648889673745189,-0.6088901646343859,97.89522918615529,15,-0.6353790613718324,1.0,0.6394419415782556,0.4378922784994854,0.15957446808510406,1.3515477401540366,0.7781354941604177,1788944580,68.89,0.261286108288572,0.261286108288572,-0.261286108288572,0.261286108288572,0.3193496879082658,-0.043547684714762,0.043547684714762,0.043547684714762,0.261286108288572,0.37741326752793736,-0.9145013790100132,0.9145013790100132,0.9145013790100132,1.2919146465379616,1.5532007548265336,993858
NSE_EQ|758968,Anlon Healthcare,632cd0d4714245cb32d86b32,1788931699.941304,10:58:19,VWAP_REVERSION,8,SHORT,False,False,False,maximum_concurrent_trade_slots_in_use,0.12085,9.44408820902999,8,95.9709,9.44408820902999,95.97087378640776,2.595051297525647,99.9514563106796,21393987.869999975,92.18446601941747,0.01818181818182053,0.052932953459900775,1.5411810870060807,99.75728155339806,15,1.9559902200489088,1.0,2.577937649880094,2.5199754148740094,0.6507936507936594,2.637889688249408,1.8520238017393578,1788931740,16.56,-0.48309178743960457,0.48309178743960457,0.48309178743960457,1.8115942028985366,1.8719806763284996,-1.8115942028985366,1.8115942028985366,1.8115942028985366,2.0531400966183555,2.1135265700483186,-2.717391304347827,2.717391304347827,2.717391304347827,2.717391304347827,2.77777777777779,993850
NSE_EQ|758968,Anlon Healthcare,2ba7a4d1be01a045eae00c59,1788938605.949018,12:53:25,OPENING_RANGE_ACCEPTANCE,8,LONG,False,False,False,maximum_concurrent_trade_slots_in_use,0.12353,9.203978663503788,8,95.9378,9.203978663503788,96.5396188565697,0.617665225447816,95.93781344032097,409488.24000000954,34.7542627883651,0.5000000000000222,0.0,0.6215040397762674,98.34503510531594,15,0.43424317617866137,0.53846153846153,0.617665225447816,0.6840796019900619,0.4074074074074191,0.7411982705373749,1.2220274348918327,1788938640,16.17,0.3092145949288527,0.3092145949288527,0.3092145949288527,0.3092145949288527,0.3092145949288527,0.9276437847866248,0.9276437847866248,0.9276437847866248,0.9276437847866248,0.9276437847866248,0.5565862708719838,0.5565862708719838,0.5565862708719838,0.9276437847866248,0.9276437847866248,993854
NSE_EQ|758968,Anlon Healthcare,3014b2f8e917f062fa5e92dc,1788939732.12608,13:12:12,OPENING_RANGE_ACCEPTANCE,9,LONG,False,False,False,maximum_concurrent_trade_slots_in_use,0.123,8.783468287749997,9,96.1268,8.783468287749997,96.12676056338029,0.7380073800738068,96.83098591549296,785527.5799999833,46.42857142857143,1.0,-0.04395769099213332,-0.14020437162295316,73.18913480885311,15,-0.3678724708767511,0.7499999999999667,0.7384615384615446,0.30864197530864335,0.20000000000000567,0.9230769230769144,0.8805745190176434,1788939780,16.28,-0.3685503685503799,0.3685503685503799,-0.3685503685503799,0.49140049140050657,0.6142506142506221,0.06142506142505777,0.06142506142505777,0.06142506142505777,0.49140049140050657,0.6142506142506221,0.1842751842751733,0.1842751842751733,0.1842751842751733,0.6142506142505999,1.1056511056511065,993855
NSE_EQ|758968,Anlon Healthcare,88b93333791b7357bc3a9f95,1788943033.201269,14:07:13,VWAP_REVERSION,10,LONG,False,False,False,maximum_concurrent_trade_slots_in_use,0.12523,10.171712310580556,10,93.75,10.171712310580556,96.40748031496062,0.5009392611145903,93.75,1902374.7900000215,65.10826771653542,0.23076923076921815,0.0,0.31407035175879844,94.14370078740157,15,0.37712130735387817,0.37500000000000694,0.5635566687539126,-2.3241590214067354,0.5135135135135144,2.8177833437695745,0.19103768175135388,1788943080,15.97,0.18785222291797243,0.18785222291797243,0.18785222291797243,0.18785222291797243,0.3130870381966244,1.8785222291797021,1.8785222291797021,1.8785222291797021,2.0663744520976746,2.1916092673763266,1.440200375704448,1.440200375704448,1.440200375704448,2.0663744520976746,2.1916092673763266,993857
NSE_EQ|3727,Anmol,00edabebac9ec35fa0347d0a,1788928678.397941,10:07:58,VOLATILITY_IGNITION,7,LONG,False,False,False,maximum_concurrent_trade_slots_in_use,0.1692,13.969651240778001,7,97.5599,13.969651240778001,97.55989352262644,2.0304568527918803,99.68944099378882,57396.5199999999,7.941437444543034,1.0,-0.011204481792722818,2.083743341896352,99.95563442768412,15,1.6435986159169413,1.0,1.6170212765957404,-2.4896265560165998,0.24193548387096792,4.851063829787236,0.07718348002708193,1788928680,11.82,-0.16920473773265332,0.16920473773265332,-0.16920473773265332,1.3536379018612488,1.522842639593902,1.8612521150592087,1.8612521150592087,1.8612521150592087,2.284263959390853,2.4534686971235065,9.137055837563457,9.137055837563457,9.137055837563457,9.137055837563457,9.306260575296111,993849
NSE_EQ|3727,Anmol,ffca8520e47528babc39ce13,1788928682.147327,10:08:02,OPENING_RANGE_ACCEPTANCE,7,LONG,False,False,False,maximum_concurrent_trade_slots_in_use,0.1692,13.969651240778001,7,97.5599,13.969651240778001,97.55989352262644,2.0304568527918803,99.68944099378882,57396.5199999999,7.941437444543034,1.0,-0.011204481792722818,2.083743341896352,99.95563442768412,15,2.0725388601036343,1.0,2.03045685279188,-2.3140495867768562,0.22222222222222113,4.822335025380713,3.388850174216028,1788928740,11.95,-0.8368200836820106,0.8368200836820106,-0.8368200836820106,1.2552301255229992,1.5062761506276168,0.8368200836820217,0.8368200836820217,0.8368200836820217,1.2552301255229992,2.4267782426778073,7.8661087866108925,7.8661087866108925,7.8661087866108925,7.949790794979084,9.205020920502083,993849
NSE_EQ|13598,Antelopus Selan Energy,b6984dcd77f8493a5a4f2da0,1788925558.728659,09:15:58,GAP_REJECTION,1,SHORT,False,False,False,not_dispatched,0.16193,219.33539183597227,1,98.9203,219.33539183597227,98.9202657807309,4.820490367775828,99.75083056478405,187448924.15000007,97.9235880398671,0.15919205751454912,0.045480697619603896,2.0327315928831897,98.58803986710963,1,,,,,,,,1788925560,1138.35,0.23279307770018853,0.23279307770018853,-0.23279307770018853,1.3308736328896953,2.235692010365875,1.22545789959152,1.22545789959152,-1.22545789959152,2.292792199235749,3.6236658321254445,4.436245442965703,4.436245442965703,-4.436245442965703,4.712961742873456,6.043835375763152,993847
NSE_EQ|13598,Antelopus Selan Energy,8c3432c46da32f091f665001,1788925905.04757,09:21:45,GAP_REJECTION,9,SHORT,False,False,False,account_analysis_capacity_in_use,0.0703,107.4263629279632,9,96.8056,107.4263629279632,99.12037037037037,2.3337581857337653,96.80555555555556,366654575.1500001,98.00925925925927,0.17469050894085075,-0.11654775356362214,0.6867387012298213,80.41666666666667,7,0.23279307770018853,0.09618874773140171,2.2304995617879095,,,,,1788925920,1138.05,1.313650542594802,1.313650542594802,-1.313650542594802,1.4454549448618348,1.9770660340055368,3.303897016827051,3.303897016827051,-3.303897016827051,3.7871798251394972,4.318790914283199,5.852115460656404,5.852115460656404,-5.852115460656404,6.497957031764856,7.029568120908558,993847
NSE_EQ|28314,Anuh Pharma,71169e979c06a649d456fc93,1788927540.915306,09:49:00,VWAP_REVERSION,10,LONG,False,False,False,maximum_concurrent_trade_slots_in_use,0.1758,28.89762186745375,10,96.3737,28.89762186745375,98.76279863481228,1.1685625646328806,96.37372013651877,1190920.9099999964,43.5580204778157,0.08074534161491428,-0.11037193771009551,-0.7609760889428971,96.45904436860067,15,-0.9221311475409721,0.633802816901389,1.2202688728024742,-2.323232323232316,0.4791666666666635,2.6680455015511875,0.8968120131695174,1788927600,96.7,0.31023784901758056,0.31023784901758056,0.31023784901758056,0.31023784901758056,0.3929679420889287,-0.07238883143744212,0.07238883143744212,-0.07238883143744212,0.31023784901758056,0.4136504653567852,1.1685625646328912,1.1685625646328912,1.1685625646328912,1.2202688728024658,1.4064115822130185,993848
NSE_EQ|28314,Anuh Pharma,0b9a9aeeead79c1ab8949f76,1788932021.395797,11:03:41,VOLATILITY_IGNITION,2,SHORT,False,False,False,maximum_concurrent_trade_slots_in_use,0.17524,16.736015257783453,2,98.2246,16.736015257783453,98.22456813819578,1.0818050690294634,98.41650671785028,774578.1500000022,42.658349328214975,0.6231884057971057,0.028830708910518775,-1.0990580048028817,99.4721689059501,15,-0.7937315559173763,1.0,0.8000820596984318,-0.8038258038258084,0.49685534591194813,0.8821417581290384,2.1717602868362644,1788932040,97.08,0.24721878862792313,0.24721878862792313,-0.24721878862792313,0.3708281829418958,0.5356407086938519,0.5459414915533589,0.5459414915533589,-0.5459414915533589,0.5459414915533589,0.7107540173053151,1.1845900288421918,1.1845900288421918,-1.1845900288421918,1.3803049031726466,1.5451174289246028,993851
NSE_EQ|28314,Anuh Pharma,15e70dc3631bb13ceaac01e1,1788946029.103168,14:57:09,VWAP_REVERSION,6,LONG,False,False,False,dhan_authorization_or_ip_unavailable,0.09269,13.281747981022908,6,98.0071,13.281747981022908,98.00708591674048,1.143151390319258,98.27280779450841,1302012.4699999988,47.874224977856514,0.4306569343065704,0.0,-0.41025641025641607,93.66696191319753,15,-0.7179487179487243,0.5147058823529435,1.1466942148760324,-1.0528467750178905,0.3857677902621704,1.3326446280991802,6.359344894026975,1788946080,97.1,0.2574665293511913,0.2574665293511913,0.2574665293511913,0.2986611740473766,0.2986611740473766,-0.3089598352214229,0.3089598352214229,-0.3089598352214229,0.6179196704428347,0.9165808444902113,-0.09268795056641688,0.09268795056641688,-0.09268795056641688,1.0195674562306856,1.3182286302780621,993858
NSE_EQ|4568,Atlas Cycle (Haryana),510fda5dc315257739abfe04,1788925946.934367,09:22:26,GAP_REJECTION,1,SHORT,True,True,True,ai_ran,0.06481,4502.72664663634,1,99.778,4502.72664663634,99.86678507992896,3.7777777777777763,99.77797513321492,2871182.170000001,44.00532859680284,0.7571157495256163,-0.09947102551438859,-3.0395424274004097,99.51154529307283,8,0.08071748878923923,0.04761904761904977,1.164978940765299,,,,,1788925980,108.4,1.4760147601476037,1.4760147601476037,-1.4760147601476037,3.090405904059046,3.090405904059046,1.0424354243542489,1.0424354243542489,-1.0424354243542489,3.090405904059046,3.090405904059046,0.46125461254613587,0.46125461254613587,-0.46125461254613587,3.090405904059046,3.090405904059046,993847
NSE_EQ|4568,Atlas Cycle (Haryana),1ed10813a948b754318d5036,1788925950.22532,09:22:30,OPENING_DRIVE,1,SHORT,False,False,False,assigned_stock_analysis_already_active,0.06481,4450.714001127081,1,99.7772,4450.714001127081,99.8663101604278,3.7777777777777763,99.77718360071302,2828700.670000001,43.53832442067736,0.7571157495256163,-0.09319797291016907,-3.045815480004629,99.42067736185383,8,0.08071748878923923,0.04761904761904977,1.164978940765299,,,,,1788925980,108.4,1.4760147601476037,1.4760147601476037,-1.4760147601476037,3.090405904059046,3.090405904059046,1.0424354243542489,1.0424354243542489,-1.0424354243542489,3.090405904059046,3.090405904059046,0.46125461254613587,0.46125461254613587,-0.46125461254613587,3.090405904059046,3.090405904059046,993847
NSE_EQ|4568,Atlas Cycle (Haryana),7caebd506e4819e230875d33,1788926040.443293,09:24:00,VWAP_REVERSION,2,LONG,False,False,False,assigned_stock_analysis_already_active,0.04593,3434.6587458451404,2,99.5979,3434.6587458451404,99.77658623771224,3.739090491502061,99.59785522788204,1977045.1100000013,39.812332439678286,0.0,-0.08797653958944615,-2.201071934378248,98.97229669347631,10,-2.289048473967692,0.6836461126005411,3.6747818098300415,,,,,1788926100,109.45,0.5116491548652347,0.5116491548652347,0.5116491548652347,2.1014161717679336,2.5125628140703626,-0.8679762448606687,0.8679762448606687,-0.8679762448606687,2.1014161717679336,3.0333485609867483,-0.41114664230242903,0.41114664230242903,-0.41114664230242903,2.1014161717679336,3.0333485609867483,993847
NSE_EQ|4568,Atlas Cycle (Haryana),59499f83bbf2ebfa729689d7,1788928844.988975,10:10:44,VOLATILITY_IGNITION,4,LONG,False,False,False,account_analysis_capacity_in_use,0.07248,465.5003707574495,4,98.3288,465.5003707574495,99.86449864498645,1.1151405258386256,98.32881662149956,245430.22999999858,21.725383920505873,1.0,-0.060151767536551666,0.8643923085710934,97.78681120144535,14,,,,,,,,1788928860,110.8,-0.27075812274367506,0.27075812274367506,-0.27075812274367506,0.6768953068592043,0.839350180505416,0.20758122743682605,0.20758122743682605,0.20758122743682605,0.6768953068592043,1.1642599277978394,-1.2635379061371799,1.2635379061371799,-1.2635379061371799,1.4801444043321288,1.9675090252707639,993849
NSE_EQ|4568,Atlas Cycle (Haryana),a53a83e685d80cabc6d8691e,1788942267.692797,13:54:27,VWAP_REVERSION,2,LONG,False,False,False,maximum_concurrent_trade_slots_in_use,0.02778,15.34312062751749,2,98.345,15.34312062751749,98.34503510531594,1.3888888888888888,99.14744232698094,610696.5699999984,44.38314944834503,0.016042780748663915,0.0,-0.9174311926605505,99.34804413239719,9,-1.36697247706421,1.0,1.3952190493907544,,,,,1788942300,108.04,0.05553498704182758,0.05553498704182758,0.05553498704182758,0.05553498704182758,0.0925583117363904,0.14809329877822908,0.14809329877822908,0.14809329877822908,0.42576823398741137,0.4627915586819742,-0.03702332469456282,0.03702332469456282,-0.03702332469456282,0.42576823398741137,0.4627915586819742,993856
NSE_EQ|4568,Atlas Cycle (Haryana),60f1f9e200edf9bce21b8711,1788944902.236513,14:38:22,VWAP_REVERSION,2,LONG,False,False,False,dhan_authorization_or_ip_unavailable,0.13183,75.971641432348,2,99.3998,75.971641432348,99.58448753462605,1.7890772128060315,99.39981532779316,459751.8000000082,29.50138504155125,0.11392405063291276,-0.08285766893758893,-1.1264446566438038,99.03047091412742,15,-1.3488372093023338,0.6170212765957437,1.791607732201797,-1.8055555555555602,0.6842105263157884,1.8387553041018414,100.68639053254438,1788944940,106.25,0.6117647058823561,0.6117647058823561,0.6117647058823561,1.0164705882352854,1.0164705882352854,1.0352941176470454,1.0352941176470454,1.0352941176470454,1.17647058823529,1.17647058823529,0.9882352941176453,0.9882352941176453,0.9882352941176453,2.042352941176473,2.042352941176473,993858
NSE_EQ|4568,Atlas Cycle (Haryana),3e553000c46bf98b286ddc4e,1788944970.679125,14:39:30,VOLATILITY_IGNITION,2,LONG,False,False,False,dhan_authorization_or_ip_unavailable,0.13133,76.12016342225427,2,99.4995,76.12016342225427,99.59053685168335,1.7823639774859341,99.49954504094632,491274.2000000067,32.074613284804364,1.0,-0.08665511265163332,-1.1547753116581716,99.13557779799818,15,-1.1627906976744207,0.49019607843137036,1.7882352941176525,-1.620370370370372,0.5737704918032765,1.8352941176470614,3.4216464688675305,1788945000,106.6,0.2814258911820078,0.2814258911820078,0.2814258911820078,0.6848030018761664,0.7223264540337615,0.6097560975609762,0.6097560975609762,0.6097560975609762,0.8442776735459789,0.881801125703574,1.1350844277673522,1.1350844277673522,1.1350844277673522,1.7073170731707332,1.7448405253283283,993858
NSE_EQ|764613,Axtel Industries,a022279782cea4b1dea3ecd8,1788925833.722308,09:20:33,GAP_REJECTION,3,SHORT,True,True,True,ai_ran,0.19314,198.15141217881043,3,99.5545,198.15141217881043,99.65346534653466,4.478458049886622,99.55445544554455,1582117.7999999993,25.594059405940595,0.30870712401055456,-0.19524021647089665,0.8801717233202117,82.82178217821782,6,-0.7555555555555538,0.10365853658536531,5.53067622033139,,,,,1788925860,442.0,-2.726244343891404,2.726244343891404,2.726244343891404,3.8461538461538436,5.135746606334834,-2.3981900452488714,2.3981900452488714,2.3981900452488714,3.8461538461538436,5.135746606334834,-2.613122171945703,2.613122171945703,2.613122171945703,3.8461538461538436,5.135746606334834,993847
BSE_EQ|542669,BMW Industries,5190af3dd91449c984568c42,1788929609.437792,10:23:29,VWAP_REVERSION,8,SHORT,False,False,False,maximum_concurrent_trade_slots_in_use,0.0531,8.08257355344552,8,94.9454,8.08257355344552,94.94535519125684,0.7964601769911555,95.30965391621129,1225524.300000012,48.861566484517304,0.3181818181818314,0.055444563886675506,-0.5485759481769206,95.30965391621129,15,0.35335689045936647,0.714285714285678,0.7922535211267656,1.0676156583629748,0.4477611940298406,1.426056338028173,1.026660124304874,1788929640,56.6,0.6890459363957602,0.6890459363957602,-0.6890459363957602,0.7067137809187329,1.0600706713780994,0.0,0.0,-0.0,0.7067137809187329,1.0600706713780994,1.1307420494699683,1.1307420494699683,-1.1307420494699683,1.590106007067127,1.9434628975264934,993849
BSE_EQ|542669,BMW Industries,a8a18ef620a11392a4c807d1,1788932150.788223,11:05:50,VWAP_REVERSION,6,SHORT,False,False,False,maximum_concurrent_trade_slots_in_use,0.12339,9.151221160682232,6,96.3816,9.151221160682232,96.38157894736842,1.0223867442270373,97.79135338345864,706966.9699999914,43.18609022556391,0.5833333333333366,-0.030561907638324844,-0.5651976858433702,95.72368421052632,15,-0.2617801047120394,0.24590163934426307,0.402449693788271,0.22799017888459616,0.04126984126984031,1.399825021872261,0.5050938602333556,1788932160,56.72,0.42313117066290484,0.42313117066290484,-0.42313117066290484,0.6523272214386644,1.0225669957687034,0.3173483779971731,0.3173483779971731,-0.3173483779971731,0.6523272214386644,1.0225669957687034,-0.4055007052186088,0.4055007052186088,0.4055007052186088,1.057827926657262,1.7101551480959265,993851
BSE_EQ|542669,BMW Industries,636eeeca610d86ffdbcecdfc,1788934782.612846,11:49:42,OPENING_RANGE_ACCEPTANCE,10,LONG,False,False,False,maximum_concurrent_trade_slots_in_use,0.01767,8.414697557075765,10,95.6931,8.414697557075765,95.6930693069307,1.74942569358543,99.65346534653466,971980.9699999839,50.445544554455445,1.0,-0.019061596696856566,-0.7002366489171725,98.56435643564356,15,-0.736842105263158,0.2692307692307724,2.244609402615758,0.8017103153393768,0.09719222462202956,3.0045952633439303,0.35931294166193845,1788934800,56.6,3.1625441696113032,3.1625441696113032,3.1625441696113032,3.1625441696113032,3.1625441696113032,3.0918727915194344,3.0918727915194344,3.0918727915194344,3.1625441696113032,3.1625441696113032,3.621908127208484,3.621908127208484,3.621908127208484,4.699646643109534,4.699646643109534,993852
BSE_EQ|542669,BMW Industries,9075c7fcfeb5e843d71e93a2,1788935724.999024,12:05:24,VWAP_REVERSION,7,SHORT,False,False,False,maximum_concurrent_trade_slots_in_use,0.08657,9.506365861783845,7,96.3521,9.506365861783845,96.35214007782102,1.4703338522746954,99.65953307392996,1592191.1700000167,55.98249027237354,0.46808510638297746,-0.03129029474452746,0.5529387037168876,97.71400778210116,15,0.6207966890843242,0.3214285714285696,1.4567266495287086,3.0918727915194344,0.48746518105849534,3.0676949443016266,0.4267663110280741,1788935760,57.81,1.8854869399757668,1.8854869399757668,-1.8854869399757668,1.8854869399757668,2.075765438505428,0.6054315862307424,0.6054315862307424,-0.6054315862307424,2.5082165715273996,2.698495070057061,0.20757654385052948,0.20757654385052948,-0.20757654385052948,2.5082165715273996,3.3212247016086938,993853
BSE_EQ|542669,BMW Industries,85ff37735973c7647926ee87,1788935760.532094,12:06:00,VOLATILITY_IGNITION,6,SHORT,False,False,False,maximum_concurrent_trade_slots_in_use,0.06919,9.554794243135637,6,96.6827,9.554794243135637,96.6826923076923,1.262757308424155,99.5673076923077,1270378.4200000018,52.93269230769231,0.8181818181818123,-0.02135641709971353,0.35110303285813915,93.60576923076923,15,0.32974661575841946,0.1472868217054302,1.262757308424155,2.119766825649183,0.29126213592233047,3.0790520671164177,0.6669545757920773,1788935820,58.39,0.8734372324028072,0.8734372324028072,-0.8734372324028072,1.4899811611577274,2.6716903579379947,0.32539818462065107,0.32539818462065107,-0.32539818462065107,1.4899811611577274,2.6716903579379947,-1.4899811611577274,1.4899811611577274,1.4899811611577274,1.7982531255351875,3.288234286692915,993853
BSE_EQ|542669,BMW Industries,cd002e66cbe05c3faaa2f7c5,1788937997.490506,12:43:17,VOLATILITY_IGNITION,6,LONG,False,False,False,maximum_concurrent_trade_slots_in_use,0.1544,10.387230191082507,6,96.693,10.387230191082507,96.69299111549851,1.509692914736666,99.65449160908193,566524.2600000054,39.04244817374136,0.8235294117647112,0.03254149040025386,1.253296910989845,99.75320829220138,15,0.19001554672655185,0.12359550561797682,1.0172413793103507,-0.2579535683576939,0.05119453924914628,1.8275862068965434,1.4750386431048168,1788938040,58.36,-0.6854009595613442,0.6854009595613442,-0.6854009595613442,1.4564770390678605,1.4564770390678605,-0.719671007539413,0.719671007539413,-0.719671007539413,1.4564770390678605,1.4564770390678605,-0.9595613433858841,0.9595613433858841,-0.9595613433858841,1.4564770390678605,1.4564770390678605,993854
BSE_EQ|542669,BMW Industries,2a705bb64de88ea924a9bbf9,1788938000.52747,12:43:20,OPENING_RANGE_ACCEPTANCE,6,LONG,False,False,False,maximum_concurrent_trade_slots_in_use,0.13724,10.387230191082507,6,96.693,10.387230191082507,96.69299111549851,1.509692914736666,99.65449160908193,566524.2600000054,39.04244817374136,0.8235294117647112,0.03254149040025386,1.253296910989845,99.75320829220138,15,0.19001554672655185,0.12359550561797682,1.0172413793103507,-0.2579535683576939,0.05119453924914628,1.8275862068965434,1.4750386431048168,1788938040,58.36,-0.6854009595613442,0.6854009595613442,-0.6854009595613442,1.4564770390678605,1.4564770390678605,-0.719671007539413,0.719671007539413,-0.719671007539413,1.4564770390678605,1.4564770390678605,-0.9595613433858841,0.9595613433858841,-0.9595613433858841,1.4564770390678605,1.4564770390678605,993854
BSE_EQ|542669,BMW Industries,4c5cec52b683b5d9a7d09265,1788940977.87445,13:32:57,OPENING_RANGE_ACCEPTANCE,7,LONG,False,False,False,maximum_concurrent_trade_slots_in_use,0.01735,9.142903921816572,7,96.5676,9.142903921816572,96.56762295081968,0.7805724197745062,97.28483606557377,111214.94999999553,19.825819672131146,0.7142857142857046,0.0,-0.08665511265165383,59.682377049180324,14,-0.34662045060659397,1.0,0.7826086956521788,,,,,1788940980,57.65,-0.2601908065914982,0.2601908065914982,-0.2601908065914982,0.95403295750216,1.006071118820473,-1.4744145706851675,1.4744145706851675,-1.4744145706851675,1.5611448395490002,1.6131830008673131,-1.4917606244579384,1.4917606244579384,-1.4917606244579384,1.977450130095404,2.029488291413717,993856
BSE_EQ|542669,BMW Industries,af9f0772f2d50fdfed229c99,1788941792.793356,13:46:32,OPENING_RANGE_ACCEPTANCE,8,LONG,False,False,False,maximum_concurrent_trade_slots_in_use,0.08772,8.645963618351788,8,95.8374,8.645963618351788,95.83741429970617,1.245614035087721,99.55925563173359,279910.0899999961,31.09696376101861,1.0,0.0,-0.8005569091541956,98.5798237022527,15,0.0,0.0,1.2456140350877207,-1.1960478419136722,0.28870292887029186,1.6491228070175399,0.40489432703003336,1788941820,56.8,-0.17605633802816323,0.17605633802816323,-0.17605633802816323,0.2640845070422504,0.2640845070422504,-0.01760563380280855,0.01760563380280855,-0.01760563380280855,0.5105633802816922,0.5105633802816922,0.35211267605634866,0.35211267605634866,0.35211267605634866,0.7922535211267734,1.3028169014084656,993856
NSE_EQ|13441,Bal Pharma,247b585414911c9aeef846b1,1788925901.694681,09:21:41,VOLATILITY_IGNITION,5,LONG,True,True,True,ai_ran,0.10152,427.11447417757813,5,97.9263,427.11447417757813,99.5852534562212,2.7411167512690384,97.92626728110599,1981040.3099999998,34.331797235023046,0.7647058823529382,-0.11637209978908548,2.0938024756043836,98.0184331797235,7,1.5544041450777257,0.8823529411764618,2.0408163265306123,,,,,1788925920,98.6,-0.57809330628803,0.57809330628803,-0.57809330628803,1.2981744421906694,1.5010141987829684,3.9553752535496978,3.9553752535496978,3.9553752535496978,6.490872210953347,7.789046653144016,3.549695740365122,3.549695740365122,3.549695740365122,6.490872210953347,7.789046653144016,993847
NSE_EQ|13441,Bal Pharma,ccde91b76249e4cfd6bdabea,1788926535.133349,09:32:15,VWAP_REVERSION,1,SHORT,False,False,False,account_analysis_capacity_in_use,0.14388,1625.3119838640378,1,99.7847,1625.3119838640378,99.78466838931955,6.206235011990406,99.95693367786392,4798951.450000001,64.21188630490956,0.11206896551724323,0.08267195767195767,6.2623244719924305,99.95693367786392,15,6.344996429664396,1.0,6.206235011990406,7.93042758049487,0.6614853195164082,8.15347721822542,1.5955496466307466,1788926580,104.79,-2.5574959442694944,2.5574959442694944,2.5574959442694944,2.662467792728318,2.8628685943315135,-2.643382002099448,2.643382002099448,2.643382002099448,2.662467792728318,2.8628685943315135,3.5976715335432674,3.5976715335432674,-3.5976715335432674,4.780990552533626,7.443458345261944,993848
NSE_EQ|27144,Black Buck,bcc67c6ea1a4f80b64e8eff2,1788925531.794241,09:15:31,GAP_REJECTION,7,SHORT,True,True,True,ai_ran,0.14363,60.115190222065216,7,97.2615,60.115190222065216,97.26148409893993,1.6852039096730707,97.26148409893993,20786222.049999997,86.13074204946997,0.2598425196850382,0.0,-1.1000000000000036,94.96466431095406,1,,,,,,,,1788925560,594.4,-0.08411843876177105,0.08411843876177105,0.08411843876177105,0.5720053835800765,0.7150067294750984,-1.9683714670255648,1.9683714670255648,1.9683714670255648,2.3805518169582762,2.7759084791386335,-2.128196500672941,2.128196500672941,2.128196500672941,2.3805518169582762,2.7759084791386335,993847
NSE_EQ|27144,Black Buck,92fa89e1c60808b585168544,1788926012.273924,09:23:32,GAP_REJECTION,9,SHORT,False,False,False,account_analysis_capacity_in_use,0.10263,20.116510291160377,9,97.0826,20.116510291160377,97.08258527827648,2.4884556182657693,98.51885098743267,70331073.95000008,92.3249551166966,0.18543046357615983,-0.1347063547841808,-1.430950210872377,96.54398563734291,9,-1.1952861952861937,0.6826923076922965,1.8742545578463112,,,,,1788926040,584.65,0.042760626015558856,0.042760626015558856,-0.042760626015558856,0.7525870178739402,0.8723167707175405,-0.367741383733855,0.367741383733855,0.367741383733855,0.7525870178739402,0.8723167707175405,-0.8723167707175294,0.8723167707175294,0.8723167707175294,0.9834943983579869,1.1032241512015872,993847
NSE_EQ|27144,Black Buck,1e431065ad557a586ad53ca6,1788926024.638565,09:23:44,VWAP_REVERSION,9,LONG,False,False,False,account_analysis_capacity_in_use,0.05125,19.910566112378557,9,97.1596,19.910566112378557,97.15960324616772,2.4873920847935644,98.78268710550046,59127159.30000006,91.2082957619477,0.1854545454545452,-0.11569610489780616,-1.3912916034705947,96.61857529305681,9,-1.1952861952861937,0.6826923076922965,1.8742545578463112,,,,,1788926040,584.65,0.042760626015558856,0.042760626015558856,0.042760626015558856,0.7525870178739402,0.8723167707175405,-0.367741383733855,0.367741383733855,-0.367741383733855,0.7525870178739402,0.8723167707175405,-0.8723167707175294,0.8723167707175294,-0.8723167707175294,0.9834943983579869,1.1032241512015872,993847
NSE_EQ|8833,Brightcom Group,cbbae06463fa91975deb116a,1788929395.963197,10:19:55,VWAP_REVERSION,7,LONG,False,False,False,maximum_concurrent_trade_slots_in_use,0.1938,7.843705082078663,7,94.8516,7.843705082078663,94.85157699443414,1.1627906976744282,98.00556586270872,3169928.5399999768,66.28014842300557,0.11111111111110233,0.10119021993336086,0.6800597800666398,96.98515769944342,15,0.5853658536585371,0.6000000000000071,1.0669253152279456,-0.19361084220715918,0.07142857142857052,1.8428709990300802,1.8061552121080724,1788929400,10.32,0.29069767441860517,0.29069767441860517,0.29069767441860517,0.29069767441860517,0.4844961240310086,-0.19379844961240345,0.19379844961240345,-0.19379844961240345,0.6782945736434121,1.065891472868219,-0.4844961240310197,0.4844961240310197,-0.4844961240310197,1.0658914728682078,1.4534883720930147,993849
NSE_EQ|2799,Chemfab Alkalis,21e336478272c81500a80a9c,1788933000.095402,11:20:00,VWAP_REVERSION,6,SHORT,False,False,False,maximum_concurrent_trade_slots_in_use,0.06438,9.25785123966942,6,96.3838,9.25785123966942,96.38379942140791,2.5495750708215237,99.85535197685633,1141845.9499999993,51.446480231436844,0.8648648648648645,-0.022727272727269283,-1.423973234886941,99.66248794599807,15,-1.446700507614207,0.802816901408453,2.5495750708215237,1.729106628242083,0.1422413793103454,5.858872006180788,1.5244680851063832,1788933060,381.45,2.438065277231627,2.438065277231627,-2.438065277231627,2.438065277231627,2.438065277231627,-0.20972604535326456,0.20972604535326456,0.20972604535326456,2.438065277231627,2.752654345261507,-0.18351028968409677,0.18351028968409677,0.18351028968409677,2.438065277231627,3.3818324813212786,993851
NSE_EQ|2799,Chemfab Alkalis,4cd716cc6ff27e6e7222c975,1788933005.870165,11:20:05,VOLATILITY_IGNITION,3,SHORT,False,False,False,maximum_concurrent_trade_slots_in_use,0.06438,10.88101019912579,3,97.2517,10.88101019912579,97.25168756027,2.5495750708215237,99.85535197685633,1141845.9499999993,50.86788813886211,0.8648648648648645,-0.023044129507999975,-1.4236563781062104,99.56605593056895,15,-1.446700507614207,0.802816901408453,2.5495750708215237,1.729106628242083,0.1422413793103454,5.858872006180788,1.5244680851063832,1788933060,381.45,2.438065277231627,2.438065277231627,-2.438065277231627,2.438065277231627,2.438065277231627,-0.20972604535326456,0.20972604535326456,0.20972604535326456,2.438065277231627,2.752654345261507,-0.18351028968409677,0.18351028968409677,0.18351028968409677,2.438065277231627,3.3818324813212786,993851
NSE_EQ|2799,Chemfab Alkalis,b9e262c050b40ccbea364323,1788933830.599419,11:33:50,VOLATILITY_IGNITION,6,SHORT,False,False,False,maximum_concurrent_trade_slots_in_use,0.17094,11.078094293691125,6,97.0302,11.078094293691125,97.03018500486856,2.511505588428668,99.95131450827654,54878.49999999907,12.512171372930867,1.0,0.0,-2.4499743458183714,99.95131450827654,15,-0.8298755186722073,0.23529411764706176,2.092050209205021,-2.3493360572012345,0.24083769633507943,2.9680962343096295,0.12523481527864747,1788933840,380.25,-0.6311637080867794,0.6311637080867794,0.6311637080867794,0.6311637080867794,0.7363576594345611,0.13149243918475495,0.13149243918475495,-0.13149243918475495,0.6311637080867794,0.7626561472715343,-0.591715976331364,0.591715976331364,0.591715976331364,0.8415516107823762,0.9730440499671311,993852
NSE_EQ|2049,Chennai Petroleum Corporation,5266d2aac2809588cf0f4b4c,1788937540.768064,12:35:40,VWAP_REVERSION,9,SHORT,False,False,False,account_analysis_capacity_in_use,0.0125,5.1237234629716575,9,93.1084,5.1237234629716575,93.1083650190114,0.7752422632072437,97.10076045627376,432699373.9999943,99.95247148288973,0.03225806451612809,0.07936321886712787,0.39805370430643255,93.9638783269962,15,0.6467817896389283,0.7629629629629724,0.7736461192912318,1.0592686002522056,0.5753424657534222,1.0481657100074842,2.083250604904202,1788937560,1599.1,-1.1819148270902247,1.1819148270902247,1.1819148270902247,1.2569570383340611,1.2569570383340611,-0.6628728659871075,0.6628728659871075,0.6628728659871075,1.5070977424801346,1.5070977424801346,-0.8817459821149343,0.8817459821149343,0.8817459821149343,1.5070977424801346,1.5070977424801346,993854
NSE_EQ|20374,Coal India,d5376f55fb0b69f8519c39ec,1788926264.944906,09:27:44,VWAP_REVERSION,9,SHORT,False,False,False,account_analysis_capacity_in_use,0.04619,17.870868058943888,9,96.9042,17.870868058943888,97.32824427480917,1.8244803695150063,96.9041560644614,910161230.8000008,99.95759117896522,0.0,0.0,1.3339574069740203,98.00678541136556,12,1.2610929472209431,0.7297297297297309,1.8565498154981444,,,,,1788926280,433.1,-0.36942969291157146,0.36942969291157146,0.36942969291157146,0.5887785730778083,0.6811359963056929,-0.10390210113139231,0.10390210113139231,0.10390210113139231,0.5887785730778083,0.7273147079196352,0.19625952435926575,0.19625952435926575,-0.19625952435926575,0.5887785730778083,0.9235742322789231,993847
NSE_EQ|11165,Coffee Day Enterprises,9b51dd9a617ee98a3d588fc3,1788925763.488763,09:19:23,GAP_REJECTION,10,SHORT,False,False,False,account_analysis_capacity_in_use,0.05862,54.53691957542015,10,98.1442,54.53691957542015,98.67444326617179,3.6059806508355443,98.1442205726405,8927622.619999994,56.46871686108166,0.47999999999999715,-0.15287082415359432,-2.943720084937324,98.67444326617179,5,,,,,,,,1788925800,34.0,-0.14705882352940014,0.14705882352940014,0.14705882352940014,1.3235294117647234,2.029411764705902,-0.764705882352934,0.764705882352934,0.764705882352934,1.3235294117647234,2.205882352941191,-1.2647058823529456,1.2647058823529456,1.2647058823529456,1.7352941176470682,3.0588235294117916,993847
NSE_EQ|11165,Coffee Day Enterprises,ee3c6a4139517c28429a968d,1788926160.785663,09:26:00,GAP_REJECTION,7,SHORT,False,False,False,account_analysis_capacity_in_use,0.11827,26.84209223727587,7,97.4868,26.84209223727587,98.4567901234568,2.040212891780026,97.4867724867725,3227340.6999999993,51.71957671957672,0.3333333333333333,0.06839358820342727,-1.237300660091208,96.16402116402116,11,-1.4568764568764547,0.6578947368421009,2.040212891780026,,,,,1788926220,33.82,0.23654642223536193,0.23654642223536193,-0.23654642223536193,0.9166173861620441,1.1235955056179914,-0.3548196333530429,0.3548196333530429,0.3548196333530429,0.9166173861620441,1.626256652868141,-1.389710230632757,1.389710230632757,1.389710230632757,1.5375517445298748,2.454169130691919,993847
NSE_EQ|11165,Coffee Day Enterprises,139e47e1d04056ce066df34f,1788928488.560294,10:04:48,VWAP_REVERSION,10,LONG,False,False,False,account_analysis_capacity_in_use,0.06079,9.563607730683135,10,95.6464,9.563607730683135,95.64643799472296,1.3373860182370751,98.81266490765171,3637998.539999999,63.368513632365875,0.26315789473685786,-0.06788866259336235,-1.0144925761318313,98.636763412489,15,-1.3213213213213115,0.8799999999999955,1.3390139987827077,-2.1149836163241065,0.780219780219778,2.52586731588557,9.867474589523065,1788928500,32.9,0.06079027355623268,0.06079027355623268,0.06079027355623268,0.45592705167172287,0.6079027355623046,0.2431610942249085,0.2431610942249085,0.2431610942249085,0.45592705167172287,0.6990881458966314,-0.3343465045592686,0.3343465045592686,-0.3343465045592686,0.6079027355622935,0.851063829787202,993849
NSE_EQ|11543,Coforge,598b63d4e70df01f2ff37cb1,1788925601.07313,09:16:41,GAP_REJECTION,10,LONG,False,False,False,account_analysis_capacity_in_use,0.01105,34.99298751545037,10,95.3665,34.99298751545037,97.99446749654219,2.2250511983173764,95.36652835408023,1351142162.4999998,99.93084370677732,0.12044817927171006,-0.09275481809749563,-0.11713195351255433,16.9432918395574,2,,,,,,,,1788925620,1806.4,0.4816209034543828,0.4816209034543828,0.4816209034543828,2.0150575730734976,2.0150575730734976,1.1957484499557136,1.1957484499557136,1.1957484499557136,2.059344552701492,2.059344552701492,1.9652347209920373,1.9652347209920373,1.9652347209920373,2.6738263950398578,2.6738263950398578,993847
NSE_EQ|11543,Coforge,8514161dfefce4c61ae2d185,1788930919.530008,10:45:19,VWAP_REVERSION,10,SHORT,False,False,False,maximum_concurrent_trade_slots_in_use,0.02685,10.847250265613463,10,96.3884,10.847250265613463,96.38836772983115,0.9235395189003461,96.76360225140714,346626177.30000305,99.76547842401501,0.1568627450980261,0.0,0.6430694406917099,97.13883677298311,15,0.8754863813229541,0.9759036144578257,0.9214614807671727,1.0557089491635585,0.6270096463022526,1.285760205721633,2.8604435255210348,1788930960,1863.4,0.09123108296660298,0.09123108296660298,-0.09123108296660298,0.3434581946978543,0.3434581946978543,0.13416335730385143,0.13416335730385143,-0.13416335730385143,0.35419126328217754,0.35419126328217754,0.5956853064291057,0.5956853064291057,-0.5956853064291057,0.6171514435977299,0.6171514435977299,993850
NSE_EQ|764638,Confidence Futuristic Energetech,cebe99c7c0338881fd106f88,1788939712.318733,13:11:52,VOLATILITY_IGNITION,2,LONG,False,False,False,maximum_concurrent_trade_slots_in_use,0.07792,18.480360152386066,2,98.7685,18.480360152386066,98.76847290640394,1.2467532467532385,99.45812807881774,79805.1000000001,15.714285714285714,1.0,-0.03326679973387316,1.2957602242472788,99.75369458128078,15,0.07890583903207293,0.03225806451612263,1.2614980289093216,-0.15743899239045733,0.041666666666668725,1.2614980289093216,0.7935195900148785,1788939720,38.5,-0.6233766233766258,0.6233766233766258,-0.6233766233766258,0.7792207792207684,1.0389610389610393,0.3896103896103842,0.3896103896103842,0.3896103896103842,0.7792207792207684,1.1688311688311526,0.3896103896103842,0.3896103896103842,0.3896103896103842,0.7792207792207684,1.1688311688311526,993855
NSE_EQ|760254,Corona Remedies,ab6a2ccc5472c48d8cd5e208,1788926342.660205,09:29:02,GAP_REJECTION,3,SHORT,True,False,False,ai_ran,0.11762,20.47350175739503,3,97.8861,20.47350175739503,97.88610871440898,2.9088441529065907,99.87057808455565,30945277.700000033,88.13632441760139,0.022956841138659204,0.02790438098781614,1.6042795270581607,99.00776531492667,14,1.7885057471264343,0.8587196467991242,2.999232124305528,,,,,1788926400,2196.0,-0.2641165755919883,0.2641165755919883,0.2641165755919883,0.7058287795992713,0.9335154826958125,0.9744990892532002,0.9744990892532002,-0.9744990892532002,1.6712204007285791,2.3770491803278504,2.0901639344262257,2.0901639344262257,-2.0901639344262257,2.144808743169402,2.850637522768673,993847
NSE_EQ|760254,Corona Remedies,0cb1e06d694f1fb61b464d3a,1788926915.956227,09:38:35,VWAP_REVERSION,3,SHORT,False,False,False,account_analysis_capacity_in_use,0.12162,22.951735152386693,3,98.2174,22.951735152386693,98.21739130434783,2.2296292959776585,99.08695652173914,20863911.800000012,84.73913043478261,0.010752688172044063,-0.05801176026283987,1.432440984007128,99.08695652173914,15,1.8748856777025757,0.729537366548045,2.221922973336924,2.758302583025829,0.4271428571428612,3.110692162671702,0.7354417270771928,1788926940,2220.3,0.049542854569195605,0.049542854569195605,-0.049542854569195605,0.5584830878709868,0.7476467144079568,0.4909246498220776,0.4909246498220776,-0.4909246498220776,0.8872674863757091,1.2520830518398474,0.2071792100166503,0.2071792100166503,-0.2071792100166503,1.0268882583434502,1.3917038238075885,993848
NSE_EQ|760254,Corona Remedies,ca9e5395862eed8ffb336271,1788927748.138044,09:52:28,VWAP_REVERSION,8,SHORT,False,False,False,account_analysis_capacity_in_use,0.15249,25.068680434120232,8,96.6637,25.068680434120232,98.62099644128114,1.0624467655892689,96.66370106761566,19568421.400000006,87.855871886121,0.07801418439716712,-0.06591109562565248,0.3220908709065432,82.4288256227758,15,0.39500852859322144,0.3606557377049055,1.0596441026558088,2.174508908177253,0.4722222222222183,2.2802468031834033,1.4685023883113233,1788927780,2231.3,-0.16582261461929315,0.16582261461929315,0.16582261461929315,0.5288396898668779,0.6946623044861711,-0.4078339981177015,0.4078339981177015,0.4078339981177015,0.5288396898668779,0.9859723031416578,-0.04033523058307731,0.04033523058307731,0.04033523058307731,0.5288396898668779,0.990453995428664,993848
NSE_EQ|760254,Corona Remedies,7f9f1bcbf8ef50bb790b8b89,1788931774.554032,10:59:34,VWAP_REVERSION,2,LONG,False,False,False,maximum_concurrent_trade_slots_in_use,0.08217,33.40025251331533,2,98.3397,33.40025251331533,99.19354838709677,1.1914000091295187,98.33965844402277,15259005.099999964,89.32637571157495,0.3243243243242911,0.032274984167203924,-0.9414481341581737,99.09867172675521,15,-0.9864253393665257,1.0,1.1836212412027987,-1.1653116531165408,0.530864197530864,1.3207202266703062,6.406879606879606,1788931800,2191.7,-0.06844002372587976,0.06844002372587976,-0.06844002372587976,0.625085550029647,0.8395309577040599,-0.3330747821325808,0.3330747821325808,-0.3330747821325808,0.625085550029647,0.8395309577040599,-0.5247068485650375,0.5247068485650375,-0.5247068485650375,0.9490349956654542,1.1634804033398671,993850
NSE_EQ|760254,Corona Remedies,0720773b972ae22e75f8cf01,1788932620.106148,11:13:40,VWAP_REVERSION,7,LONG,False,False,False,maximum_concurrent_trade_slots_in_use,0.06862,33.580728503955484,7,95.6749,33.580728503955484,99.09695817490494,0.7228144013907398,95.67490494296578,5548153.999999821,77.89923954372624,0.01980198019802582,-0.05554486014903631,-0.38171316763506336,92.53802281368822,15,-0.32390510948904216,0.5503875968992139,0.6773765389720436,-0.32390510948904216,0.1647331786542871,0.8421438052084805,0.626332288401254,1788932640,2187.0,-0.3383630544124383,0.3383630544124383,-0.3383630544124383,0.7361682670324554,0.7361682670324554,-0.137174211248281,0.137174211248281,-0.137174211248281,0.7361682670324554,0.7361682670324554,-0.6630086877000507,0.6630086877000507,-0.6630086877000507,0.9144947416552363,0.9144947416552363,993851
NSE_EQ|760254,Corona Remedies,44bb535c4ed354861db82f52,1788933478.538811,11:27:58,VWAP_REVERSION,8,LONG,False,False,False,maximum_concurrent_trade_slots_in_use,0.03204,30.34663524142586,8,96.82,30.34663524142586,99.07045009784736,0.7964844822850907,96.81996086105676,6068606.600000024,79.99021526418787,0.4491525423728619,0.0,0.2892163613827171,89.09001956947162,15,-0.19740164348346356,0.43434343434346867,0.37718491260348747,-0.3803326765339454,0.27759197324415663,0.7497700091996194,0.7127532777115614,1788933480,2184.6,-0.16021239586194724,0.16021239586194724,-0.16021239586194724,0.31126979767461815,0.3158472946992452,-0.6500045774970209,0.6500045774970209,-0.6500045774970209,0.8056394763343411,0.8193719674082223,-0.23802984528059623,0.23802984528059623,-0.23802984528059623,1.107754279959705,1.1214867710335863,993851
NSE_EQ|760254,Corona Remedies,f8cf86f7a44cf06f144b434a,1788934420.861368,11:43:40,VWAP_REVERSION,9,LONG,False,False,False,maximum_concurrent_trade_slots_in_use,0.10587,30.233456573343776,9,95.9154,30.233456573343776,99.16338582677166,0.7825086306098964,95.91535433070865,6389839.400000036,79.5767716535433,0.265822784810112,0.012404417212630251,-0.46147191480691985,95.3248031496063,15,-0.5862953462806741,0.7619047619047581,0.7832657574640619,-0.6500045774970209,0.38797814207650355,0.82473276815334,2.3683409436834095,1788934440,2172.5,-0.17031070195626663,0.17031070195626663,-0.17031070195626663,0.5569620253164542,0.5569620253164542,0.25316455696202667,0.25316455696202667,0.25316455696202667,0.5615650172612119,1.118527042577666,-0.4234752589182933,0.4234752589182933,-0.4234752589182933,0.5615650172612119,1.118527042577666,993852
NSE_EQ|760254,Corona Remedies,d7b23a0519785ea6751acfbe,1788935515.923701,12:01:55,VOLATILITY_IGNITION,9,SHORT,False,False,False,maximum_concurrent_trade_slots_in_use,0.10619,29.03217657556483,9,96.9462,29.03217657556483,99.22515952597995,0.7609999077575871,96.94621695533272,3437277.9000000358,72.6982680036463,1.0,-0.07073803348265846,-0.3106081645417009,91.38559708295351,15,-0.009200478424886693,0.0175438596491466,0.5198748619801126,0.4018661370040144,0.2949152542372729,0.9109311740890563,1.1037946428571428,1788935520,2165.9,-0.09234036659125922,0.09234036659125922,0.09234036659125922,0.1615956415346953,0.2908721547624338,-0.18929775151207417,0.18929775151207417,0.18929775151207417,0.2724040814442108,0.4016805946719493,0.08772334826170347,0.08772334826170347,-0.08772334826170347,0.2724040814442108,0.45708481462672923,993853
NSE_EQ|760254,Corona Remedies,7837750cc5e5d45dd4f46581,1788937581.532274,12:36:21,VOLATILITY_IGNITION,6,SHORT,False,False,False,maximum_concurrent_trade_slots_in_use,0.11624,26.220087743396412,6,96.9469,26.220087743396412,99.04904904904906,0.7663013189671187,96.94694694694694,4068349.2999999523,72.42242242242243,1.0,0.07234005613588357,-0.8328138543568357,99.04904904904906,15,-0.3779150152087851,1.0,0.45336787564767683,0.07407407407407085,0.08888888888888159,0.4579940784604039,1.6371490280777536,1788937620,2152.0,0.12546468401486432,0.12546468401486432,-0.12546468401486432,0.599442379182169,0.6923791821561442,0.7016728624535284,0.7016728624535284,-0.7016728624535284,0.9014869888475774,0.9944237918215526,0.33457249070631967,0.33457249070631967,-0.33457249070631967,0.9014869888475774,0.9944237918215526,993854
NSE_EQ|760254,Corona Remedies,9d9e358848d30e3391540f2f,1788937584.933381,12:36:24,OPENING_RANGE_ACCEPTANCE,6,SHORT,False,False,False,maximum_concurrent_trade_slots_in_use,0.11163,26.220087743396412,6,96.9469,26.220087743396412,99.04904904904906,0.7663013189671187,96.94694694694694,4068349.2999999523,72.42242242242243,1.0,0.07234005613588357,-0.8328138543568357,99.04904904904906,15,-0.3779150152087851,1.0,0.45336787564767683,0.07407407407407085,0.08888888888888159,0.4579940784604039,1.6371490280777536,1788937620,2152.0,0.12546468401486432,0.12546468401486432,-0.12546468401486432,0.599442379182169,0.6923791821561442,0.7016728624535284,0.7016728624535284,-0.7016728624535284,0.9014869888475774,0.9944237918215526,0.33457249070631967,0.33457249070631967,-0.33457249070631967,0.9014869888475774,0.9944237918215526,993854
NSE_EQ|760254,Corona Remedies,60e222eea5a903a64730cdc8,1788937955.75995,12:42:35,VWAP_REVERSION,6,LONG,False,False,False,maximum_concurrent_trade_slots_in_use,0.09258,26.122138153139016,6,96.6341,26.122138153139016,99.07317073170732,0.6896870949824149,96.6341463414634,3129011.2000000477,71.7560975609756,0.7808219178082857,0.03903853661257041,0.41197741168334595,94.78048780487805,15,0.12546468401486432,0.1616766467065689,0.6915115793381952,-0.4435614286374512,0.24000000000000363,0.9235624448879237,1.4720908230842005,1788937980,2160.4,0.4721347898537287,0.4721347898537287,0.4721347898537287,0.5091649694501044,0.6896870949824163,0.013886317348621446,0.013886317348621446,0.013886317348621446,0.5091649694501044,0.726717274578792,-0.04165895204591985,0.04165895204591985,-0.04165895204591985,0.5091649694501044,0.9211257174597365,993854
NSE_EQ|760254,Corona Remedies,5502040081dbe1a76ff2280c,1788941329.443032,13:38:49,VWAP_REVERSION,7,LONG,False,False,False,maximum_concurrent_trade_slots_in_use,0.11571,21.605332810508774,7,96.5257,21.605332810508774,99.14400805639477,0.6665123813932002,96.52567975830816,2493754.199999988,67.22054380664653,0.18134715025906564,-0.00905469032960308,0.42736749534935675,96.92849949647533,15,0.1484643221675741,0.20779220779218863,0.3289168905772218,0.26475916206045724,0.23456790123454987,0.3613453164087708,2.042632066728452,1788941340,2160.5,0.023142791020602793,0.023142791020602793,0.023142791020602793,0.21754223559360408,0.2823420504512786,0.1712566535524207,0.1712566535524207,0.1712566535524207,0.2360564684100841,0.4535987040036882,0.402684563758382,0.402684563758382,0.402684563758382,0.4906271696366593,0.7266836380467434,993856
NSE_EQ|760254,Corona Remedies,ea1682edcc0a06f051bd4447,1788943982.993258,14:23:02,VOLATILITY_IGNITION,10,SHORT,False,False,False,maximum_concurrent_trade_slots_in_use,0.11579,18.917059965382293,10,94.4444,18.917059965382293,98.79227053140096,0.5562766549230485,94.44444444444444,4413538.399999976,76.18357487922705,0.9480519480519941,0.0,-0.45223811721274493,95.79710144927536,15,-0.4522381172127443,0.9423076923076603,0.5562766549230485,-0.4338595033693382,0.3333333333333441,0.5655479325050908,3.97180043383948,1788944040,2158.7,-0.04632417658776422,0.04632417658776422,0.04632417658776422,0.13434011210449182,0.2084587946449279,-0.037059341270195834,0.037059341270195834,0.037059341270195834,0.13434011210449182,0.2084587946449279,1.083985732153625,1.083985732153625,-1.083985732153625,1.8668643164867937,2.0012044285912856,993857
NSE_EQ|760254,Corona Remedies,f21af5258bba019b67abce4a,1788945574.494063,14:49:34,VOLATILITY_IGNITION,4,LONG,False,False,False,dhan_authorization_or_ip_unavailable,0.07805,17.627044948245366,4,98.0347,17.627044948245366,98.40036563071298,0.8817451205511032,98.03473491773309,5521316.999999881,72.07495429616088,0.8301886792452681,0.0,0.8101851851851851,98.85740402193784,15,0.08333333333334636,0.3599999999999709,0.12027014524934608,0.18073126650910432,0.5064935064934405,0.1896567675085745,3.261016949152543,1788945600,2178.0,0.28007346189165006,0.28007346189165006,0.28007346189165006,0.9641873278236845,0.9641873278236845,0.5555555555555536,0.5555555555555536,0.5555555555555536,0.9641873278236845,0.9641873278236845,1.3177226813590348,1.3177226813590348,1.3177226813590348,1.831955922865025,2.520661157024806,993858
BSE_EQ|532868,DLF,2112fd12dfe58368d837bba1,1788944737.416843,14:35:37,VOLATILITY_IGNITION,6,SHORT,False,False,False,dhan_authorization_or_ip_unavailable,0.08328,77.32683910973394,6,97.6454,77.32683910973394,99.67682363804248,0.9312537855844908,97.64542936288089,5963112.749999523,78.0701754385965,0.9117647058823657,-0.04112264829854225,-0.8815388174579617,98.56879039704525,15,-0.5100510051005092,1.0,0.5202050663449836,-0.33811706364114125,0.26627218934910385,0.6936067551266448,1.3565968760385512,1788944760,660.4,-0.5148394912174448,0.5148394912174448,0.5148394912174448,0.7116898849182207,0.7798304058146521,-0.575408843125369,0.575408843125369,0.575408843125369,0.7116898849182207,0.7798304058146521,-0.4012719563900591,0.4012719563900591,0.4012719563900591,0.8706844336765607,0.9388249545729921,993858
BSE_EQ|532868,DLF,67009dd80db1aeb7c0caaafe,1788944740.830528,14:35:40,OPENING_RANGE_ACCEPTANCE,6,SHORT,False,False,False,dhan_authorization_or_ip_unavailable,0.06057,77.32683910973394,6,97.6454,77.32683910973394,99.67682363804248,0.9312537855844908,97.64542936288089,5963112.749999523,78.0701754385965,0.9117647058823657,-0.04112264829854225,-0.8815388174579617,98.56879039704525,15,-0.5100510051005092,1.0,0.5202050663449836,-0.33811706364114125,0.26627218934910385,0.6936067551266448,1.3565968760385512,1788944760,660.4,-0.5148394912174448,0.5148394912174448,0.5148394912174448,0.7116898849182207,0.7798304058146521,-0.575408843125369,0.575408843125369,0.575408843125369,0.7116898849182207,0.7798304058146521,-0.4012719563900591,0.4012719563900591,0.4012719563900591,0.8706844336765607,0.9388249545729921,993858
BSE_EQ|532868,DLF,3659300952b4f9f91e0d861c,1788944933.73248,14:38:53,VWAP_REVERSION,4,LONG,False,False,False,dhan_authorization_or_ip_unavailable,0.10653,76.16846264498993,4,98.489,76.16846264498993,99.67948717948718,1.2328767123287532,98.48901098901099,6044433.949999332,76.87728937728939,0.2,-0.09675860997151493,-0.9276463312758418,98.67216117216118,15,-1.137048192771073,1.0,1.150125675984455,-1.352468254564576,0.5921052631578841,1.7289968771421904,3.8493975903614457,1788944940,656.55,0.1599268905643214,0.1599268905643214,0.1599268905643214,0.4340872743888502,0.4797806716929309,-0.0990023608255286,0.0990023608255286,-0.0990023608255286,0.4340872743888502,0.5940141649531605,0.0990023608255397,0.0990023608255397,0.0990023608255397,0.4340872743888502,0.72347879064808,993858
BSE_EQ|532868,DLF,357855bcf7e03e74aabfb886,1788945059.852498,14:40:59,OPENING_RANGE_ACCEPTANCE,9,SHORT,False,False,False,dhan_authorization_or_ip_unavailable,0.0761,75.6794080908587,9,96.2409,75.6794080908587,99.77355072463769,0.7835678965386044,96.24094202898551,4101914.700000286,69.51992753623189,0.794871794871753,-0.0839461137542026,-0.3930375325207789,92.43659420289855,15,-0.663449939686378,0.48351648351649834,1.138433515482696,-0.9918845807033394,0.377142857142856,1.836672738312069,1.1320145337101333,1788945060,657.0,0.09893455098934911,0.09893455098934911,-0.09893455098934911,0.36529680365295913,0.4794520547945158,-0.28919330289193246,0.28919330289193246,0.28919330289193246,0.36529680365295913,0.6544901065448916,0.07610350076103778,0.07610350076103778,-0.07610350076103778,0.36529680365295913,0.7229832572298256,993858
NSE_EQ|758563,Ellenbarrie Industrial Gases,dd4a470ba2bb7363bca6ccf7,1788928566.460667,10:06:06,VWAP_REVERSION,10,SHORT,False,False,False,maximum_concurrent_trade_slots_in_use,0.0576,10.659377034600448,10,95.9031,10.659377034600448,95.90308370044053,1.2536023054754946,98.28193832599119,49295519.45000017,95.1101321585903,0.13402061855670078,-0.011674060238153483,0.21381093577958826,68.14977973568281,15,0.46242774566473965,0.24615384615384966,1.2514384349827288,1.4890510948905256,0.37500000000000105,1.927502876869962,1.730381593342837,1788928620,349.6,0.443363844393585,0.443363844393585,-0.443363844393585,0.6149885583524028,1.215675057208243,-1.1727688787185442,1.1727688787185442,1.1727688787185442,1.2013729977116805,1.8163615560640833,-1.6018306636155666,1.6018306636155666,1.6018306636155666,1.6018306636155666,2.2168192219679694,993849
NSE_EQ|758563,Ellenbarrie Industrial Gases,e98ef186f8c7276fa6b2184d,1788928892.31248,10:11:32,VWAP_REVERSION,8,SHORT,False,False,False,account_analysis_capacity_in_use,0.04278,12.989300335493178,8,96.9224,12.989300335493178,96.92239072256913,1.22646891043925,98.34968777876895,100742003.7500003,97.63603925066904,0.1564625850340145,-0.07229351165732464,0.7326437844107014,96.74397859054416,15,1.2103746397694515,0.8571428571428489,1.2670842824601334,2.585073754929157,0.5841584158415806,2.7761958997722096,1.5567060549183849,1788928920,351.15,-0.9255304001139164,0.9255304001139164,0.9255304001139164,1.0252029047415512,1.0252029047415512,-1.409653994019644,1.409653994019644,1.409653994019644,1.9364943756229436,1.9364943756229436,-1.9934500925530396,1.9934500925530396,1.9934500925530396,2.4633347572262543,2.4633347572262543,993849
NSE_EQ|758563,Ellenbarrie Industrial Gases,428cb32ce23b60df7ab266d2,1788930994.80842,10:46:34,VOLATILITY_IGNITION,9,LONG,False,False,False,maximum_concurrent_trade_slots_in_use,0.08684,11.26984347116806,9,96.0325,11.26984347116806,96.79732313575525,0.8684324793747287,96.03250478011472,13563694.250000477,87.7151051625239,0.9487179487179368,0.08202325045650097,0.33948837745047244,88.76673040152964,15,0.21834061135370675,0.18072289156626606,0.6681190994916518,-0.7209805335255948,0.24752475247524697,1.408859840232396,0.882682036016636,1788931020,345.1,0.4346566212692027,0.4346566212692027,0.4346566212692027,0.49261083743841194,0.5215879455230277,0.5650536076499568,0.5650536076499568,0.5650536076499568,1.144595769342227,1.1735728774268428,0.2607939727615083,0.2607939727615083,0.2607939727615083,1.144595769342227,1.4053897421037576,993850
NSE_EQ|758563,Ellenbarrie Industrial Gases,bfdeff77f3dc70e9ffd2b578,1788930997.525145,10:46:37,OPENING_RANGE_ACCEPTANCE,9,LONG,False,False,False,maximum_concurrent_trade_slots_in_use,0.08684,11.26984347116806,9,96.0325,11.26984347116806,96.79732313575525,0.8684324793747287,96.03250478011472,13563694.250000477,87.7151051625239,0.9487179487179368,0.08202325045650097,0.33948837745047244,88.76673040152964,15,0.21834061135370675,0.18072289156626606,0.6681190994916518,-0.7209805335255948,0.24752475247524697,1.408859840232396,0.882682036016636,1788931020,345.1,0.4346566212692027,0.4346566212692027,0.4346566212692027,0.49261083743841194,0.5215879455230277,0.5650536076499568,0.5650536076499568,0.5650536076499568,1.144595769342227,1.1735728774268428,0.2607939727615083,0.2607939727615083,0.2607939727615083,1.144595769342227,1.4053897421037576,993850
NSE_EQ|758563,Ellenbarrie Industrial Gases,7bdeb634d503c8420e3b56cd,1788931567.115632,10:56:07,OPENING_RANGE_ACCEPTANCE,8,LONG,False,False,False,maximum_concurrent_trade_slots_in_use,0.10044,10.377027857287203,8,95.2677,10.377027857287203,96.1281070745698,0.8311837202636794,95.26768642447419,11553731.749999642,86.47227533460803,0.5555555555555415,0.04379630045843138,0.6488443921822546,96.03250478011472,15,0.6349206349206327,0.7333333333333156,0.8029825064525413,1.5138282387190616,0.5148514851485096,1.8067106395182138,0.9543362831858407,1788931620,348.45,-0.40177930836561293,0.40177930836561293,-0.40177930836561293,0.41612856937867093,0.5596211795092509,-0.846606399770411,0.846606399770411,-0.846606399770411,0.9757497488879219,1.1192423590185019,-1.061845314966281,1.061845314966281,-1.061845314966281,1.262734969149082,1.406227579279662,993850
NSE_EQ|758563,Ellenbarrie Industrial Gases,9ad2a508dae10cdf740a4f4f,1788936748.493314,12:22:28,OPENING_RANGE_ACCEPTANCE,7,LONG,False,False,False,maximum_concurrent_trade_slots_in_use,0.10097,6.859643862234681,7,94.4444,6.859643862234681,94.44444444444444,0.7502524888183588,97.09931170108162,7323648.100000143,82.54670599803343,0.5483870967741841,-0.01167337885951354,-0.1755386027073002,77.82694198623402,15,-0.2159827213822907,0.18518518518518207,0.7503607503607569,0.08665511265164572,0.0348837209302331,1.0389610389610455,0.9978405385950798,1788936780,346.5,0.5050505050504972,0.5050505050504972,0.5050505050504972,0.6637806637806776,0.7503607503607679,0.5772005772005873,0.5772005772005873,0.5772005772005873,0.6637806637806776,0.7503607503607679,0.5772005772005873,0.5772005772005873,0.5772005772005873,0.6926406926406781,0.7792207792207684,993853
NSE_EQ|758563,Ellenbarrie Industrial Gases,4ba312412f56ff56108ede30,1788939159.97516,13:02:39,OPENING_RANGE_ACCEPTANCE,9,LONG,False,False,False,maximum_concurrent_trade_slots_in_use,0.09993,6.774880259433823,9,95.1471,6.774880259433823,95.1470588235294,0.6560182544209958,96.7156862745098,8633339.99999988,84.95098039215686,0.5081967213114772,0.0,0.5448809865213748,97.8921568627451,15,0.14326647564470996,0.3333333333333333,0.4148783977110125,0.3589375448671994,0.3731343283582064,0.5722460658082976,0.5566821402394332,1788939180,350.0,0.4714285714285671,0.4714285714285671,0.4714285714285671,0.4857142857142893,0.642857142857145,-0.17142857142857792,0.17142857142857792,-0.17142857142857792,1.1428571428571344,1.5142857142857125,-0.828571428571423,0.828571428571423,-0.828571428571423,1.1428571428571344,1.9714285714285573,993855
NSE_EQ|758563,Ellenbarrie Industrial Gases,bb5055af5ff88ae3d1a5b84c,1788939969.851553,13:16:09,OPENING_RANGE_ACCEPTANCE,8,LONG,False,False,False,maximum_concurrent_trade_slots_in_use,0.01429,7.0722180881936305,8,94.9041,7.0722180881936305,94.90413723511605,1.5002143163309045,99.54591321897074,23274812.8500005,93.39051463168516,0.599999999999987,-0.018911933429991458,-1.0552930135664782,99.24318869828456,15,-1.0182435299109116,0.6545454545454586,1.5002143163309045,0.1430819859779664,0.048543689320388564,1.5145020717245354,0.5359011346265636,1788940020,349.55,-0.17164926333858022,0.17164926333858022,-0.17164926333858022,0.4434272636246628,0.5721642111285896,-0.6722929480761031,0.6722929480761031,-0.6722929480761031,0.6722929480761031,0.8010298955800299,-0.4434272636246628,0.4434272636246628,-0.4434272636246628,0.7009011586325276,0.8296381061364544,993855
NSE_EQ|758563,Ellenbarrie Industrial Gases,7f9518b7ce62f1a1dd52908d,1788942950.768156,14:05:50,VOLATILITY_IGNITION,10,LONG,False,False,False,maximum_concurrent_trade_slots_in_use,0.12799,7.234862748896874,10,95.4239,7.234862748896874,95.42389210019267,1.109215017064856,98.79576107899807,9295150.799999952,86.5606936416185,0.7528089887640423,0.009086870648532551,1.112569729869165,99.47013487475915,15,0.043091065785683114,0.15789473684207378,0.21536252692031588,0.043091065785683114,0.0379746835442976,0.559942569992818,1.6863366695348943,1788942960,352.95,0.594985125371883,0.594985125371883,0.594985125371883,0.594985125371883,0.6374840628984413,0.594985125371883,0.594985125371883,0.594985125371883,0.594985125371883,0.6374840628984413,0.594985125371883,0.594985125371883,0.594985125371883,0.594985125371883,0.6374840628984413,993857
NSE_EQ|758563,Ellenbarrie Industrial Gases,36aa142e9bfb2f494b91795b,1788942954.367646,14:05:54,OPENING_RANGE_ACCEPTANCE,10,LONG,False,False,False,maximum_concurrent_trade_slots_in_use,0.16971,7.234862748896874,10,95.4239,7.234862748896874,95.42389210019267,1.109215017064856,98.79576107899807,9295150.799999952,86.5606936416185,0.7528089887640423,0.009086870648532551,1.112569729869165,99.47013487475915,15,0.043091065785683114,0.15789473684207378,0.21536252692031588,0.043091065785683114,0.0379746835442976,0.559942569992818,1.6863366695348943,1788942960,352.95,0.594985125371883,0.594985125371883,0.594985125371883,0.594985125371883,0.6374840628984413,0.594985125371883,0.594985125371883,0.594985125371883,0.594985125371883,0.6374840628984413,0.594985125371883,0.594985125371883,0.594985125371883,0.594985125371883,0.6374840628984413,993857
NSE_EQ|13517,Emami,f048dd63015972645e78d11c,1788933332.715251,11:25:32,VOLATILITY_IGNITION,5,LONG,False,False,False,maximum_concurrent_trade_slots_in_use,0.05355,17.403385159176786,5,97.3532,17.403385159176786,98.50818094321463,0.9902315000669045,97.35322425409048,52791440.549999714,96.19826756496632,0.8630136986301361,-0.030715675232928365,0.9626443624290356,98.79692011549567,15,0.16207455429497752,0.6000000000000227,0.22923408845739554,0.2568608895498148,0.4634146341463333,0.2966558791801571,1.1891984276192105,1788933360,374.35,0.040069453719771,0.040069453719771,0.040069453719771,0.7613196206758266,0.9349539201282231,-0.881527981835184,0.881527981835184,-0.881527981835184,1.3890743956190832,2.15039401629491,-0.6411112595165025,0.6411112595165025,-0.6411112595165025,1.3890743956190832,2.15039401629491,993851
NSE_EQ|13517,Emami,3e0b28e4ba60109e07724a4d,1788933335.396888,11:25:35,OPENING_RANGE_ACCEPTANCE,5,LONG,False,False,False,maximum_concurrent_trade_slots_in_use,0.05357,17.403385159176786,5,97.3532,17.403385159176786,98.50818094321463,0.9902315000669045,97.35322425409048,52791440.549999714,96.19826756496632,0.8630136986301361,-0.030715675232928365,0.9626443624290356,98.79692011549567,15,0.16207455429497752,0.6000000000000227,0.22923408845739554,0.2568608895498148,0.4634146341463333,0.2966558791801571,1.1891984276192105,1788933360,374.35,0.040069453719771,0.040069453719771,0.040069453719771,0.7613196206758266,0.9349539201282231,-0.881527981835184,0.881527981835184,-0.881527981835184,1.3890743956190832,2.15039401629491,-0.6411112595165025,0.6411112595165025,-0.6411112595165025,1.3890743956190832,2.15039401629491,993851
NSE_EQ|13517,Emami,309594bdd65ca7a125f7e385,1788933449.003915,11:27:29,VWAP_REVERSION,1,SHORT,False,False,False,maximum_concurrent_trade_slots_in_use,0.06658,19.181150850999135,1,98.784,19.181150850999135,98.784046692607,1.9338490264070423,99.7568093385214,165977925.54999912,99.2704280155642,0.12711864406779588,0.0,1.3243243243243183,99.46498054474708,15,1.9324324324324182,1.0,1.9223120774227762,1.9324324324324182,0.8666666666666639,1.9885987007821824,7.1642710241512235,1788933480,374.0,-0.6417112299465177,0.6417112299465177,0.6417112299465177,0.721925133689838,1.377005347593585,-0.8556149732620311,0.8556149732620311,0.8556149732620311,1.296791443850276,1.951871657754023,-0.4679144385026701,0.4679144385026701,0.4679144385026701,1.296791443850276,1.951871657754023,993851
NSE_EQ|27213,Enviro Infra Engineers,e716e88031833ed4ebbd5e05,1788925568.69533,09:16:08,GAP_REJECTION,5,SHORT,False,False,False,account_analysis_capacity_in_use,0.12322,124.42741984790801,5,98.7844,124.42741984790801,98.78444084278767,4.155635400907712,99.10858995137764,141920188.97000006,96.35332252836305,0.1783905458638165,-0.01950965728035451,3.250353971580015,99.27066450567261,2,,,,,,,,1788925620,210.96,0.24649222601440535,0.24649222601440535,-0.24649222601440535,1.915054986727327,1.9197952218430014,-0.7726583238528595,0.7726583238528595,0.7726583238528595,1.915054986727327,3.0242700037921733,-1.4647326507394753,1.4647326507394753,1.4647326507394753,2.052521805081542,3.967576791808869,993847
NSE_EQ|27213,Enviro Infra Engineers,8cc064e43485b4caadc08e41,1788925958.89614,09:22:38,GAP_REJECTION,9,SHORT,False,False,False,account_analysis_capacity_in_use,0.06644,66.05498462391226,9,96.6785,66.05498462391226,98.62710363153234,2.0018975332068303,96.6784765279008,259765508.96000004,97.4756421612046,0.27941176470587853,-0.08639528383392008,-1.6064648570045796,96.94419840566873,8,0.24649222601440535,0.08965517241378979,1.9150747115566538,,,,,1788925980,209.81,-0.26690815499738063,0.26690815499738063,0.26690815499738063,1.0438015347218998,1.5823840617701812,-1.2058529145417274,1.2058529145417274,1.2058529145417274,1.472761069539108,2.516562604261008,-1.2392164339164013,1.2392164339164013,1.2392164339164013,1.5156570230208333,2.559458557742733,993847
NSE_EQ|27213,Enviro Infra Engineers,7f3f596c75eba99f108e7bf2,1788926727.602267,09:35:27,VWAP_REVERSION,5,LONG,False,False,False,account_analysis_capacity_in_use,0.05289,49.210200285423966,5,97.7656,49.210200285423966,99.45193929173693,1.6923890571662148,97.76559865092749,155601997.59999883,97.68128161888701,0.0022075055187618024,-0.06485039307915708,-0.622730182769574,89.58684654300168,15,-0.8128915028929318,0.36956521739130005,1.4269874174420325,-2.5647047771149345,0.3568627450980363,2.9359301933182294,0.9524002476222636,1788926760,207.6,-0.05780346820809523,0.05780346820809523,-0.05780346820809523,0.6310211946050082,0.8911368015414256,-0.1396917148362209,0.1396917148362209,-0.1396917148362209,0.6310211946050082,1.098265895953754,1.1175337186897893,1.1175337186897893,1.1175337186897893,1.6377649325626242,2.10500963391137,993848
NSE_EQ|27213,Enviro Infra Engineers,cb10820edefa3b83c1853517,1788930246.003859,10:34:06,VWAP_REVERSION,10,LONG,False,False,False,account_analysis_capacity_in_use,0.04824,40.70249790099303,10,96.5051,40.70249790099303,99.4874184529357,0.9214588961790797,96.50512581547063,66703614.97000122,96.97110904007455,0.18072289156626606,-0.07212776919114328,-0.14930286525576533,59.22646784715751,15,-0.16856908924528513,0.17587939698492347,0.9214588961790798,-0.5851318944844142,0.2735426008968602,1.3025858741798615,2.282906972663789,1788930300,207.21,0.21717098595626094,0.21717098595626094,0.21717098595626094,0.28473529269823494,0.44399401573284036,0.719077264610779,0.719077264610779,0.719077264610779,1.1051590174219417,1.264417740456547,-0.1013464601129277,0.1013464601129277,-0.1013464601129277,1.1051590174219417,1.3030259157376545,993850
NSE_EQ|27213,Enviro Infra Engineers,d0af9bed196b41dbe28bf918,1788939119.181455,13:01:59,VOLATILITY_IGNITION,5,SHORT,False,False,False,maximum_concurrent_trade_slots_in_use,0.01447,27.893517811587323,5,97.6594,27.893517811587323,99.25298804780877,0.8103415010611648,97.6593625498008,16225638.070001602,91.08565737051792,0.8738738738738845,0.020271271247582254,-0.543278804475356,97.4601593625498,15,0.1394230769230731,0.2478632478632437,0.4800998607710404,0.09611225911865251,0.08928571428571111,0.6721398050794593,0.5422273245715393,1788939120,206.81,0.09187176635558902,0.09187176635558902,-0.09187176635558902,0.18857888883516694,0.32396886030656713,0.17407282046322248,0.17407282046322248,-0.17407282046322248,0.22242638170302254,0.35781635317442273,0.38199313379430055,0.38199313379430055,-0.38199313379430055,0.38199313379430055,0.5173831052657007,993855
NSE_EQ|760007,Excelsoft Technologies,9710916eaf1f69efea77b2b7,1788931262.112351,10:51:02,OPENING_RANGE_ACCEPTANCE,9,LONG,False,False,False,account_analysis_capacity_in_use,0.12517,9.033468011419346,9,95.7808,9.033468011419346,95.7807953443259,1.112656467315732,97.72065955383124,2252328.329999998,62.22114451988361,1.0,0.11428571428571666,-0.5849390919158235,96.0717749757517,15,-0.4706533776301036,0.33999999999999403,1.112656467315732,-1.0459675199559482,0.3486238532110039,1.6550764951321444,0.4748166713078994,1788931320,72.27,1.3283520132835402,1.3283520132835402,1.3283520132835402,2.3661270236612797,2.5321710253217056,0.4842950048429717,0.4842950048429717,0.4842950048429717,2.3661270236612797,2.6151930261519296,-0.16604400166042588,0.16604400166042588,-0.16604400166042588,2.3661270236612797,2.712052027120526,993850
NSE_EQ|760007,Excelsoft Technologies,83c253aaae1597eb9450cf30,1788931594.94813,10:56:34,VWAP_REVERSION,3,SHORT,False,False,False,maximum_concurrent_trade_slots_in_use,0.16324,11.165068769914141,3,96.6383,11.165068769914141,96.63825757575758,2.7891156462584994,99.95265151515152,15108792.39000003,89.91477272727273,0.05555555555555524,0.056562159341219095,2.1261154438841294,99.95265151515152,15,2.531293463143247,1.0,2.8214867064568616,1.6547159404302292,0.35294117647059,3.22843190450354,3.5895748902039917,1788931620,73.23,-1.3928717738631802,1.3928717738631802,1.3928717738631802,1.556739041376487,1.6659838863853582,-1.543083435750392,1.543083435750392,1.543083435750392,1.556739041376487,1.6659838863853582,-1.8025399426464639,1.8025399426464639,1.8025399426464639,1.9527516045336757,2.061996449542547,993850
NSE_EQ|760007,Excelsoft Technologies,02c2e723c4295957b7004755,1788934854.612755,11:50:54,VWAP_REVERSION,1,SHORT,False,False,False,maximum_concurrent_trade_slots_in_use,0.15758,20.414873607275048,1,98.7167,20.414873607275048,98.71673003802282,1.694024950755078,99.66730038022814,30886236.150000006,93.77376425855513,0.0640394088669919,-0.053810171736703175,-1.0500859321593932,99.38212927756655,15,-0.8971525159277016,0.40828402366863825,1.8367882445552237,5.875816085567442,0.6380090497737553,6.992915245342427,0.7068817777641653,1788934860,76.12,1.6684182869153963,1.6684182869153963,-1.6684182869153963,1.6684182869153963,2.3778244876510812,-0.10509721492379942,0.10509721492379942,0.10509721492379942,1.6815554387808795,2.561744613767747,1.3399894902784926,1.3399894902784926,-1.3399894902784926,2.653704676826063,3.5338938518129304,993852
NSE_EQ|760007,Excelsoft Technologies,e5bcc27082ca9a77ef38eb88,1788935194.072024,11:56:34,VWAP_REVERSION,3,SHORT,False,False,False,account_analysis_capacity_in_use,0.10403,23.81644164744524,3,98.755,23.81644164744524,98.75498007968127,2.3527882490575873,99.95019920318725,39724799.39999989,96.16533864541833,0.04153354632588193,-0.024938204364084615,0.5607458363557349,98.05776892430279,15,1.6684182869153963,0.49034749034749087,2.338803462979716,4.411764705882337,0.4424898511502041,4.225352112676052,0.882897157951431,1788935220,77.04,-1.5706126687435207,1.5706126687435207,1.5706126687435207,2.063862928348914,2.063862928348914,-0.7917964693665569,0.7917964693665569,0.7917964693665569,2.063862928348914,2.063862928348914,1.0514018691588634,1.0514018691588634,-1.0514018691588634,2.063862928348914,3.491692627206644,993852
NSE_EQ|760007,Excelsoft Technologies,7397fb60a07804ece9a1ad5b,1788935604.272818,12:03:24,VWAP_REVERSION,3,SHORT,False,False,False,maximum_concurrent_trade_slots_in_use,0.11791,28.20630445361696,3,99.0909,28.20630445361696,99.0909090909091,1.6380553007469532,99.76076555023924,37457820.26000017,94.688995215311,0.045685279187818686,-0.08039172696045524,-0.3371992948325673,92.48803827751196,15,-0.3387180823345548,0.11016949152542592,1.8692810457516242,0.3805274898307287,0.045813586097947494,2.549019607843141,0.9888998949633427,1788935640,76.5,-0.5228758169934733,0.5228758169934733,0.5228758169934733,0.6535947712418277,0.7581699346405291,1.8954248366013005,1.8954248366013005,-1.8954248366013005,2.1437908496731994,2.797385620915027,2.3137254901960835,2.3137254901960835,-2.3137254901960835,2.8758169934640643,3.529411764705892,993853
NSE_EQ|760007,Excelsoft Technologies,b6b26fa231da7a7a99ab4e3d,1788935910.375141,12:08:30,VWAP_REVERSION,4,SHORT,False,False,False,maximum_concurrent_trade_slots_in_use,0.13132,29.311524800191716,4,97.4858,29.311524800191716,99.19354838709677,0.7616546290216655,97.48576850094877,16330817.859999657,91.41366223908919,0.12396694214875684,-0.012301295602555237,-0.1842911028246944,80.69259962049335,15,-0.2612671456564408,0.21739130434782877,0.9168303863785238,0.3812779384696263,0.05587668593448789,2.5540275049115952,0.3384841604357402,1788935940,76.1,0.44678055190539023,0.44678055190539023,-0.44678055190539023,1.1563731931669041,1.1563731931669041,1.3140604467805517,1.3140604467805517,-1.3140604467805517,2.6806833114323414,2.6806833114323414,3.0749014454664936,3.0749014454664936,-3.0749014454664936,3.416557161629452,3.416557161629452,993853
NSE_EQ|760007,Excelsoft Technologies,994bbd022f75fbfd7ce2ad0f,1788936218.472578,12:13:38,VWAP_REVERSION,1,SHORT,False,False,False,maximum_concurrent_trade_slots_in_use,0.10497,31.537565537508215,1,99.1466,31.537565537508215,99.44779116465864,1.2465555701351567,99.14658634538152,33698736.56000006,95.03012048192771,0.21608040201005577,0.0,0.1840410148547398,78.46385542168674,15,0.05239030779307097,0.0357142857142907,1.2436182746432816,-0.4820218863991754,0.08505747126436841,2.002879958109702,1.2361551911810276,1788936240,76.44,1.9754055468341303,1.9754055468341303,-1.9754055468341303,2.223966509680797,2.4594453165881602,2.1585557299843128,2.1585557299843128,-2.1585557299843128,2.4986917844060708,2.734170591313434,1.3867085295656834,1.3867085295656834,-1.3867085295656834,2.956567242281527,3.1920460491888902,993853
NSE_EQ|760007,Excelsoft Technologies,6f5fb12eaf11fe2b51b44b92,1788936525.477145,12:18:45,VWAP_REVERSION,1,SHORT,False,False,False,maximum_concurrent_trade_slots_in_use,0.1285,34.117397294435335,1,99.4681,34.117397294435335,99.46808510638297,2.4167630800874087,99.75822050290135,58031642.06999993,96.95357833655706,0.12466843501326715,-0.025188917276115077,1.9780067416535845,99.85493230174082,15,1.6756119910983136,0.7804878048780559,2.3046221192223406,1.4630960156760242,0.3043478260869572,2.4977468778164,2.972044346162555,1788936540,77.95,-1.090442591404761,1.090442591404761,1.090442591404761,1.218729955099429,1.270044900577283,0.4105195638229642,0.4105195638229642,-0.4105195638229642,1.218729955099429,2.180885182809489,-0.3592046183450992,0.3592046183450992,0.3592046183450992,1.218729955099429,2.180885182809489,993853
NSE_EQ|760007,Excelsoft Technologies,a2f9bfecd7511ba2e177cb78,1788936831.913337,12:23:51,VWAP_REVERSION,1,SHORT,False,False,False,maximum_concurrent_trade_slots_in_use,0.11673,36.12480125213581,1,99.3702,36.12480125213581,99.37015503875969,1.2842132572318004,99.7577519379845,41034018.08000016,96.36627906976744,0.1249999999999963,0.0,-0.9125964010282697,99.56395348837209,15,-0.37404875532053294,0.15846994535519482,1.4759192128430874,1.165684348395546,0.2,2.7317452097358874,0.7577658547466032,1788936840,77.1,1.2840466926070215,1.2840466926070215,-1.2840466926070215,1.621271076523989,1.750972762645897,1.7380025940337163,1.7380025940337163,-1.7380025940337163,2.075226977950728,2.204928664072636,-0.3112840466926059,0.3112840466926059,0.3112840466926059,2.075226977950728,2.671854734111545,993853
NSE_EQ|760007,Excelsoft Technologies,3db257e19c70dddda9e9ed07,1788937185.126346,12:29:45,VWAP_REVERSION,1,SHORT,False,False,False,maximum_concurrent_trade_slots_in_use,0.12794,38.635691191535464,1,99.4722,38.635691191535464,99.4721689059501,1.609195402298839,99.76007677543186,67738137.4199999,97.64875239923224,0.06666666666666456,0.08300333859735892,1.3418671277238772,99.85604606525912,15,1.2840466926070215,0.9611650485436706,1.728774490971948,2.1585557299843128,0.37078651685393244,2.6763990267639763,1.3278087593797536,1788937200,78.11,0.17923441300728982,0.17923441300728982,-0.17923441300728982,0.7553450262450356,1.1394187684035217,-0.3968762002304449,0.3968762002304449,0.3968762002304449,0.7809499423889421,1.5362949686339777,-2.0611957495839217,2.0611957495839217,2.0611957495839217,2.12520803994366,2.8805530661886958,993853
NSE_EQ|760007,Excelsoft Technologies,5238e722facbd26575561169,1788937494.521422,12:34:54,VWAP_REVERSION,3,SHORT,True,True,True,ai_ran,0.15349,41.098731955910615,3,99.2809,41.098731955910615,99.47267497603069,1.0987607001405384,99.28092042186002,39418667.99999976,92.85714285714286,0.05726872246696399,0.07671653241273786,0.0,0.047938638542665384,15,0.23050326546292244,0.28124999999998823,1.1370895617733494,0.4105195638229642,0.09937888198757468,2.171968825859209,0.9527015399929578,1788937500,78.26,0.0511116790186561,0.0511116790186561,-0.0511116790186561,0.4088934321492266,0.7411193457704912,-1.1755686174290791,1.1755686174290791,1.1755686174290791,1.392793253258373,1.8016866854075997,-2.2105801175568707,2.2105801175568707,2.2105801175568707,2.3128034755941718,2.7216969077433983,993854
NSE_EQ|760007,Excelsoft Technologies,b91b82501af6b81c0f2673e7,1788937799.824859,12:39:59,VWAP_REVERSION,9,SHORT,False,False,False,assigned_stock_open_intraday_position_exists,0.0894,43.10079187586745,9,96.57,43.10079187586745,99.37198067632849,0.7279693486589952,96.57004830917874,31186487.90999949,93.28502415458937,0.07368421052631863,0.03318951211417711,0.18439656237705762,78.01932367149759,15,0.07655014034193552,0.08823529411764952,0.7011728709841881,1.7380025940337163,0.5982142857142773,2.1672616012238692,0.5958107472225398,1788937800,78.3,-0.6385696040868472,0.6385696040868472,0.6385696040868472,1.0217113665389466,1.1494252873563315,-1.864623243933583,1.864623243933583,1.864623243933583,2.1200510855683197,2.2477650063857046,-1.9412515964240096,1.9412515964240096,1.9412515964240096,2.50319284802043,2.630906768837815,993854
NSE_EQ|760007,Excelsoft Technologies,a57d05155894762b1a8c436f,1788938118.301557,12:45:18,VWAP_REVERSION,2,SHORT,False,False,False,assigned_stock_open_intraday_position_exists,0.07702,45.57891315869819,2,98.9329,45.57891315869819,99.7459349593496,1.1952191235059848,98.9329268292683,40260366.47000015,94.5630081300813,0.134883720930236,0.012348982850030329,-0.7649000032581978,98.32317073170732,15,-0.6385696040868472,0.4545454545454569,1.156812339331627,-0.3968762002304449,0.12757201646090593,1.542416452442163,1.345672547458091,1788938160,77.99,-1.1539941018079092,1.1539941018079092,1.1539941018079092,1.1924605718681813,1.1924605718681813,-1.8207462495191673,1.8207462495191673,1.8207462495191673,1.9746121297602115,1.9746121297602115,-1.5130144890370456,1.5130144890370456,1.5130144890370456,2.115655853314513,2.115655853314513,993854
NSE_EQ|760007,Excelsoft Technologies,7e632cf0f5f51cdc9cd5a9cf,1788938429.66568,12:50:29,VWAP_REVERSION,3,SHORT,True,True,True,ai_ran,0.11655,46.474069676162934,3,99.1675,46.474069676162934,99.46131243878551,1.1917098445595877,99.16748285994123,17844365.380000353,91.33202742409402,0.16483516483516775,0.0,-0.8985879332477572,99.26542605288932,15,-0.680621548735072,0.6883116883117061,1.124903025601247,-1.1755686174290791,0.3511450381679409,1.8231186966640762,0.5623156596514816,1788938460,77.09,0.10377480866519129,0.10377480866519129,-0.10377480866519129,0.5837332987417287,0.8431703204047292,-0.6356207030743355,0.6356207030743355,0.6356207030743355,0.9728888312362183,1.2582695550655054,0.07783110649890457,0.07783110649890457,-0.07783110649890457,0.9728888312362183,1.2582695550655054,993854
NSE_EQ|760007,Excelsoft Technologies,cf2f6a32973c19c4516c124b,1788946097.44016,14:58:17,VWAP_REVERSION,3,SHORT,False,False,False,dhan_authorization_or_ip_unavailable,0.17937,42.16379577697457,3,99.3421,42.16379577697457,99.51754385964912,1.6299503374506572,99.3421052631579,52342452.079999566,93.72807017543859,0.12574850299400597,0.0,1.0942327497425262,99.3421052631579,15,1.197219361483004,0.8857142857142811,1.6410125938175883,2.624020887728462,0.7584905660377321,3.0657677140313075,3.5217995619878,1788946140,76.88,0.37721123829346226,0.37721123829346226,-0.37721123829346226,0.4942767950051996,0.8975026014568233,-2.7965660770031153,2.7965660770031153,2.7965660770031153,3.4599375650364195,3.863163371488043,-2.6925078043704365,2.6925078043704365,2.6925078043704365,3.4599375650364195,3.863163371488043,993858
NSE_EQ|1190,Federal Mogul Goetze,ac80f0c5e05f74260104f830,1788926518.068507,09:31:58,OPENING_RANGE_ACCEPTANCE,4,LONG,False,False,False,account_analysis_capacity_in_use,0.06289,31.247554240048988,4,98.4107,31.247554240048988,98.41065292096219,1.961401300608354,98.6683848797251,24903168.100000016,85.8676975945017,0.6615384615384575,0.0886825402118872,1.7920612084523597,99.26975945017182,15,0.4038257173220039,0.2405063291139184,1.4712108382726479,0.08474576271186862,0.029850746268654818,1.4712108382726479,1.0053431618432818,1788926520,476.7,-0.8286133836794551,0.8286133836794551,-0.8286133836794551,0.9859450388084778,1.0803440318858937,-1.6886930983847304,1.6886930983847304,-1.6886930983847304,1.8040696454793337,1.8984686385567495,-1.6991818753933186,1.6991818753933186,-1.6991818753933186,1.8250471994965323,1.919446192573948,993848
NSE_EQ|1190,Federal Mogul Goetze,7dd0adae024807e40de1c735,1788928976.195021,10:12:56,VWAP_REVERSION,8,LONG,True,True,True,ai_ran,0.02161,25.957299094574292,8,96.7902,25.957299094574292,98.77938517179024,1.0375013509132076,96.79023508137432,15632380.699999988,87.11573236889693,0.030303030303037957,-0.03357665710246715,-0.8766824990337504,98.32730560578662,15,-1.2500000000000067,1.0,1.2658227848101316,-1.3553895410885808,0.8089171974522181,1.4605647517039924,2.1674260817507567,1788928980,462.75,0.22690437601295965,0.22690437601295965,0.22690437601295965,0.22690437601295965,0.3889789303079372,-0.1188546731496487,0.1188546731496487,-0.1188546731496487,0.39978390059427493,0.6591031874662368,-0.4970286331712592,0.4970286331712592,-0.4970286331712592,0.507833603457597,0.9076175040518719,993849
NSE_EQ|762239,GSP Crop Science,b88b7e06714bb50c288a72d1,1788927112.485981,09:41:52,OPENING_RANGE_ACCEPTANCE,5,SHORT,False,False,False,account_analysis_capacity_in_use,0.08024,22.871496403011246,5,97.7592,22.871496403011246,98.3743409490334,1.5747241725175456,97.75922671353251,40968131.74999998,92.22319859402461,0.6791443850267388,0.08676163223876723,-0.9518307383340286,97.49560632688929,15,0.536725971573393,0.49090909090908375,0.8106772120612884,-0.3546448625751153,0.11538461538461636,2.056351952545731,4.219157920557882,1788927120,499.15,-1.9132525292998026,1.9132525292998026,1.9132525292998026,1.9132525292998026,1.9132525292998026,-1.4324351397375534,1.4324351397375534,1.4324351397375534,3.4358409295802805,3.4358409295802805,-1.5326054292296831,1.5326054292296831,1.5326054292296831,3.4358409295802805,4.217169187618952,993848
NSE_EQ|762239,GSP Crop Science,73f900f810385431eb48247f,1788927113.958226,09:41:53,VOLATILITY_IGNITION,2,SHORT,False,False,False,account_analysis_capacity_in_use,0.08024,22.779124579947382,2,98.0821,22.779124579947382,98.52809991079393,1.5747241725175456,98.08206958073148,40964614.94999998,92.10526315789474,0.7065217391304313,0.08631851532154383,-0.8625924006718577,96.56556645851919,15,0.536725971573393,0.49090909090908375,0.8106772120612884,-0.3546448625751153,0.11538461538461636,2.056351952545731,4.219157920557882,1788927120,499.15,-1.9132525292998026,1.9132525292998026,1.9132525292998026,1.9132525292998026,1.9132525292998026,-1.4324351397375534,1.4324351397375534,1.4324351397375534,3.4358409295802805,3.4358409295802805,-1.5326054292296831,1.5326054292296831,1.5326054292296831,3.4358409295802805,4.217169187618952,993848
NSE_EQ|762239,GSP Crop Science,9ea52d4804e296e0cac80e18,1788927174.472036,09:42:54,VWAP_REVERSION,3,LONG,False,False,False,account_analysis_capacity_in_use,0.13078,22.224508050654695,3,98.1906,22.224508050654695,98.19064430714917,2.042253521126756,99.51456310679612,39060974.34999998,92.36540158870255,0.2670807453416136,0.044583147570225426,-1.5897495501058854,99.60282436010591,15,-0.6468949044585948,0.2838427947598242,1.5726735450265383,-1.6065444510151905,0.3712984054669721,2.8348191926274735,2.306319015420538,1788927180,497.0,-2.746478873239433,2.746478873239433,-2.746478873239433,3.0181086519114664,3.058350100603613,-0.7243460764587595,0.7243460764587595,-0.7243460764587595,3.0181086519114664,3.058350100603613,-1.0261569416499028,1.0261569416499028,-1.0261569416499028,3.0181086519114664,4.235412474849099,993848
NSE_EQ|762239,GSP Crop Science,9bbdb244a96ed397b7512c33,1788928518.999278,10:05:18,VOLATILITY_IGNITION,1,LONG,False,False,False,maximum_concurrent_trade_slots_in_use,0.07008,27.40854270308335,1,99.257,27.40854270308335,99.25699300699301,1.772126551862228,99.51923076923077,40456771.70000002,93.57517482517483,0.7681159420289869,-0.03661848632719117,1.1911657822558905,99.25699300699301,15,-0.44602128737962765,0.33846153846153965,0.90622136238672,-0.5065342923715965,0.15060240963855503,1.0691375623663577,0.26289534944777976,1788928560,494.0,-0.2024291497975672,0.2024291497975672,-0.2024291497975672,0.7894736842105177,1.3360323886639547,-1.1437246963562742,1.1437246963562742,-1.1437246963562742,1.2044534412955388,1.9939271255060564,-1.6093117408906843,1.6093117408906843,-1.6093117408906843,1.7914979757085114,2.580971659919029,993849
NSE_EQ|762239,GSP Crop Science,7c5477bd63abb1018615599c,1788930974.56045,10:46:14,VOLATILITY_IGNITION,1,LONG,False,False,False,maximum_concurrent_trade_slots_in_use,0.1309,56.87080801707132,1,99.4706,56.87080801707132,99.47064485081809,3.350774803783464,99.85563041385947,17854082.700000048,89.94225216554379,0.7231503579952202,0.05984042553192094,2.5842413757487965,99.85563041385947,15,1.941346551011991,0.6103896103896113,2.51215559157213,1.0026601186822193,0.17013888888889,2.542544570502433,1.9590194354917472,1788931020,496.3,0.3828329639331107,0.3828329639331107,0.3828329639331107,1.0477533749748025,1.501108200685053,1.6220028208744797,1.6220028208744797,1.6220028208744797,2.609308885754591,3.0626637114648414,-0.7455168245013022,0.7455168245013022,-0.7455168245013022,2.609308885754591,4.513399153737662,993850
NSE_EQ|762239,GSP Crop Science,4afb2fa98d8f875cc796607b,1788931546.588406,10:55:46,VWAP_REVERSION,2,SHORT,False,False,False,maximum_concurrent_trade_slots_in_use,0.05927,12.851858634606373,2,97.2986,12.851858634606373,97.29857819905213,2.41035266225427,99.66824644549763,47011039.64999992,96.1611374407583,0.09977827050997803,0.04739336492890052,1.4058036685447417,99.478672985782,15,0.5007009813739138,0.3676470588235319,1.5743324033479429,3.6455643912010727,0.5796387520525464,4.732961339178956,1.5460697748533079,1788931560,507.3,-0.4632367435442597,0.4632367435442597,0.4632367435442597,0.5815099546619296,0.7096392667060858,-3.814311058545239,3.814311058545239,3.814311058545239,4.03114527892765,4.1592745909718065,-2.4837374334713225,2.4837374334713225,2.4837374334713225,4.03114527892765,4.1592745909718065,993850
NSE_EQ|762239,GSP Crop Science,23ed6b9b6e5dc5c79d144ae9,1788931739.397936,10:58:59,OPENING_RANGE_ACCEPTANCE,4,SHORT,False,False,False,maximum_concurrent_trade_slots_in_use,0.11884,11.905780001752412,4,97.5,11.905780001752412,97.5,1.6312407315867523,99.10377358490567,23337899.850000024,92.40566037735849,0.5714285714285753,0.033204840523362936,0.623576928806921,96.5566037735849,15,0.8554660300407857,0.49425287356322034,1.6273794259788934,5.1218247796785965,0.7017045454545453,5.53309004832824,1.0420215867237383,1788931740,504.9,-1.554763319469199,1.554763319469199,1.554763319469199,1.8914636561695342,2.4955436720142665,-2.852049910873433,2.852049910873433,2.852049910873433,3.57496533967121,4.179045355515942,-2.277678748266987,2.277678748266987,2.277678748266987,3.57496533967121,4.179045355515942,993850
NSE_EQ|762239,GSP Crop Science,3b7b77193a08c4d37547cb58,1788931746.522224,10:59:06,VOLATILITY_IGNITION,4,SHORT,False,False,False,maximum_concurrent_trade_slots_in_use,0.06931,11.852664997345094,4,97.3884,11.852664997345094,97.38841405508072,1.6346344362987912,99.19278252611586,23343774.100000024,92.26020892687559,0.7142857142857194,0.02105706464518427,0.3069421402052237,87.03703703703704,15,0.4976114649681618,0.23809523809523808,1.6339869281045751,4.925187032418954,0.654696132596685,5.555555555555558,0.33264372217110183,1788931800,506.65,-1.9934866278495944,1.9934866278495944,1.9934866278495944,2.2303365242277606,2.2303365242277606,-3.0000986874568203,3.0000986874568203,3.0000986874568203,3.9080232902398038,3.9080232902398038,-2.654692588571994,2.654692588571994,2.654692588571994,3.9080232902398038,3.9080232902398038,993850
NSE_EQ|10905,Genesys International Corp,97d0044cfed4e13e6bcbb4d0,1788926999.890439,09:39:59,VWAP_REVERSION,9,LONG,False,False,False,account_analysis_capacity_in_use,0.10524,13.956624448122664,9,96.8031,13.956624448122664,96.80306905370844,3.5616538335218744,99.87212276214834,49574936.82000005,93.05200341005968,0.3141852286049298,0.05213764337852744,-2.9197117253294818,99.78687127024722,15,-1.0247863550937875,0.8233618233618216,1.379335053023797,-1.7840177346141628,0.38731856378915225,1.995557466322726,1.6493954098360655,1788927000,275.8,0.9535895576504805,0.9535895576504805,0.9535895576504805,1.15300942712111,1.765772298767232,-0.22117476432197414,0.22117476432197414,-0.22117476432197414,2.1899927483683745,2.8426395939086246,-0.07976794778826735,0.07976794778826735,-0.07976794778826735,2.1899927483683745,2.8426395939086246,993848
NSE_EQ|10905,Genesys International Corp,2f39bbef4739d2203770d19f,1788927887.715,09:54:47,OPENING_RANGE_ACCEPTANCE,6,SHORT,False,False,False,maximum_concurrent_trade_slots_in_use,0.06934,12.773160412364877,6,97.207,12.773160412364877,97.20695970695971,1.8094265285276447,99.77106227106228,25790741.97000003,90.43040293040293,0.6177474402730488,-0.014882073602728887,-1.3985327798408986,99.58791208791209,15,-0.805008944543828,0.5269320843091357,1.5906221821460866,-0.6165537512994312,0.09277238403452161,3.549143372407565,0.6184703318500345,1788927900,275.19,0.8067153602965282,0.8067153602965282,-0.8067153602965282,1.1301282750100006,1.2900178058795841,0.14172026599803544,0.14172026599803544,-0.14172026599803544,1.1301282750100006,1.2900178058795841,1.3481594534685115,1.3481594534685115,-1.3481594534685115,1.6315999854645824,1.791489516334166,993848
NSE_EQ|10905,Genesys International Corp,6bd542e499521feaec473c6f,1788927903.621259,09:55:03,VWAP_REVERSION,8,LONG,False,False,False,maximum_concurrent_trade_slots_in_use,0.06541,12.752466432335678,8,96.9523,12.752466432335678,96.95229681978799,1.8496311639230985,99.69081272084806,27334454.110000134,91.03356890459364,0.26724137931034975,0.0,-1.1636677082211002,99.24911660777384,15,-1.0107913669064716,0.5817805383022798,1.8023910752570877,-0.22117476432197414,0.03598820058997145,2.84894073185798,1.112420282451428,1788927960,277.0,0.0,0.0,0.0,0.46931407942238934,0.7148014440433337,-0.43321299638988675,0.43321299638988675,-0.43321299638988675,0.7184115523465762,1.1877256317689655,0.46931407942238934,0.46931407942238934,0.46931407942238934,0.967509025270763,1.6859205776173392,993848
BSE_EQ|509567,Goa Carbon,d2d175b872388f754e9025f3,1788926209.745727,09:26:49,GAP_REJECTION,4,SHORT,False,False,False,account_analysis_capacity_in_use,0.11792,330.06666666666666,4,98.2266,330.06666666666666,99.61072664359861,2.1580188679245365,98.22664359861591,947509.4499999997,31.09861591695502,0.06896551724137458,0.03636313448271799,1.6301037160148215,98.31314878892734,12,2.343561246677961,1.0,2.289896128423051,,,,,1788926220,424.0,3.29009433962264,3.29009433962264,-3.29009433962264,3.4316037735849125,4.021226415094348,5.082547169811313,5.082547169811313,-5.082547169811313,5.554245283018866,6.143867924528301,9.70518867924528,9.70518867924528,-9.70518867924528,9.70518867924528,10.294811320754715,993847
BSE_EQ|509567,Goa Carbon,6ca7d99d0184c4a0b2c4d5a9,1788926785.822782,09:36:25,OPENING_RANGE_ACCEPTANCE,1,LONG,False,False,False,account_analysis_capacity_in_use,0.14706,1501.005273048125,1,99.181,1501.005273048125,99.78448275862068,1.8820861678004432,99.18103448275862,4825929.25,65.30172413793103,1.0,-0.09785887109642763,1.105646319561837,98.0603448275862,15,2.083333333333326,0.7377049180327842,2.800453514739234,6.54747523556416,0.7677053824362597,6.904761904761915,1.2494138335287222,1788926820,443.65,0.4282655246252709,0.4282655246252709,0.4282655246252709,1.318607010030426,2.1976783500507246,2.254029076975095,2.254029076975095,2.254029076975095,3.4599346331567693,4.778541643187195,4.846162515496455,4.846162515496455,4.846162515496455,4.846162515496455,6.16476952552688,993848
BSE_EQ|509567,Goa Carbon,7870435624fc14382bfb87c7,1788927378.205036,09:46:18,OPENING_RANGE_ACCEPTANCE,3,LONG,False,False,False,maximum_concurrent_trade_slots_in_use,0.13261,683.6590909090909,3,99.087,683.6590909090909,99.69565217391305,1.9007625151950542,99.08695652173914,1968273.1000000015,51.60869565217391,0.5862068965517313,-0.07852209184208307,1.7869631393861913,99.34782608695653,15,2.3758343704038953,0.9292035398230032,2.442258813128525,4.733796296296289,0.5656984785615482,4.641396839429771,0.5688496255041291,1788927420,456.85,-0.700448724964442,0.700448724964442,-0.700448724964442,1.4775090292218462,1.72923278975593,1.8167888803764853,1.8167888803764853,1.8167888803764853,1.8167888803764853,3.2942979095983316,1.8167888803764853,1.8167888803764853,1.8167888803764853,1.8167888803764853,3.2942979095983316,993848
BSE_EQ|509567,Goa Carbon,5f2fca47ecfae9eb83ff2da3,1788935250.996442,11:57:30,VOLATILITY_IGNITION,3,LONG,False,False,False,maximum_concurrent_trade_slots_in_use,0.04428,525.3644611805615,3,98.1463,525.3644611805615,99.9498997995992,0.907682089882658,98.14629258517033,1352.5500000044703,1.0521042084168337,0.8260869565217319,-0.018165124293360452,-0.2578035256680039,89.62925851703407,15,-0.9051771718732726,1.0,0.9134454717611598,-0.044538470103550054,0.0112359550561792,1.492703575804832,0.004592422502870264,1788935280,454.0,-0.4405286343612369,0.4405286343612369,-0.4405286343612369,1.1343612334801745,1.4757709251101425,-0.38546255506607396,0.38546255506607396,-0.38546255506607396,1.1343612334801745,1.4757709251101425,-0.4625550660792954,0.4625550660792954,-0.4625550660792954,1.211453744493396,1.552863436123364,993852
BSE_EQ|509567,Goa Carbon,9a300353bfd065e4a2bdffe2,1788935254.400443,11:57:34,OPENING_RANGE_ACCEPTANCE,3,LONG,False,False,False,maximum_concurrent_trade_slots_in_use,0.04428,525.3644611805615,3,98.1463,525.3644611805615,99.9498997995992,0.907682089882658,98.14629258517033,1352.5500000044703,1.0521042084168337,0.8260869565217319,-0.018165124293360452,-0.2578035256680039,89.62925851703407,15,-0.9051771718732726,1.0,0.9134454717611598,-0.044538470103550054,0.0112359550561792,1.492703575804832,0.004592422502870264,1788935280,454.0,-0.4405286343612369,0.4405286343612369,-0.4405286343612369,1.1343612334801745,1.4757709251101425,-0.38546255506607396,0.38546255506607396,-0.38546255506607396,1.1343612334801745,1.4757709251101425,-0.4625550660792954,0.4625550660792954,-0.4625550660792954,1.211453744493396,1.552863436123364,993852
BSE_EQ|509488,Graphite,621257c6b863425979de0736,1788925558.239172,09:15:58,GAP_REJECTION,3,SHORT,True,True,True,ai_ran,0.19095,174.95816489082318,3,98.5974,174.95816489082318,98.5973597359736,3.4969051113521763,99.0924092409241,45054459.45000002,90.51155115511551,0.3121563836285905,0.054787497326913175,-3.212617184633806,99.58745874587459,2,,,,,,,,1788925560,779.15,2.894179554642884,2.894179554642884,-2.894179554642884,3.3177180260540284,3.8054289931335306,6.526342809471863,6.526342809471863,-6.526342809471863,6.783032792145294,7.270743759224796,9.933902329461585,9.933902329461585,-9.933902329461585,10.633382532246682,11.121093499326184,993847
BSE_EQ|509488,Graphite,17ea81c3f7e36a662be69058,1788925943.638553,09:22:23,GAP_REJECTION,4,SHORT,False,False,False,assigned_stock_open_intraday_position_exists,0.08697,86.59081337999532,4,98.7936,86.59081337999532,98.79356568364611,3.5283886197043084,99.50848972296693,161669073.60000002,95.57640750670241,0.052631578947371326,-0.1060632844263784,2.478082362327806,98.97229669347631,9,2.8487668089987928,0.8293135435992608,3.439087867145867,,,,,1788925980,804.0,2.412935323383092,2.412935323383092,-2.412935323383092,2.636815920398017,2.7176616915422946,4.259950248756228,4.259950248756228,-4.259950248756228,4.9502487562189,5.031094527363178,6.5049751243781095,6.5049751243781095,-6.5049751243781095,7.5808457711442845,7.661691542288562,993847
BSE_EQ|509488,Graphite,7b8c28620e0ce3aca22d9d65,1788926253.705121,09:27:33,GAP_REJECTION,2,SHORT,False,False,False,assigned_stock_open_intraday_position_exists,0.07932,78.41029011141761,2,99.2815,78.41029011141761,99.2814877430262,2.8290957868422715,99.45054945054946,146857827.60000038,96.7455621301775,0.0804123711340225,0.005780680964212327,2.0158664949501945,99.2814877430262,13,2.100632048580997,0.7417943107221056,2.7917703465436667,,,,,1788926280,822.8,2.0296548371414813,2.0296548371414813,-2.0296548371414813,2.0296548371414813,2.132960622265434,2.5461837627613004,2.5461837627613004,-2.5461837627613004,3.0687894992707854,3.172095284394738,4.666990763247458,4.666990763247458,-4.666990763247458,5.730432668935359,5.833738454059311,993847
BSE_EQ|509488,Graphite,828c7ed53028681875bef3e5,1788926593.357016,09:33:13,GAP_REJECTION,5,SHORT,False,False,False,assigned_stock_open_intraday_position_exists,0.10171,75.78977643531657,5,98.7733,75.78977643531657,99.19627749576988,2.1146953405017976,98.77326565143824,104643672.1499998,96.40439932318104,0.08368200836820051,0.05902913355151285,1.6977029799978212,98.9424703891709,15,2.0296548371414813,0.8067632850241551,2.0905300774270343,7.051772507013521,0.7691237830319897,6.968433591423467,0.7780492139277548,1788926640,836.65,0.3525966652722312,0.3525966652722312,-0.3525966652722312,0.8545986971852049,1.6315066037172032,1.9004362636705796,1.9004362636705796,-1.9004362636705796,3.3825375007470404,4.159445407279039,3.2092272754437268,3.2092272754437268,-3.2092272754437268,3.980158967310121,4.75706687384212,993848
BSE_EQ|509488,Graphite,a73b02ae1e879f873e53a2de,1788926973.940751,09:39:33,VWAP_REVERSION,6,SHORT,False,False,False,assigned_stock_open_intraday_position_exists,0.07763,73.0274118231981,6,97.771,73.0274118231981,99.25699300699301,1.630434782608693,97.77097902097903,99315657.39999962,96.02272727272727,0.10344827586206987,0.016924598056634065,0.3607506012719543,78.01573426573427,15,0.3525966652722312,0.20274914089347454,1.625774178180083,4.16873449131514,0.5894736842105255,4.50809909480704,0.7956639254701248,1788927000,840.45,1.314771848414531,1.314771848414531,-1.314771848414531,1.6955202570051675,1.7609613897316967,2.022725920637747,2.022725920637747,-2.022725920637747,2.915105003272056,2.980546135998585,2.4689154619549125,2.4689154619549125,-2.4689154619549125,3.5100243916949214,3.5754655244214506,993848
BSE_EQ|509488,Graphite,61adb26e6cfc4acc09e8c524,1788927317.0743,09:45:17,VWAP_REVERSION,3,SHORT,False,False,False,assigned_stock_open_intraday_position_exists,0.08801,84.9057076944905,3,99.0798,84.9057076944905,99.43032427695005,1.8695422844751854,99.079754601227,222793989.70000052,98.46625766871165,0.12864077669902788,-0.043922257604050836,1.2959991624224645,98.55390008764242,15,1.314771848414531,0.6190476190476196,1.7381092190252576,2.3745115719867815,0.417106652587118,3.2295948326482677,1.5817847889135557,1788927360,864.95,-1.9596508468697649,1.9596508468697649,1.9596508468697649,2.017457656511945,2.017457656511945,-0.5780680964217577,0.5780680964217577,0.5780680964217577,2.017457656511945,2.595525752933703,-1.3700213885195711,1.3700213885195711,1.3700213885195711,2.017457656511945,2.595525752933703,993848
BSE_EQ|509488,Graphite,84cda5db3f64c7396cea59a9,1788927652.8417,09:50:52,VWAP_REVERSION,1,SHORT,False,False,False,assigned_stock_open_intraday_position_exists,0.11798,90.22699214600561,1,98.9695,90.22699214600561,99.23835125448028,2.0224056603773692,98.9695340501792,102187558.40000057,97.35663082437276,0.14925373134328004,-0.12022242413133838,-1.1430948023925043,98.70071684587813,15,-0.33427163969036444,0.26511627906977236,1.9947043248014176,1.7786561264822254,0.34900117508813344,3.6834363047955363,0.3159595389130369,1788927660,848.65,1.6143286396040901,1.6143286396040901,-1.6143286396040901,1.8676721852353806,1.8676721852353806,1.4729275908796247,1.4729275908796247,-1.4729275908796247,2.509868614858912,2.509868614858912,0.27691038708537175,0.27691038708537175,-0.27691038708537175,2.509868614858912,2.5628940081305673,993848
BSE_EQ|509488,Graphite,9de97d568428f6dd142cb207,1788928013.062941,09:56:53,VWAP_REVERSION,2,SHORT,False,False,False,assigned_stock_open_intraday_position_exists,0.13918,88.20780374328066,2,99.1533,88.20780374328066,99.42067736185383,1.8563638473140736,99.15329768270945,57981459.850001454,95.32085561497327,0.015228426395939671,-0.040622810093809414,0.8653288988813106,97.45989304812835,15,1.6143286396040901,0.7919075144508717,1.8380008117353768,2.2832404222512093,0.4117647058823549,2.533773989679367,0.29242632163628046,1788928020,863.5,-0.347423277359582,0.347423277359582,0.347423277359582,0.6543138390272096,0.7701215981470666,0.10422698320786683,0.10422698320786683,-0.10422698320786683,0.9669947886508434,1.505500868558196,-1.3144180660104254,1.3144180660104254,1.3144180660104254,1.7718587145338693,2.310364794441222,993848
BSE_EQ|509488,Graphite,4304cf65308756a5cb752909,1788928496.802831,10:04:56,VWAP_REVERSION,3,SHORT,False,False,False,maximum_concurrent_trade_slots_in_use,0.13319,86.72644796452968,3,98.8137,86.72644796452968,99.69244288224957,1.2624507760018504,98.81370826010544,26387580.799999714,90.90509666080844,0.004032258064517109,-0.0598910871207237,0.4610772025925455,90.6414762741652,15,0.17401392111369152,0.17647058823529413,0.822235089751016,1.2843821476746342,0.3254086181277887,2.5998841922408853,0.5632046134631987,1788928500,859.75,0.1686536783948922,0.1686536783948922,-0.1686536783948922,0.535039255597558,0.9712125617912126,-0.6862460017446947,0.6862460017446947,0.6862460017446947,1.3434137830764747,2.0703692933992324,0.16283803431229593,0.16283803431229593,-0.16283803431229593,1.3434137830764747,2.0703692933992324,993849
BSE_EQ|509488,Graphite,d62c07d454db7207aef54032,1788928899.501424,10:11:39,VWAP_REVERSION,4,SHORT,False,False,False,account_analysis_capacity_in_use,0.09852,75.49152147425953,4,98.6136,75.49152147425953,99.59749552772809,1.2689767064549826,98.61359570661897,16835015.19999981,87.9695885509839,0.054755043227660984,-0.07335417867264724,0.8205812656545477,97.5402504472272,15,0.2032166289264392,0.16129032258064652,0.9097230270019727,-0.1273148148148162,0.03859649122807113,1.7151465986788814,0.5030738614037089,1788928920,865.0,-1.6184971098265888,1.6184971098265888,1.6184971098265888,1.6184971098265888,1.7109826589595367,-1.485549132947983,1.485549132947983,1.485549132947983,1.9421965317919065,2.0346820809248545,-1.098265895953754,1.098265895953754,1.098265895953754,1.9421965317919065,2.0346820809248545,993849
BSE_EQ|509488,Graphite,3fcd189d941b42b44537651c,1788929208.623626,10:16:48,VWAP_REVERSION,4,SHORT,False,False,False,maximum_concurrent_trade_slots_in_use,0.13482,72.7709280839933,4,98.4945,72.7709280839933,99.49817518248175,1.5005861664712725,98.49452554744525,23687552.950000286,91.01277372262774,0.10227272727272389,0.04773761894525681,-1.2064861705095673,98.76824817518248,15,-1.0841208185981777,0.6849816849816992,1.5121322236549029,-0.7965579394150879,0.18193891102257817,1.764154260930718,1.2938289169482484,1788929220,851.0,0.2937720329024618,0.2937720329024618,-0.2937720329024618,0.4230317273795636,0.7520564042303168,1.5863689776733247,1.5863689776733247,-1.5863689776733247,1.5863689776733247,1.915393654524078,0.5875440658049458,0.5875440658049458,-0.5875440658049458,1.5863689776733247,1.915393654524078,993849
BSE_EQ|509488,Graphite,431e12e6b1e8835e20f0b054,1788930175.263697,10:32:55,VWAP_REVERSION,1,SHORT,False,False,False,account_analysis_capacity_in_use,0.06963,68.92069995844747,1,99.3049,68.92069995844747,99.4902687673772,1.724638522733874,99.30491195551437,18709587.950000525,88.92493049119555,0.20855614973262215,-0.06794401413235494,1.0235073861572086,99.11955514365152,15,1.4969181097739925,0.7703927492447151,1.7177559282822468,1.5863689776733247,0.48387096774193783,1.8854829381145117,1.7449208013374518,1788930180,861.45,-0.8648209414359509,0.8648209414359509,0.8648209414359509,0.8648209414359509,1.1724418132218806,-0.37146671310001045,0.37146671310001045,0.37146671310001045,0.9809042892797049,1.2885251610656345,-0.31922920657031506,0.31922920657031506,0.31922920657031506,0.9809042892797049,1.2885251610656345,993850
BSE_EQ|509488,Graphite,be68f280f08991b34d296439,1788930480.571797,10:38:00,VWAP_REVERSION,1,SHORT,False,False,False,maximum_concurrent_trade_slots_in_use,0.09947,67.16745188308839,1,98.4793,67.16745188308839,99.5852534562212,1.182669789227169,98.47926267281106,19775422.05000019,91.47465437788019,0.6666666666666712,-0.060548395467514206,-0.804272545968442,98.11059907834101,15,-0.8648209414359509,0.7641025641025687,1.182669789227169,0.0,0.0,1.7388758782201432,1.194425543711096,1788930540,853.45,0.369090163454211,0.369090163454211,-0.369090163454211,0.5507059581697726,0.6034331243775282,0.6444431425391084,0.6444431425391084,-0.6444431425391084,0.8260589372546701,0.8787861034624256,0.45111019977737143,0.45111019977737143,-0.45111019977737143,1.2361591188704724,1.288886285078228,993850
BSE_EQ|509488,Graphite,419bea65f7c364ed1b68aeb2,1788930484.378021,10:38:04,VOLATILITY_IGNITION,1,SHORT,False,False,False,maximum_concurrent_trade_slots_in_use,0.10539,67.16927248693777,1,98.2854,67.16927248693777,99.58294717330863,1.182669789227169,98.28544949026877,20164741.55000019,91.51992585727525,0.6666666666666666,-0.06346788525005986,-0.7552998982700557,97.72937905468025,15,-0.8648209414359509,0.7641025641025687,1.182669789227169,0.0,0.0,1.7388758782201432,1.194425543711096,1788930540,853.45,0.369090163454211,0.369090163454211,-0.369090163454211,0.5507059581697726,0.6034331243775282,0.6444431425391084,0.6444431425391084,-0.6444431425391084,0.8260589372546701,0.8787861034624256,0.45111019977737143,0.45111019977737143,-0.45111019977737143,1.2361591188704724,1.288886285078228,993850
BSE_EQ|509488,Graphite,73558b332f90a5ae05a9082b,1788930624.288755,10:40:24,OPENING_RANGE_ACCEPTANCE,4,LONG,False,False,False,maximum_concurrent_trade_slots_in_use,0.11678,67.00312483893948,4,97.7146,67.00312483893948,99.58022388059702,1.004320915566977,97.71455223880598,16860836.350000143,89.03917910447761,0.5135135135135014,-0.08453302826175726,-0.5306016049787335,95.10261194029852,15,-0.8244788945015458,0.8452380952381002,1.0538024705813478,0.06444053895722224,0.01748807631160438,1.7387740764592265,1.6849701435649853,1788930660,855.0,0.16374269005847708,0.16374269005847708,0.16374269005847708,0.36842105263157343,0.4619883040935524,0.5087719298245696,0.5087719298245696,0.5087719298245696,0.6491228070175437,0.7426900584795226,0.4269005847953089,0.4269005847953089,0.4269005847953089,1.0526315789473717,1.1461988304093507,993850
BSE_EQ|509488,Graphite,5ee19551e2d43d8650b95563,1788935330.180567,11:58:50,VWAP_REVERSION,4,SHORT,False,False,False,maximum_concurrent_trade_slots_in_use,0.15789,48.61283782571332,4,98.4135,48.61283782571332,99.5673076923077,0.9298245614035141,98.41346153846153,10034307.400000095,85.8173076923077,0.3355704697986506,0.0,-0.5813953488372093,98.41346153846153,15,0.12800372374468516,0.25000000000000644,0.24405834156544934,0.36157928500613057,0.22794117647059334,0.598524028124829,3.0175438596491224,1788935340,856.0,-0.1343457943925208,0.1343457943925208,0.1343457943925208,0.3446261682243046,0.4088785046729049,0.45560747663551115,0.45560747663551115,-0.45560747663551115,0.5841121495327117,0.9287383177570163,0.27453271028037296,0.27453271028037296,-0.27453271028037296,0.5841121495327117,0.9287383177570163,993852
BSE_EQ|509488,Graphite,e64d2bb9474e3e4727105efd,1788935883.330915,12:08:03,VWAP_REVERSION,6,SHORT,False,False,False,maximum_concurrent_trade_slots_in_use,0.11647,48.29118008736731,6,97.447,48.29118008736731,99.56647398843931,0.7628697880270287,97.44701348747591,1941310.399999857,62.957610789980734,0.44444444444444603,-0.010214744439351959,0.5547431126107879,98.21772639691714,15,0.5445283681714264,0.7948717948717879,0.7628697880270287,-0.08727526618955705,0.043478260869565216,1.1472163987887285,0.1653912614169341,1788935940,860.0,-0.0116279069767522,0.0116279069767522,0.0116279069767522,0.16279069767441978,0.27906976744185297,-0.052325581395351595,0.052325581395351595,0.052325581395351595,0.16860465116279588,0.28488372093022907,0.11627906976743319,0.11627906976743319,-0.11627906976743319,0.34883720930232176,0.5406976744185998,993853
BSE_EQ|509488,Graphite,c0520e5d4a6b482e8e0f7c41,1788935904.020798,12:08:24,OPENING_RANGE_ACCEPTANCE,6,LONG,False,False,False,maximum_concurrent_trade_slots_in_use,0.09904,48.27960985770764,6,97.381,48.27960985770764,99.57142857142857,0.7453994875378629,97.38095238095238,1912290.0,63.476190476190474,0.5,-0.014712411638950046,0.4357650432179001,96.52380952380952,15,0.5445283681714264,0.7948717948717879,0.7628697880270287,-0.08727526618955705,0.043478260869565216,1.1472163987887285,0.1653912614169341,1788935940,860.0,-0.0116279069767522,0.0116279069767522,-0.0116279069767522,0.16279069767441978,0.27906976744185297,-0.052325581395351595,0.052325581395351595,-0.052325581395351595,0.16860465116279588,0.28488372093022907,0.11627906976743319,0.11627906976743319,0.11627906976743319,0.34883720930232176,0.5406976744185998,993853
BSE_EQ|509488,Graphite,85d517792a397414ed1822e5,1788938343.663428,12:49:03,VWAP_REVERSION,6,SHORT,False,False,False,maximum_concurrent_trade_slots_in_use,0.15152,45.585412098734025,6,96.7028,45.585412098734025,99.45866141732283,0.7808857808857862,96.70275590551181,9229606.400000095,85.48228346456693,0.6598639455782324,0.004907945986457338,-0.24326618097279004,86.95866141732283,15,-0.11627906976744429,0.14925373134328257,0.7101280558789317,0.0,0.0,0.7101280558789317,4.609115022908126,1788938400,856.5,0.20431990659661725,0.20431990659661725,-0.20431990659661725,0.26853473438410713,0.26853473438410713,-0.058377116170460486,0.058377116170460486,0.058377116170460486,0.28604786923527303,0.4611792177466545,0.14010507880910517,0.14010507880910517,-0.14010507880910517,0.3502626970227629,0.5253940455341444,993854
BSE_EQ|509488,Graphite,2e150b5a634b4bac139d2e60,1788938478.040019,12:51:18,OPENING_RANGE_ACCEPTANCE,3,LONG,False,False,False,account_analysis_capacity_in_use,0.07569,45.40020315019977,3,99.3526,45.40020315019977,99.45219123505976,1.1236609222170577,99.35258964143426,9647338.549999952,85.70717131474103,0.7391304347826302,0.0,-0.2033583173551798,84.61155378486056,15,-0.3716392776261457,0.3368421052631467,1.1249052864720046,-0.24999999999999467,0.13149847094801248,1.1249052864720046,0.8082930985515477,1788938520,858.75,-0.029112081513826826,0.029112081513826826,-0.029112081513826826,0.2037845705967989,0.2037845705967989,-0.1106259097525486,0.1106259097525486,-0.1106259097525486,0.4366812227074246,0.4599708879184816,-0.5705967976710302,0.5705967976710302,-0.5705967976710302,0.9082969432314347,0.9956331877729263,993854
BSE_EQ|509488,Graphite,6860cdefa7532ce59099c5a2,1788940238.244264,13:20:38,VWAP_REVERSION,2,SHORT,False,False,False,account_analysis_capacity_in_use,0.13493,42.63296096041719,2,98.7335,42.63296096041719,99.44275582573455,0.8799718409010912,98.73353596757852,2389700.350000143,66.0081053698075,0.8181818181818432,-0.007209285559794468,-0.7034151319611774,99.13880445795338,15,-0.08154706430567593,0.41176470588232933,0.2098635886673609,0.1985981308411322,0.20481927710844033,0.41389763320507805,1.7621973256234187,1788940260,854.15,0.9190423227770417,0.9190423227770417,-0.9190423227770417,0.9190423227770417,1.1356319147690863,1.2995375519522456,1.2995375519522456,-1.2995375519522456,2.0019902827372205,2.218579874729265,0.7083065035415448,0.7083065035415448,-0.7083065035415448,2.0019902827372205,2.218579874729265,993855
BSE_EQ|509488,Graphite,f4a903b5ddd158d9c6496bba,1788940246.050263,13:20:46,VOLATILITY_IGNITION,1,SHORT,False,False,False,account_analysis_capacity_in_use,0.1056,42.63208931824415,1,98.8169,42.63208931824415,99.53703703703704,0.8799718409010912,98.81687242798354,2388508.9000000954,65.89506172839506,0.8181818181818432,-0.004563725361016777,-0.7696373340720225,99.12551440329219,15,-0.08154706430567593,0.41176470588232933,0.2098635886673609,0.1985981308411322,0.20481927710844033,0.41389763320507805,1.7621973256234187,1788940260,854.15,0.9190423227770417,0.9190423227770417,-0.9190423227770417,0.9190423227770417,1.1356319147690863,1.2995375519522456,1.2995375519522456,-1.2995375519522456,2.0019902827372205,2.218579874729265,0.7083065035415448,0.7083065035415448,-0.7083065035415448,2.0019902827372205,2.218579874729265,993855
BSE_EQ|509488,Graphite,876e3b68b20a9521ed29508e,1788940535.06026,13:25:35,OPENING_RANGE_ACCEPTANCE,4,LONG,False,False,False,maximum_concurrent_trade_slots_in_use,0.05822,42.66302617346277,4,98.3647,42.66302617346277,99.45490584737364,0.9302325581395349,98.36471754212091,4899326.749999523,80.22794846382557,0.7198067632850349,0.0,0.8442776735459716,99.35579781962339,15,-0.390738904764687,0.6767676767676907,0.7494145199063206,-0.29770591325666285,0.24401913875597545,1.0011709601873484,1.3606397503413303,1788940560,862.0,-0.017401392111371372,0.017401392111371372,-0.017401392111371372,0.45243619489558906,0.8932714617169379,-0.058004640371234206,0.058004640371234206,-0.058004640371234206,1.0730858468677384,1.5255220417633275,-0.058004640371234206,0.058004640371234206,-0.058004640371234206,1.0730858468677384,1.5255220417633275,993855
BSE_EQ|509488,Graphite,096ceef5f1fea4e80e95358b,1788940557.34714,13:25:57,VOLATILITY_IGNITION,2,LONG,False,False,False,maximum_concurrent_trade_slots_in_use,0.16241,42.67278819102193,2,98.8659,42.67278819102193,99.55621301775149,1.1252900232018614,98.86587771203156,4556777.749999523,79.14201183431953,0.6349206349206395,0.0,0.9485888277315871,99.65483234714004,15,-0.390738904764687,0.6767676767676907,0.7494145199063206,-0.29770591325666285,0.24401913875597545,1.0011709601873484,1.3606397503413303,1788940560,862.0,-0.017401392111371372,0.017401392111371372,-0.017401392111371372,0.45243619489558906,0.8932714617169379,-0.058004640371234206,0.058004640371234206,-0.058004640371234206,1.0730858468677384,1.5255220417633275,-0.058004640371234206,0.058004640371234206,-0.058004640371234206,1.0730858468677384,1.5255220417633275,993855
BSE_EQ|509488,Graphite,cd87a78ec1e3a6c1754ac6e4,1788940623.635229,13:27:03,VWAP_REVERSION,1,SHORT,False,False,False,maximum_concurrent_trade_slots_in_use,0.06388,42.68228172949504,1,99.3461,42.68228172949504,99.44668008048289,1.2833914053426327,99.34607645875252,5193312.3999996185,79.62776659959758,0.08928571428571393,0.0,0.8373836153891171,99.24547283702213,15,0.8725185922585865,0.7339901477832461,1.2829443863926702,0.37291690945111533,0.18181818181817772,1.4396841983048854,2.973060694579682,1788940680,859.1,0.8264462809917328,0.8264462809917328,-0.8264462809917328,1.41427074845768,1.530671633104408,0.4423233616575484,0.4423233616575484,-0.4423233616575484,1.41427074845768,1.530671633104408,0.366662786637173,0.366662786637173,-0.366662786637173,1.41427074845768,1.530671633104408,993855
BSE_EQ|509488,Graphite,ebe8078243bdb8de67b816e4,1788940973.200834,13:32:53,VWAP_REVERSION,1,SHORT,False,False,False,maximum_concurrent_trade_slots_in_use,0.14993,42.75704671066405,1,99.433,42.75704671066405,99.43298969072166,1.3508832698302657,99.43298969072166,26542869.35000038,93.76288659793815,0.11384615384615604,0.0,0.8089390676831806,99.5360824742268,15,0.22059677232091346,0.1900000000000091,0.8920296570898901,0.5591798695246952,0.18677042801556734,1.7203429101019356,2.6786703601108033,1788940980,866.2,-0.2886169475871614,0.2886169475871614,0.2886169475871614,0.4271530824290104,0.6349572846917728,-0.5310551835603805,0.5310551835603805,0.5310551835603805,0.7157700300161718,0.9235742322789342,-0.4444700992842332,0.4444700992842332,0.4444700992842332,0.7157700300161718,0.9235742322789342,993856
BSE_EQ|509488,Graphite,46d3b664c89f502c9676f39f,1788941340.093181,13:39:00,VWAP_REVERSION,7,SHORT,False,False,False,maximum_concurrent_trade_slots_in_use,0.08711,42.15910609004402,7,97.3313,42.15910609004402,99.44612286002014,0.7724025785469513,97.33131923464249,3978704.7000005245,74.97482376636455,0.7534246575342278,0.0,-0.703534974914931,98.74118831822759,15,-0.7035349749149322,0.6703296703296671,0.7665950403623798,0.9083450539146831,0.2388289676425283,2.172019281026778,0.13413749092820143,1788941400,861.0,0.09872241579558239,0.09872241579558239,-0.09872241579558239,0.22067363530777762,0.33681765389081963,0.06968641114983853,0.06968641114983853,-0.06968641114983853,0.22067363530777762,0.33681765389081963,0.1509872241579613,0.1509872241579613,-0.1509872241579613,0.3832752613240453,0.49941927990708734,993856
BSE_EQ|509488,Graphite,5e769e7757505ef4058c8178,1788944293.232817,14:28:13,VWAP_REVERSION,5,SHORT,False,False,False,dhan_authorization_or_ip_unavailable,0.01729,38.688928383509925,5,97.5481,38.688928383509925,99.47115384615385,0.8705678869991299,97.54807692307692,4638747.949999571,76.10576923076923,0.02145922746781141,0.0,0.556554003130611,97.54807692307692,15,0.48616738048385955,0.6562499999999978,0.8697154705679017,0.6609461966604835,0.41605839416059276,0.8697154705679017,2.6403313157056387,1788944340,866.0,0.2655889145496415,0.2655889145496415,-0.2655889145496415,0.4618937644341736,0.48498845265588786,-1.2355658198614394,1.2355658198614394,1.2355658198614394,1.737875288683599,2.1997690531177727,-1.2759815242494144,1.2759815242494144,1.2759815242494144,2.0323325635103973,2.494226327944571,993857
BSE_EQ|509488,Graphite,b49c66d0660164422f3aac69,1788944671.554481,14:34:31,VWAP_REVERSION,2,SHORT,False,False,False,dhan_authorization_or_ip_unavailable,0.08747,37.55049003305475,2,99.2166,37.55049003305475,99.40092165898618,1.4636421948801626,99.21658986175115,18813085.04999876,89.81566820276498,0.6022099447513792,-0.03681207436039021,-0.9562021857862422,99.12442396313365,15,0.2655889145496415,0.442307692307699,0.4837037890130192,0.643291799478396,0.3313432835820913,0.921340550500979,0.7858349665472731,1788944700,854.1,0.011708230886320337,0.011708230886320337,-0.011708230886320337,0.6790773914061576,1.047886664325015,-0.05268703898841931,0.05268703898841931,0.05268703898841931,0.6790773914061576,1.346446551926006,-1.563048823322799,1.563048823322799,1.563048823322799,2.253834445615266,2.9329118370214236,993858
BSE_EQ|509488,Graphite,643de283a346734d7eb2e38c,1788945055.814039,14:40:55,VWAP_REVERSION,7,SHORT,False,False,False,dhan_authorization_or_ip_unavailable,0.09361,37.493923701343725,7,96.9545,37.493923701343725,99.59090909090908,0.8719569288389434,96.95454545454545,12434143.44999957,83.95454545454545,0.03773584905659204,-0.0772399610809838,-0.3887432635229305,92.5,15,0.011708230886320337,0.008771929824563415,1.047763989697955,-1.002491742481304,0.22673656618610835,2.2301568719269436,1.2434584443041101,1788945060,854.65,-0.3744222781255413,0.3744222781255413,0.3744222781255413,0.7312935119639596,1.140817878663769,-0.11115661381851938,0.11115661381851938,0.11115661381851938,0.7312935119639596,1.140817878663769,-1.6088457263207179,1.6088457263207179,1.6088457263207179,2.3167378459018284,2.8842216111858665,993858
BSE_EQ|509488,Graphite,3c268650d21b415907fa8e9b,1788945142.122289,14:42:22,OPENING_RANGE_ACCEPTANCE,4,LONG,False,False,False,dhan_authorization_or_ip_unavailable,0.05826,37.39564603651282,4,97.4701,37.39564603651282,99.40202391904323,0.8390141583639145,97.47010119595217,12950933.999999285,83.67065317387305,0.6756756756756673,-0.04604051565377271,0.5319889934055265,97.37810487580496,15,-0.075956763073326,0.09090909090908803,0.6198105484738574,-1.2586605080831426,0.303621169916436,2.2278096129107654,0.8589883088320407,1788945180,855.6,-0.2746610565684926,0.2746610565684926,-0.2746610565684926,0.8415147265077194,0.9350163627863561,-0.12856474988313105,0.12856474988313105,-0.12856474988313105,0.8415147265077194,0.9350163627863561,-1.0986442262739593,1.0986442262739593,-1.0986442262739593,2.425198690977093,2.8810191678354413,993858
BSE_EQ|509488,Graphite,9996ce26dffcc01bb3d05157,1788945522.178227,14:48:42,VWAP_REVERSION,9,SHORT,False,False,False,dhan_authorization_or_ip_unavailable,0.08792,36.98218432240304,9,96.0952,36.98218432240304,99.50628366247756,0.7209847596717441,96.0951526032316,6889184.850000143,73.74326750448833,0.3015873015873291,-0.005273720549033578,-0.1994645070028822,80.2064631956912,15,-0.2746610565684926,0.2848484848484915,0.9375915616759449,-1.5234577875238076,0.3616438356164441,2.443598007617934,0.5495054792472176,1788945540,854.05,0.07025349803875258,0.07025349803875258,-0.07025349803875258,0.1697792869270076,0.3102862830045128,-1.4753234588138708,1.4753234588138708,1.4753234588138708,1.5280135823429464,2.16614952286166,-0.9776945143726845,0.9776945143726845,0.9776945143726845,2.2481119372402047,2.8862478777589184,993858
BSE_EQ|506076,Grindwell Norton,e1a888427b4b685176affd36,1788943468.227146,14:14:28,OPENING_RANGE_ACCEPTANCE,7,SHORT,False,False,False,maximum_concurrent_trade_slots_in_use,0.19577,20.14284299963865,7,95.782,20.14284299963865,98.90995260663507,0.6507936507936485,95.781990521327,7569.0,2.6066350710900474,1.0,-0.07178235589692053,-0.5748033561358795,98.05687203791469,15,-0.6465857120327989,1.0,0.6507936507936484,-0.513225424397945,0.2838427947598261,0.6507936507936484,0.15841584158415842,1788943500,1890.0,0.0,0.0,-0.0,0.0,0.0,0.16137566137566228,0.16137566137566228,-0.16137566137566228,0.16137566137566228,0.16137566137566228,-0.11111111111110628,0.11111111111110628,0.11111111111110628,0.35449735449735176,0.46560846560845803,993857
NSE_EQ|29731,Gujarat Themis Biosyn,8f18346a028b6416bec4df13,1788926154.82427,09:25:54,GAP_REJECTION,6,SHORT,True,True,True,ai_ran,0.09846,17.663815664366314,6,97.8546,17.663815664366314,97.85464098073555,2.3263433813892602,98.20490367775831,33000126.450000003,87.87215411558668,0.06329113924050742,0.02885311557887632,1.4339128418679372,97.4168126094571,11,1.4834495737850117,0.6090909090909132,2.21446492854806,,,,,1788926160,459.05,-1.0129615510293122,1.0129615510293122,1.0129615510293122,1.9496786842391867,1.9496786842391867,-1.0456377300947617,1.0456377300947617,1.0456377300947617,1.9823548633046584,1.9823548633046584,-1.6773771920270075,1.6773771920270075,1.6773771920270075,1.9823548633046584,1.9823548633046584,993847
NSE_EQ|29731,Gujarat Themis Biosyn,2a69ed25f4adaa945ccdd872,1788926221.846482,09:27:01,OPENING_DRIVE,10,SHORT,False,False,False,assigned_stock_analysis_already_active,0.0443,18.548975174214043,10,97.3169,18.548975174214043,97.31686541737649,2.2369878183831724,98.50936967632026,34458746.3,89.05451448040887,0.9869281045751604,0.020177646114844273,0.42476117479728026,75.34071550255537,12,0.4449388209121219,0.11695906432748522,2.2369878183831724,,,,,1788926280,450.9,0.6875138611665665,0.6875138611665665,-0.6875138611665665,1.3972055888223478,1.3972055888223478,0.4435573297848716,0.4435573297848716,-0.4435573297848716,1.3972055888223478,1.6078953204701651,0.03326679973387758,0.03326679973387758,-0.03326679973387758,1.3972055888223478,1.6078953204701651,993847
NSE_EQ|29731,Gujarat Themis Biosyn,a9bc7c74f9d599a683bf5f02,1788926313.797196,09:28:33,VOLATILITY_IGNITION,4,LONG,False,False,False,assigned_stock_open_intraday_position_exists,0.07675,19.302087991951094,4,97.5105,19.302087991951094,97.67932489451476,1.9627192982456114,97.51054852320675,34412381.00000001,89.49367088607595,0.8793103448275797,0.04295532646047866,0.6415224832105355,87.38396624472574,13,0.18886790356626992,0.04956268221574135,2.140164116212028,,,,,1788926340,455.5,-0.5598243688254678,0.5598243688254678,-0.5598243688254678,0.7025246981339217,1.075740944017567,-0.35126234906696086,0.35126234906696086,-0.35126234906696086,1.2184412733260208,1.591657519209666,-0.5488474204171201,0.5488474204171201,-0.5488474204171201,1.2184412733260208,1.591657519209666,993847
NSE_EQ|29731,Gujarat Themis Biosyn,38a3805c08e12b271458c6d6,1788930752.242232,10:42:32,VWAP_REVERSION,2,LONG,False,False,False,maximum_concurrent_trade_slots_in_use,0.1127,11.842538415128846,2,97.4154,11.842538415128846,97.41541353383458,0.8678011946354031,97.5093984962406,3503831.600000024,69.68984962406014,0.02325581395349452,-0.06630579113512096,-0.4940438670515876,95.91165413533834,15,-0.7620755351339215,0.871794871794871,0.8695652173912967,-1.171875,0.6521739130434635,1.219649915302084,1.235899255054984,1788930780,443.65,0.5296968330891438,0.5296968330891438,0.5296968330891438,0.5296968330891438,0.6423982869378952,-1.1382846838724148,1.1382846838724148,-1.1382846838724148,1.2735264284909231,1.9159247154288295,-1.6116307900371885,1.6116307900371885,-1.6116307900371885,1.6116307900371885,2.254029076975095,993850
NSE_EQ|29731,Gujarat Themis Biosyn,eb09149364d9b2bc5558c84f,1788931596.759105,10:56:36,VWAP_REVERSION,9,LONG,False,False,False,maximum_concurrent_trade_slots_in_use,0.0789,12.204790701040064,9,95.5019,12.204790701040064,96.92234848484848,0.8566275924256113,95.50189393939394,7532798.25,82.33901515151516,0.27777777777776724,0.056562159341219095,-0.6058279367204341,96.2594696969697,15,-0.7058823529411673,0.74117647058823,0.7673211464680607,-0.101454176530269,0.04147465437787927,0.880162491536894,5.2663755458515285,1788931620,443.6,-1.1496844003606954,1.1496844003606954,-1.1496844003606954,1.487826871055009,1.487826871055009,-1.3412984670874817,1.3412984670874817,-1.3412984670874817,1.5892696122632999,1.5892696122632999,-1.2623985572587926,1.2623985572587926,-1.2623985572587926,1.6005410279531174,1.6005410279531174,993850
NSE_EQ|29731,Gujarat Themis Biosyn,f46707336b665fe65f1f5298,1788931675.618733,10:57:55,VOLATILITY_IGNITION,3,SHORT,False,False,False,maximum_concurrent_trade_slots_in_use,0.0797,12.615039768968881,3,97.2805,12.615039768968881,97.28053435114504,1.870437956204377,99.66603053435115,11834190.999999985,86.97519083969466,0.8666666666666742,0.06124323836390974,-1.8093382630165342,99.95229007633588,15,-0.5492657773792153,0.5384615384615347,0.8566275924256112,0.19198193111236161,0.08056872037914942,0.8566275924256112,16.93421052631579,1788931680,438.6,-0.3533971728226226,0.3533971728226226,0.3533971728226226,0.364797081623347,0.4901960784313597,-0.4787961696306464,0.4787961696306464,0.4787961696306464,0.4787961696306464,0.6041951664386591,-0.011399908800735492,0.011399908800735492,0.011399908800735492,0.4787961696306464,0.7067943456452452,993850
NSE_EQ|29731,Gujarat Themis Biosyn,df2f307526ca48f9402b21c7,1788931679.200233,10:57:59,OPENING_RANGE_ACCEPTANCE,3,SHORT,False,False,False,maximum_concurrent_trade_slots_in_use,0.0798,12.615039768968881,3,97.2805,12.615039768968881,97.28053435114504,1.870437956204377,99.66603053435115,11834190.999999985,86.97519083969466,0.8666666666666742,0.06124323836390974,-1.8093382630165342,99.95229007633588,15,-0.5492657773792153,0.5384615384615347,0.8566275924256112,0.19198193111236161,0.08056872037914942,0.8566275924256112,16.93421052631579,1788931680,438.6,-0.3533971728226226,0.3533971728226226,0.3533971728226226,0.364797081623347,0.4901960784313597,-0.4787961696306464,0.4787961696306464,0.4787961696306464,0.4787961696306464,0.6041951664386591,-0.011399908800735492,0.011399908800735492,0.011399908800735492,0.4787961696306464,0.7067943456452452,993850
NSE_EQ|29731,Gujarat Themis Biosyn,174a1bd0ca18a5632074f847,1788931941.051424,11:02:21,VWAP_REVERSION,1,LONG,False,False,False,account_analysis_capacity_in_use,0.09122,12.833483638759711,1,97.7404,12.833483638759711,97.74038461538461,1.0490307867730952,98.02884615384615,6193115.849999994,78.22115384615384,1.0,0.02833951148950161,-0.7303322651126951,98.02884615384615,15,-1.1496844003606954,0.6623376623376613,1.5051311288483518,-1.3498312710911176,0.36363636363636365,2.1664766248574687,0.47547122706278866,1788931980,437.05,0.21736643404643985,0.21736643404643985,0.21736643404643985,0.2402471113144955,0.35465049765472934,0.10296304770620601,0.10296304770620601,0.10296304770620601,0.26312778858252894,0.3889715135567906,0.06864203180414474,0.06864203180414474,0.06864203180414474,0.6063379476032527,0.7321816725775143,993851
NSE_EQ|29731,Gujarat Themis Biosyn,beab37df4525da2328b62bd8,1788933842.063296,11:34:02,VWAP_REVERSION,8,LONG,False,False,False,maximum_concurrent_trade_slots_in_use,0.09133,9.715308536204253,8,96.4494,9.715308536204253,96.44941634241245,0.7420938463294896,96.44941634241245,2127129.349999994,63.57003891050583,0.19354838709675823,0.0,-0.35267349260523584,91.78015564202335,15,-0.3526734926052377,0.5636363636363794,0.7420938463294897,0.1486393780013584,0.0742857142857117,0.7877611599497634,2.565363782755087,1788933900,437.6,0.20566727605118018,0.20566727605118018,0.20566727605118018,0.20566727605118018,0.20566727605118018,-0.20566727605119128,0.20566727605119128,-0.20566727605119128,0.3656307129798919,0.5712979890310721,-0.3656307129798919,0.3656307129798919,-0.3656307129798919,0.7198354661791639,0.9255027422303441,993852
NSE_EQ|29731,Gujarat Themis Biosyn,0e478058cbdf148ebe0aa535,1788934860.298839,11:51:00,VWAP_REVERSION,9,LONG,False,False,False,maximum_concurrent_trade_slots_in_use,0.05725,8.201842744898537,9,96.2345,8.201842744898537,96.23450905624405,0.8133806850727487,96.90181124880839,6936173.949999958,81.07721639656816,0.053333333333330304,-0.05806077027289882,-0.28444408187917336,89.08484270734033,15,-0.285420710126727,0.7142857142857143,0.8129150446530825,-0.3309368937578383,0.3972602739725959,0.927410121364784,7.866346032147829,1788934920,435.95,0.1835072829452944,0.1835072829452944,0.1835072829452944,0.2293841036816069,0.26379171923384126,0.0,0.0,0.0,0.2293841036816069,0.29819933478609784,0.458768207363236,0.458768207363236,0.458768207363236,0.6881523110448429,1.0436976717513535,993852
NSE_EQ|29731,Gujarat Themis Biosyn,9d68836685fcfc6d3e91803c,1788937131.708327,12:28:51,VWAP_REVERSION,6,LONG,False,False,False,maximum_concurrent_trade_slots_in_use,0.11473,6.995736555761557,6,95.3928,6.995736555761557,95.97478176527643,0.5851307939421779,95.39282250242483,2113583.6500000358,65.03394762366635,0.3750000000000015,0.08067118425298483,-0.36667965010357406,94.6168768186227,15,0.06860278984679447,0.3333333333333333,0.22851919561243142,0.38999770589585037,0.2615384615384731,1.0397623400365656,0.22907231555880203,1788937140,435.95,0.24085330886569611,0.24085330886569611,0.24085330886569611,0.24085330886569611,0.48170661773139223,0.5619910540199502,0.5619910540199502,0.5619910540199502,0.5619910540199502,0.8028443628856463,0.9748824406468737,0.9748824406468737,0.9748824406468737,0.9978208510150299,1.238674159880726,993853
NSE_EQ|29731,Gujarat Themis Biosyn,97ccd6907b023f71539e70fd,1788937213.852234,12:30:13,VOLATILITY_IGNITION,7,SHORT,False,False,False,maximum_concurrent_trade_slots_in_use,0.08046,7.319486760247238,7,95.4985,7.319486760247238,95.49854791868344,0.6436781609195429,96.17618586640852,10534105.450000018,85.23717328170378,0.6571428571428014,0.09742632134448692,-0.57786558009535,98.20909970958374,15,-0.5033173186913875,0.6875000000000044,0.6438261669349302,-0.08041355542791617,0.04093567251462276,1.04621752126926,6.692723138146674,1788937260,436.1,0.1834441641825224,0.1834441641825224,-0.1834441641825224,0.20637468470534603,0.20637468470534603,0.6649850951616632,0.6649850951616632,-0.6649850951616632,0.6993808759458764,0.6993808759458764,1.192387067186429,1.192387067186429,-1.192387067186429,1.192387067186429,1.192387067186429,993854
NSE_EQ|29731,Gujarat Themis Biosyn,a68ac6352fe293181bcbec2c,1788937217.472424,12:30:17,OPENING_RANGE_ACCEPTANCE,7,SHORT,False,False,False,maximum_concurrent_trade_slots_in_use,0.09175,7.319486760247238,7,95.4985,7.319486760247238,95.49854791868344,0.6436781609195429,96.17618586640852,10534105.450000018,85.23717328170378,0.6571428571428014,0.09742632134448692,-0.57786558009535,98.20909970958374,15,-0.5033173186913875,0.6875000000000044,0.6438261669349302,-0.08041355542791617,0.04093567251462276,1.04621752126926,6.692723138146674,1788937260,436.1,0.1834441641825224,0.1834441641825224,-0.1834441641825224,0.20637468470534603,0.20637468470534603,0.6649850951616632,0.6649850951616632,-0.6649850951616632,0.6993808759458764,0.6993808759458764,1.192387067186429,1.192387067186429,-1.192387067186429,1.192387067186429,1.192387067186429,993854
NSE_EQ|29731,Gujarat Themis Biosyn,1cfe71a2e62527afc3e72e37,1788940749.261043,13:29:09,VWAP_REVERSION,8,LONG,False,False,False,maximum_concurrent_trade_slots_in_use,0.06913,5.710873604079135,8,94.4277,5.710873604079135,94.42771084337349,0.7719783385182677,97.64056224899599,7543300.550000012,84.3875502008032,0.4516129032257958,0.0062465063749200704,-0.3278268440342824,94.6285140562249,15,-0.3215803376593662,0.28000000000001,0.7719783385182677,-1.3189312109152973,0.5321100917431242,1.912662749164653,4.002301117685733,1788940800,434.55,-0.3681969853871925,0.3681969853871925,-0.3681969853871925,0.5177770107007262,0.586813945460829,-0.08054309055345321,0.08054309055345321,-0.08054309055345321,0.5753077896674674,0.6443447244275702,-0.12656771372684394,0.12656771372684394,-0.12656771372684394,0.5753077896674674,0.690369347600972,993855
NSE_EQ|29731,Gujarat Themis Biosyn,50db09b12d0c215ae845f488,1788944581.60741,14:33:01,VOLATILITY_IGNITION,10,SHORT,False,False,False,dhan_authorization_or_ip_unavailable,0.11582,7.034771105888342,10,95.4545,7.034771105888342,95.73570759137769,0.6720741599072948,95.45454545454545,3853827.350000024,73.80506091846298,1.0,-0.028203440819775737,-0.4790596442620754,96.57919400187441,15,-0.5072630850818549,0.9565217391304252,0.6720741599072948,-0.34642032332563577,0.2,0.7415990730011561,6.949308755760368,1788944640,432.55,-0.11559357299734119,0.11559357299734119,0.11559357299734119,0.11559357299734119,0.20806843139521414,-0.06935614379840471,0.06935614379840471,0.06935614379840471,0.35834007629176323,0.4508149346896362,-0.20806843139522524,0.20806843139522524,0.20806843139522524,0.35834007629176323,0.4508149346896362,993858
NSE_EQ|29731,Gujarat Themis Biosyn,ba4b60f20efdb6f454177642,1788944583.586122,14:33:03,OPENING_RANGE_ACCEPTANCE,10,SHORT,False,False,False,dhan_authorization_or_ip_unavailable,0.15058,7.034771105888342,10,95.4545,7.034771105888342,95.73570759137769,0.6720741599072948,95.45454545454545,3853827.350000024,73.80506091846298,1.0,-0.028203440819775737,-0.4790596442620754,96.57919400187441,15,-0.5072630850818549,0.9565217391304252,0.6720741599072948,-0.34642032332563577,0.2,0.7415990730011561,6.949308755760368,1788944640,432.55,-0.11559357299734119,0.11559357299734119,0.11559357299734119,0.11559357299734119,0.20806843139521414,-0.06935614379840471,0.06935614379840471,0.06935614379840471,0.35834007629176323,0.4508149346896362,-0.20806843139522524,0.20806843139522524,0.20806843139522524,0.35834007629176323,0.4508149346896362,993858
NSE_EQ|29731,Gujarat Themis Biosyn,aff33647b1ad2286e287ca77,1788944605.05387,14:33:25,VWAP_REVERSION,9,LONG,False,False,False,dhan_authorization_or_ip_unavailable,0.08095,6.245817190675453,9,94.8778,6.245817190675453,94.87781954887218,0.7863999074823584,97.03947368421053,4515222.850000083,75.42293233082707,0.13513513513513348,-0.03320473303363042,-0.2895618375715517,91.30639097744361,15,-0.5072630850818549,0.9565217391304252,0.6720741599072948,-0.34642032332563577,0.2,0.7415990730011561,6.949308755760368,1788944640,432.55,-0.11559357299734119,0.11559357299734119,-0.11559357299734119,0.11559357299734119,0.20806843139521414,-0.06935614379840471,0.06935614379840471,-0.06935614379840471,0.35834007629176323,0.4508149346896362,-0.20806843139522524,0.20806843139522524,-0.20806843139522524,0.35834007629176323,0.4508149346896362,993858
NSE_EQ|13966,HBL Engineering,b8b3e476cc503db572c3e6b9,1788928666.178871,10:07:46,VWAP_REVERSION,8,SHORT,False,False,False,maximum_concurrent_trade_slots_in_use,0.05266,12.42020040148865,8,97.2173,12.42020040148865,97.2173144876325,1.1515430677107323,97.57067137809187,161137455.9499998,98.89575971731449,0.04871060171919857,-0.011874657536367277,0.827849183209709,97.65901060070671,15,1.0892667375132836,0.8200000000000045,1.2680683311432297,1.0221691225275498,0.41176470588235936,1.4914586070959295,3.0717326155314866,1788928680,758.05,-0.18468438757337502,0.18468438757337502,0.18468438757337502,0.2704307103753023,0.5012861948420322,0.31660180726866827,0.31660180726866827,-0.31660180726866827,0.3495811621924805,0.6200118725677828,-0.40234813007057335,0.40234813007057335,0.40234813007057335,1.860035617703315,2.2623837477738884,993849
NSE_EQ|13966,HBL Engineering,fd6b93f71295f1362f57b94d,1788929979.162735,10:29:39,VWAP_REVERSION,4,SHORT,False,False,False,maximum_concurrent_trade_slots_in_use,0.03258,13.225906322927939,4,97.7662,13.225906322927939,97.76615969581749,1.6081776157301937,99.38212927756655,242381980.19999957,99.19201520912547,0.26562500000000006,0.0,0.9331668528619337,99.00190114068441,15,1.1584282235240106,0.7857142857142806,1.4509727373283852,1.4991414608374054,0.6219178082191678,1.6071312382067828,4.207170876058083,1788930000,769.35,-1.0463378176382765,1.0463378176382765,1.0463378176382765,1.0853317735750934,1.449275362318836,-2.3201403782413754,2.3201403782413754,2.3201403782413754,3.139013452914796,3.5029570416585387,-3.3794761811919205,3.3794761811919205,3.3794761811919205,3.879898615714572,4.243842204458314,993849
NSE_EQ|13966,HBL Engineering,6679b821bd289db0de2a7e47,1788930863.873701,10:44:23,VWAP_REVERSION,3,LONG,False,False,False,maximum_concurrent_trade_slots_in_use,0.06024,16.59216718445312,3,98.3333,16.59216718445312,98.33333333333333,1.3859132297803995,99.38095238095238,295785585.09999704,99.47619047619047,0.2955223880597042,-0.022016546430100703,-1.0509732535434089,99.47619047619047,15,-0.790540091676073,0.6102564102564104,1.3660104459622247,-2.8746097814776106,0.7245901639344232,3.6092138743805986,0.8693100078367243,1788930900,751.35,-0.38597191721567725,0.38597191721567725,-0.38597191721567725,0.5257203700006707,0.7120516403806398,-1.0647501164570472,1.0647501164570472,-1.0647501164570472,1.577161110002001,1.7634923803819702,-1.3509017102548704,1.3509017102548704,-1.3509017102548704,1.577161110002001,1.7634923803819702,993850
NSE_EQ|13966,HBL Engineering,0277140724926f122e7d7280,1788931251.190577,10:50:51,VWAP_REVERSION,6,LONG,False,False,False,account_analysis_capacity_in_use,0.0535,17.360240756894804,6,96.57,17.360240756894804,98.30917874396135,0.8895131086142292,96.57004830917874,101970000.74999905,98.5024154589372,0.08620689655172481,0.11292257745782405,-0.6980289604365444,97.6328502415459,15,-0.38597191721567725,0.6904761904761962,0.7148106085910912,-1.6879022724287318,0.48399246704331605,2.171153717683212,0.5202184183634474,1788931260,747.35,-0.5218438482638588,0.5218438482638588,-0.5218438482638588,0.6623402689503011,0.6623402689503011,-0.7961463838897509,0.7961463838897509,-0.7961463838897509,1.05037800227471,1.05037800227471,-0.8831203586003866,0.8831203586003866,-0.8831203586003866,1.05037800227471,1.05037800227471,993850
NSE_EQ|13966,HBL Engineering,e1e61cc23fb3420e086c2435,1788931794.251468,10:59:54,VWAP_REVERSION,10,LONG,False,False,False,maximum_concurrent_trade_slots_in_use,0.04707,17.5711738095586,10,96.1207,17.5711738095586,98.32375478927203,0.7935974174456893,96.12068965517241,130632399.8999958,98.99425287356321,0.19205298013245173,0.030503039033246374,-0.21175975224483462,75.43103448275862,15,-0.3626107977437565,0.729729729729733,0.7952554252594659,-0.6295204929011589,0.29375000000000284,1.785954980455587,1.2377866470121959,1788931800,743.35,-0.2757785699872284,0.2757785699872284,-0.2757785699872284,0.29595748974239333,0.29595748974239333,-0.28923118315732355,0.28923118315732355,-0.28923118315732355,0.4170310082733608,0.4170310082733608,-0.040357839510329896,0.040357839510329896,-0.040357839510329896,0.450662541198632,0.6726306585054243,993850
NSE_EQ|13966,HBL Engineering,414edea68a0e2560ab94a443,1788935967.068605,12:09:27,VWAP_REVERSION,10,LONG,False,False,False,maximum_concurrent_trade_slots_in_use,0.02005,14.845606095037684,10,95.9056,14.845606095037684,98.21772639691714,0.6352390504847877,95.90558766859345,37240237.050001144,95.61657032755299,0.12149532710280414,-0.007872520103492391,-0.19898721564987135,83.38150289017341,15,-0.18700327255726235,0.3111111111111139,0.6356641017062563,0.020077633516257798,0.010309278350513852,0.9033121445299431,0.681278722170169,1788936000,747.5,-0.026755852842819117,0.026755852842819117,-0.026755852842819117,0.13377926421405117,0.2608695652174031,0.10702341137123206,0.10702341137123206,0.10702341137123206,0.18060200668896798,0.31438127090301915,-0.14715719063544963,0.14715719063544963,-0.14715719063544963,0.47491638795986724,0.7424749163879585,993853
NSE_EQ|13966,HBL Engineering,68a967a81e72791ba23a1ea2,1788943246.313977,14:10:46,VWAP_REVERSION,7,LONG,False,False,False,maximum_concurrent_trade_slots_in_use,0.02733,12.23675250422767,7,97.1387,12.23675250422767,97.13870029097963,0.95654550423613,98.59359844810864,101224572.00000286,98.30261881668282,0.20996441281138842,-0.010881392818283214,-0.5597707810947664,97.2356935014549,15,-0.8287480470076658,0.8356164383561572,0.9589697924515377,-0.7680804785209272,0.5736040609137152,0.9589697924515377,17.32232920678588,1788943260,732.0,-0.08879781420764177,0.08879781420764177,-0.08879781420764177,0.198087431693994,0.2595628415300699,-0.2732240437158473,0.2732240437158473,-0.2732240437158473,0.5396174863388059,0.6010928961748818,-0.6420765027322473,0.6420765027322473,-0.6420765027322473,0.676229508196724,0.7377049180327999,993857
BSE_EQ|532281,HCL Technologies,19799360d7a675d601ed3765,1788925611.88258,09:16:51,GAP_REJECTION,10,LONG,False,False,False,account_analysis_capacity_in_use,0.12533,18.752480902893204,10,95.5921,18.752480902893204,96.38157894736842,2.114498261502393,95.59210526315789,16408244.150000002,73.75,0.07362784471218224,-0.09529819709181735,-1.453083763661281,93.75,3,,,,,,,,1788925620,1236.7,0.18597881458719545,0.18597881458719545,0.18597881458719545,0.836904665642435,1.0471415864801603,0.12129053125251588,0.12129053125251588,0.12129053125251588,0.836904665642435,1.0471415864801603,0.40025875313334236,0.40025875313334236,0.40025875313334236,0.836904665642435,1.0471415864801603,993847
BSE_EQ|524735,Hikal,39187305ecae17c956cd814b,1788927803.177447,09:53:23,VOLATILITY_IGNITION,6,LONG,False,False,False,maximum_concurrent_trade_slots_in_use,0.10352,24.631210668930496,6,97.2149,24.631210668930496,98.45269672855879,1.1180124223602554,97.21485411140584,617014.5000000009,32.40495137046861,0.9473684210526205,-0.017958157493045298,0.9583970289663996,98.45269672855879,15,0.5013578441612765,0.6000000000000171,0.7067137809187349,0.10403662089055743,0.051546391752577685,0.7482851797963048,0.5641379310344828,1788927840,241.25,0.4145077720207224,0.4145077720207224,0.4145077720207224,0.9119170984455804,0.9119170984455804,0.14507772020724286,0.14507772020724286,0.14507772020724286,0.9119170984455804,1.0155440414507666,0.31088082901553626,0.31088082901553626,0.31088082901553626,0.9119170984455804,1.0155440414507666,993848
BSE_EQ|524735,Hikal,1a894e7cf28f9cedb9d89a99,1788936865.136146,12:24:25,VOLATILITY_IGNITION,5,LONG,False,False,False,maximum_concurrent_trade_slots_in_use,0.18541,8.935418768920282,5,95.967,8.935418768920282,95.96695821185617,0.7004532344458132,96.35568513119533,589856.4000000004,42.32264334305151,0.8947368421052411,0.005296610169491525,0.700097580701873,98.68804664723032,15,0.6224066390041472,1.0,0.6185567010309279,0.41407867494824835,0.47619047619047106,0.6185567010309279,4.466739367502726,1788936900,242.7,-0.1854140914709479,0.1854140914709479,-0.1854140914709479,0.1854140914709479,0.1854140914709479,0.12360939431397266,0.12360939431397266,0.12360939431397266,0.22661722290893138,0.35022661722290405,0.35022661722292625,0.35022661722292625,0.35022661722292625,0.35022661722292625,0.5974454058508605,993853
BSE_EQ|524735,Hikal,e93afcd7380f3aa1a3cf0c66,1788943182.798648,14:09:42,VOLATILITY_IGNITION,6,LONG,False,False,False,maximum_concurrent_trade_slots_in_use,0.1657,8.339768452934754,6,95.9787,8.339768452934754,95.97868217054264,0.6213753106876554,96.75387596899225,216858.0,28.052325581395348,0.93750000000002,0.0,0.6252605252188411,98.59496124031007,15,0.0,0.0,0.08336807002917408,0.3345880384776345,0.6666666666666825,0.4168403501458941,0.6666666666666667,1788943200,241.6,-0.5587748344370813,0.5587748344370813,-0.5587748344370813,0.5587748344370813,0.5587748344370813,-0.2690397350993412,0.2690397350993412,-0.2690397350993412,0.6001655629139013,0.6001655629139013,-0.12417218543046005,0.12417218543046005,-0.12417218543046005,0.6001655629139013,0.6415562913907213,993857
NSE_EQ|1403,Hindustan Oil Exploration,acf15398ae20c10433aa8312,1788929812.946203,10:26:52,VWAP_REVERSION,4,SHORT,False,False,False,maximum_concurrent_trade_slots_in_use,0.04024,13.422650027565448,4,97.7461,13.422650027565448,97.74609015639373,1.5127908729959245,98.85004599816007,112153968.96999988,97.93008279668814,0.06624605678233415,0.0,1.2621507455850118,99.31002759889604,15,1.4052953156822756,1.0,1.6368748744727812,1.5448936929587598,0.643312101910835,1.9732878087969505,41.577172610438446,1788929820,198.82,0.040237400663922784,0.040237400663922784,-0.040237400663922784,0.4124333568051419,0.4929081581329653,0.18106830298763033,0.18106830298763033,-0.18106830298763033,0.4828488079670068,0.8952821647721487,0.29675082989639723,0.29675082989639723,-0.29675082989639723,0.588471984709793,1.000905341514935,993849
NSE_EQ|1403,Hindustan Oil Exploration,23eaf5b2efeb90e8661f0c73,1788932566.40722,11:12:46,OPENING_RANGE_ACCEPTANCE,2,LONG,False,False,False,maximum_concurrent_trade_slots_in_use,0.01991,16.10796944091702,2,97.626,16.10796944091702,98.11046511627907,0.9405324707638791,97.62596899224806,26810705.01999992,92.39341085271317,0.59471365638766,-0.0476257495326296,0.8199039702838418,98.30426356589147,15,-0.03502626970227629,0.06194690265486147,0.40044048453299197,0.2207284037323065,0.16793893129770876,0.6557212934227662,0.2680302082483386,1788932580,200.68,-0.11959338249950546,0.11959338249950546,-0.11959338249950546,0.37372932031094486,0.6278652581223954,-0.07474586406218675,0.07474586406218675,-0.07474586406218675,0.6876619493721314,1.0613912696830763,-1.5347817420769405,1.5347817420769405,-1.5347817420769405,1.5796292605142592,1.953358580825204,993851
NSE_EQ|1403,Hindustan Oil Exploration,a45033c2c91924dcfc97cd69,1788932628.130017,11:13:48,VWAP_REVERSION,3,SHORT,False,False,False,maximum_concurrent_trade_slots_in_use,0.0398,16.317766086016125,3,97.9602,16.317766086016125,97.96015180265655,1.056724155119133,98.52941176470588,40134376.77999979,94.92409867172675,0.03759398496240433,-0.0523503095846099,0.7096178827119002,98.52941176470588,15,0.7526342197691882,0.9374999999999867,0.9412350597609634,0.7627458851866775,0.42458100558659356,1.1952191235059788,4.92763461846708,1788932640,200.98,-0.2935615484127796,0.2935615484127796,0.2935615484127796,0.4030251766344972,0.5522937605732081,-0.04478057518161327,0.04478057518161327,0.04478057518161327,0.8359040700567144,0.9851726539954253,-1.4479052642053958,1.4479052642053958,1.4479052642053958,1.7265399542243043,1.8758085381630152,993851
NSE_EQ|1403,Hindustan Oil Exploration,dfccd1cccd1b96c4a5eb92a3,1788933558.240296,11:29:18,VWAP_REVERSION,7,SHORT,False,False,False,maximum_concurrent_trade_slots_in_use,0.06978,16.419707990355302,7,97.3301,16.419707990355302,98.20388349514563,0.8467400508043973,97.33009708737865,12054863.289999723,87.42718446601941,0.042145593869726376,0.019702048814809144,0.5765500806570806,97.42718446601941,15,0.747241725175507,0.8922155688622706,0.8462342575538796,-0.04478057518161327,0.024523160762943794,0.985614017621579,0.9638316226386788,1788933600,200.66,-0.42858566729790937,0.42858566729790937,0.42858566729790937,0.4734376557360642,0.4734376557360642,-1.584770258148116,1.584770258148116,1.584770258148116,1.584770258148116,1.584770258148116,-2.4319744842021263,2.4319744842021263,2.4319744842021263,2.7010864148310554,2.7010864148310554,993851
NSE_EQ|1403,Hindustan Oil Exploration,ab254c8b6109567b11234d13,1788934789.231501,11:49:49,VWAP_REVERSION,4,LONG,False,False,False,maximum_concurrent_trade_slots_in_use,0.06097,16.727194902879805,4,97.3456,16.727194902879805,98.3108108108108,0.8434530765713106,97.34555984555985,11685959.99999988,86.92084942084942,0.18666666666667095,-0.017008754077567703,-0.4935564061691166,96.47683397683397,15,-0.7623567425657507,0.8162162162162263,0.9462759462759387,-1.6068478750563164,0.6458752515090487,1.8823768823768765,1.1003880034882398,1788934800,196.66,-0.584765585274083,0.584765585274083,-0.584765585274083,0.584765585274083,0.7525678836570848,-0.793247228719618,0.793247228719618,-0.793247228719618,0.793247228719618,0.9610495271026198,-0.6101901759381634,0.6101901759381634,-0.6101901759381634,1.108512152954344,1.276314451337346,993852
NSE_EQ|1403,Hindustan Oil Exploration,b434c09db28dcfbb6351302e,1788935134.585669,11:55:34,VWAP_REVERSION,8,LONG,False,False,False,account_analysis_capacity_in_use,0.09184,17.00819301712176,8,97.0936,17.00819301712176,98.57142857142858,0.7968534504776024,97.0935960591133,16162283.509999394,88.91625615763546,0.27607361963189564,-0.03895218619145885,-0.48442179754837905,97.0935960591133,15,-0.584765585274083,0.6886227544910265,0.7569945271341713,-1.3572149344096895,0.5615866388309015,1.5293335379264534,1.5081849305215913,1788935160,195.8,0.05107252298264253,0.05107252298264253,0.05107252298264253,0.28600612870275377,0.38815117466801663,-0.5515832482124727,0.5515832482124727,-0.5515832482124727,0.6639427987742641,0.9703779366700749,-0.10214504596527396,0.10214504596527396,-0.10214504596527396,0.6741573033707926,0.9805924412666034,993852
NSE_EQ|1403,Hindustan Oil Exploration,d22d01ebe799120eca940e42,1788935811.950824,12:06:51,VWAP_REVERSION,4,LONG,False,False,False,maximum_concurrent_trade_slots_in_use,0.11784,17.342294934085775,4,98.233,17.342294934085775,98.51957975167144,0.8967460927491672,98.23304680038204,11314066.110000014,87.53581661891118,0.03921568627451609,-0.008037939072414521,-0.37481045296433896,93.83954154727793,15,-0.4236855538540141,0.5570469798657874,0.7176910852514511,-0.7580382580382627,0.364303178484107,1.0201466140359918,1.3824144646678367,1788935820,195.44,-0.24559967253376946,0.24559967253376946,-0.24559967253376946,0.49119934506753893,0.49119934506753893,0.22513303315594424,0.22513303315594424,0.22513303315594424,0.49119934506753893,0.885182153090458,0.14326647564470996,0.14326647564470996,0.14326647564470996,0.49119934506753893,0.885182153090458,993853
NSE_EQ|1403,Hindustan Oil Exploration,12100a5990bde09a7a780326,1788936704.861535,12:21:44,VWAP_REVERSION,8,LONG,False,False,False,maximum_concurrent_trade_slots_in_use,0.16311,15.312570307060565,8,95.4277,15.312570307060565,98.27925270403146,0.6115584547956318,95.42772861356931,5809602.789999723,79.20353982300885,0.4285714285714366,-0.020454080589077522,0.33742749572200426,92.18289085545722,15,-0.1842280333657409,0.22222222222221638,0.46654703922071084,-0.010252729789295145,0.00510204081632187,0.7587798000512782,0.4124484294534247,1788936720,195.88,-0.12252399428221983,0.12252399428221983,-0.12252399428221983,0.19399632428016567,0.25525832142128113,-0.08168266285480952,0.08168266285480952,-0.08168266285480952,0.19399632428016567,0.25525832142128113,0.1837859914233242,0.1837859914233242,0.1837859914233242,0.3063099857055329,0.6075148049826451,993853
NSE_EQ|1403,Hindustan Oil Exploration,d275d3153cb7a206e7be811e,1788943321.318543,14:12:01,VOLATILITY_IGNITION,10,LONG,False,False,False,maximum_concurrent_trade_slots_in_use,0.06566,12.104963037501122,10,94.9241,12.104963037501122,97.01138519924099,0.5354076169310042,94.92409867172675,3644867.459999919,73.86148007590133,0.8909090909089913,-0.036911571281664675,0.5649911894394751,97.96015180265655,15,0.5280796181578173,1.0,0.5354076169310044,0.37517744879334014,0.318965517241368,0.6263258915041826,3.1357903998435823,1788943380,197.8,-0.23761375126389872,0.23761375126389872,-0.23761375126389872,0.31344792719919523,0.3741152679474058,-0.2881698685541112,0.2881698685541112,-0.2881698685541112,0.34883720930232176,0.4095045500505323,-0.8291203235591627,0.8291203235591627,-0.8291203235591627,0.8493427704752254,0.910010111223436,993857
NSE_EQ|2562,Huhtamaki PPL,55b43908ee6ee3e3a75fddb2,1788935629.366897,12:03:49,VWAP_REVERSION,10,SHORT,False,False,False,maximum_concurrent_trade_slots_in_use,0.16804,8.133284720095036,10,95.7909,8.133284720095036,95.790934320074,1.7520969245107345,99.95374653098983,12641601.249999955,88.11285846438483,0.04999999999999645,-0.0748839299086416,1.4351711016449058,99.86123959296947,15,1.3220018885741203,0.7446808510638225,1.7520969245107345,1.3986013986013957,0.49999999999999617,1.9944082013047615,9.312710911136108,1788935640,267.55,-0.2055690525135545,0.2055690525135545,0.2055690525135545,0.5045785834423611,0.6727714445898036,-1.3455428891795962,1.3455428891795962,1.3455428891795962,1.6258643244253523,2.317323864698184,-1.3081666978134954,1.3081666978134954,1.3081666978134954,1.6258643244253523,2.317323864698184,993853
NSE_EQ|2562,Huhtamaki PPL,7aa09a825c90253fd3b1ad57,1788935976.226217,12:09:36,OPENING_RANGE_ACCEPTANCE,8,LONG,False,False,False,maximum_concurrent_trade_slots_in_use,0.11192,8.530189836024114,8,96.0907,8.530189836024114,96.09073359073359,0.6901697444506707,96.95945945945947,7660457.75,83.05984555984556,0.5555555555555596,-0.013822191153032903,0.08849084898390415,56.41891891891891,15,-0.2055690525135545,0.26829268292683334,0.6741573033707908,1.0024588613580354,0.3419354838709648,1.7602996254681818,0.7433723514175313,1788936000,268.5,-1.6945996275605224,1.6945996275605224,-1.6945996275605224,1.9739292364990724,2.3091247672253234,-1.5270018621973969,1.5270018621973969,-1.5270018621973969,1.9739292364990724,2.3091247672253234,-1.638733705772799,1.638733705772799,-1.638733705772799,1.9739292364990724,2.3091247672253234,993853
NSE_EQ|2562,Huhtamaki PPL,9b1870bd699b15870f48b852,1788936077.83191,12:11:17,VWAP_REVERSION,9,SHORT,False,False,False,maximum_concurrent_trade_slots_in_use,0.11179,8.933431412489535,9,96.6243,8.933431412489535,96.62426614481409,1.1922503725782372,99.75538160469667,13753062.599999964,89.77495107632095,0.026315789473688934,-0.008896454121807704,0.5897471192894879,98.28767123287672,15,0.6736526946107935,0.5625000000000056,1.1895910780669103,1.6628873771730834,0.4631578947368397,1.9516728624535316,1.8834516343060301,1788936120,264.4,-0.34039334341905425,0.34039334341905425,0.34039334341905425,0.45385779122540937,0.813161875945545,0.18910741301059186,0.18910741301059186,-0.18910741301059186,0.45385779122540937,0.813161875945545,0.05673222390318866,0.05673222390318866,-0.05673222390318866,0.45385779122540937,0.813161875945545,993853
NSE_EQ|2562,Huhtamaki PPL,07134e261c226545365a8089,1788940931.403628,13:32:11,VOLATILITY_IGNITION,8,LONG,False,False,False,maximum_concurrent_trade_slots_in_use,0.15007,8.292306185067389,8,96.6024,8.292306185067389,96.6024340770791,0.7878446820484046,97.61663286004057,2365874.25,67.79918864097363,0.9310344827586071,0.0,0.2444528018052028,89.80730223123732,15,-0.2632568634825083,0.3333333333333333,0.5279034690799311,-0.09417969485778777,0.0505050505050512,0.6221719457013489,0.31699803976477176,1788940980,266.55,0.30013130744701577,0.30013130744701577,0.30013130744701577,0.6752954417557744,0.9191521290564775,0.20634027386983167,0.20634027386983167,0.20634027386983167,0.6752954417557744,0.9191521290564775,0.01875820671544126,0.01875820671544126,0.01875820671544126,0.6752954417557744,0.9191521290564775,993856
NSE_EQ|2562,Huhtamaki PPL,92922626945d432a9128fe64,1788940934.998137,13:32:14,OPENING_RANGE_ACCEPTANCE,8,LONG,False,False,False,maximum_concurrent_trade_slots_in_use,0.11255,8.292306185067389,8,96.6024,8.292306185067389,96.6024340770791,0.7878446820484046,97.61663286004057,2365874.25,67.79918864097363,0.9310344827586071,0.0,0.2444528018052028,89.80730223123732,15,-0.2632568634825083,0.3333333333333333,0.5279034690799311,-0.09417969485778777,0.0505050505050512,0.6221719457013489,0.31699803976477176,1788940980,266.55,0.30013130744701577,0.30013130744701577,0.30013130744701577,0.6752954417557744,0.9191521290564775,0.20634027386983167,0.20634027386983167,0.20634027386983167,0.6752954417557744,0.9191521290564775,0.01875820671544126,0.01875820671544126,0.01875820671544126,0.6752954417557744,0.9191521290564775,993856
NSE_EQ|2562,Huhtamaki PPL,1b8b68d84a1cc6792ffb3b62,1788941077.968291,13:34:37,VWAP_REVERSION,6,SHORT,False,False,False,maximum_concurrent_trade_slots_in_use,0.16822,8.439654529345962,6,96.4322,8.439654529345962,96.4321608040201,1.2523364485981392,99.2462311557789,5609095.550000042,80.55276381909547,0.17431192660550288,-0.026007802340708125,0.9694040287558024,99.64824120603015,15,1.361058601134224,1.0,1.3427825438269385,1.2080030200075642,0.4637681159420371,1.3987318164863856,7.161567164179105,1788941100,267.85,-0.5040134403584196,0.5040134403584196,0.5040134403584196,0.7093522493933246,0.8586895650550597,-0.373343289154382,0.373343289154382,0.373343289154382,0.7093522493933246,0.8586895650550597,-0.39201045361210163,0.39201045361210163,0.39201045361210163,0.7093522493933246,0.8586895650550597,993856
NSE_EQ|436,IFGL Refractories,68431ac55a615a4cd2430555,1788932320.905929,11:08:40,VWAP_REVERSION,4,SHORT,False,False,False,maximum_concurrent_trade_slots_in_use,0.01844,10.36368280250024,4,96.8574,10.36368280250024,96.85741088180112,1.4011799410029462,99.20262664165104,3754506.780000005,73.49906191369607,0.2560975609755998,-0.042025895367875765,-0.26583607219173805,85.69418386491557,15,0.373995752147005,0.12796208530805248,1.5732094392566298,0.942607726597311,0.18538812785387898,2.576015456092734,0.5244377811094453,1788932340,216.43,2.125398512221044,2.125398512221044,-2.125398512221044,2.5735803724067807,2.6105438247932433,2.8739084230467116,2.8739084230467116,-2.8739084230467116,3.9597098368987727,3.9966732892852352,1.6448736311971635,1.6448736311971635,-1.6448736311971635,3.9597098368987727,3.9966732892852352,993851
NSE_EQ|436,IFGL Refractories,9a02f5113fecdc7a086cad5e,1788933237.458308,11:23:57,VWAP_REVERSION,6,SHORT,False,False,False,maximum_concurrent_trade_slots_in_use,0.04042,18.615559550474025,6,97.4714,18.615559550474025,98.61641221374046,0.8937794745115694,97.47137404580153,5490012.760000035,78.67366412213741,0.35326086956520936,-0.01887968087709604,-0.2945297661790887,89.07442748091603,15,0.6064690026954089,0.3506493506493497,1.0359455235543618,3.0176181057086415,0.39234449760765633,3.8803304308997535,0.6312738331412822,1788933240,222.65,-0.9746238490905057,0.9746238490905057,0.9746238490905057,2.016618010330118,2.622950819672132,-1.194700202110932,1.194700202110932,1.194700202110932,2.5376150909499184,3.1439479002919324,-3.7502807096339574,3.7502807096339574,3.7502807096339574,4.7788008084437505,5.3851336177857645,993851
NSE_EQ|436,IFGL Refractories,1c0bc8357ed7252c2aa4993d,1788935852.983664,12:07:32,OPENING_RANGE_ACCEPTANCE,1,LONG,False,False,False,maximum_concurrent_trade_slots_in_use,0.05972,32.00531632934574,1,99.3702,32.00531632934574,99.37015503875969,1.5022050716648339,99.7577519379845,4219356.769999981,75.0484496124031,0.6785714285714177,-0.007407656636867637,1.2492103634877194,99.8546511627907,15,1.1533810808296963,0.7045454545454496,1.5034482758620737,1.5832983046097704,0.5097744360902209,1.949425287356326,3.15231917280398,1788935880,217.6,-0.04595588235294379,0.04595588235294379,-0.04595588235294379,0.4136029411764719,0.4136029411764719,0.597426470588247,0.597426470588247,0.597426470588247,0.6295955882352988,1.0431985294117707,0.5238970588235414,0.5238970588235414,0.5238970588235414,0.6295955882352988,1.0431985294117707,993853
NSE_EQ|436,IFGL Refractories,32a84832235eabf32a6020a1,1788936271.111684,12:14:31,OPENING_RANGE_ACCEPTANCE,6,LONG,False,False,False,maximum_concurrent_trade_slots_in_use,0.08696,23.103826256210624,6,97.7963,23.103826256210624,98.67776689520078,0.8147198828268039,97.79627815866797,1549940.919999987,58.814887365328104,1.0,0.0,0.8214120904476241,99.26542605288932,15,0.022983222247741075,0.03999999999998727,0.4136029411764732,0.9791637663000508,0.3534338358458937,1.84742647058824,0.4310271991681019,1788936300,218.5,-0.04118993135011628,0.04118993135011628,-0.04118993135011628,0.22883295194507935,0.3524027459954282,-0.16018306636155222,0.16018306636155222,-0.16018306636155222,0.22883295194507935,0.4439359267734644,-0.8237986270022923,0.8237986270022923,-0.8237986270022923,1.1441647597253968,1.3729977116704872,993853
NSE_EQ|436,IFGL Refractories,c57bb38f10adee5e5200831f,1788936273.863724,12:14:33,VOLATILITY_IGNITION,10,LONG,False,False,False,maximum_concurrent_trade_slots_in_use,0.00458,23.10843620345234,10,95.5305,23.10843620345234,98.6738703339882,0.6682228019589034,95.53045186640472,1244030.019999981,55.550098231827114,1.0,0.0,0.6634416033172069,98.57563850687623,15,0.022983222247741075,0.03999999999998727,0.4136029411764732,0.9791637663000508,0.3534338358458937,1.84742647058824,0.4310271991681019,1788936300,218.5,-0.04118993135011628,0.04118993135011628,-0.04118993135011628,0.22883295194507935,0.3524027459954282,-0.16018306636155222,0.16018306636155222,-0.16018306636155222,0.22883295194507935,0.4439359267734644,-0.8237986270022923,0.8237986270022923,-0.8237986270022923,1.1441647597253968,1.3729977116704872,993853
NSE_EQ|436,IFGL Refractories,e7ddc6c27d9862a95e49c4aa,1788938165.482632,12:46:05,OPENING_RANGE_ACCEPTANCE,1,LONG,False,False,False,maximum_concurrent_trade_slots_in_use,0.18769,27.874933900791593,1,99.1601,27.874933900791593,99.2588932806324,1.3229571984435735,99.1600790513834,1711696.1900000125,61.41304347826087,1.0,0.011948769410239327,-0.21296297745994364,83.15217391304348,15,-0.20101420804969905,0.08239700374531832,1.3229571984435735,0.13752005500802245,0.037593984962403924,1.373311970702678,0.7733791041470572,1788938220,218.27,-0.11911852293032821,0.11911852293032821,-0.11911852293032821,0.2657259357676134,0.3894259403490974,0.17409630274429766,0.17409630274429766,0.17409630274429766,0.33444816053511683,0.45814816511660084,0.21074815595363283,0.21074815595363283,0.21074815595363283,0.33444816053511683,0.45814816511660084,993854
NSE_EQ|436,IFGL Refractories,e2e2ce745b581f015cd28ded,1788941884.189952,13:48:04,OPENING_RANGE_ACCEPTANCE,7,LONG,False,False,False,maximum_concurrent_trade_slots_in_use,0.00461,10.383493097003678,7,94.9311,10.383493097003678,96.8996062992126,0.5348086675887621,94.93110236220473,655226.2400000095,46.11220472440945,1.0,0.0,-0.13812154696131812,75.63976377952756,15,-0.13812154696132284,0.37499999999996003,0.5348086675887621,-0.27586206896551557,0.10600706713780612,1.051175656984786,1.4981397271599834,1788941940,216.9,0.06915629322268302,0.06915629322268302,0.06915629322268302,0.5624711848778219,0.7376671277086189,0.26740433379437434,0.26740433379437434,0.26740433379437434,0.5624711848778219,0.8852005532503537,-1.5583218072844573,1.5583218072844573,-1.5583218072844573,2.019363762102344,2.581834946980166,993856
NSE_EQ|436,IFGL Refractories,83ae0b30266c1aadb5dab88f,1788943314.206278,14:11:54,OPENING_RANGE_ACCEPTANCE,7,LONG,False,False,False,maximum_concurrent_trade_slots_in_use,0.07861,6.317920166084741,7,95.0906,6.317920166084741,95.09056244041945,0.8877791649327171,98.52240228789323,1682161.0799999982,61.534795042898,1.0,-0.037639265281541705,-0.15618601507287588,76.40610104861774,15,-0.37821133711544164,0.2827586206896495,0.9259687948516134,-0.8128214548126289,0.2532188841201667,1.3658039724061246,0.1647472184267031,1788943320,216.27,-1.5767327877190485,1.5767327877190485,-1.5767327877190485,1.7339436815092202,1.7339436815092202,-0.6704582235169121,0.6704582235169121,-0.6704582235169121,1.7431913811439492,2.122347066167307,-1.1790817034262768,1.1790817034262768,-1.1790817034262768,1.7431913811439492,2.122347066167307,993857
NSE_EQ|16822,IKIO Technologies,cc2b52e1319ecc5c4f83cf5d,1788928120.261934,09:58:40,VOLATILITY_IGNITION,10,LONG,False,False,False,account_analysis_capacity_in_use,0.11338,10.70300226370496,10,95.8839,10.70300226370496,95.8838821490468,1.0975056689342475,95.8838821490468,4572252.040000044,70.84055459272098,0.9223300970873411,-0.0811407141003603,-0.37931432381947094,85.91854419410745,15,-0.8701532912533838,0.7174721189590958,1.2279983626688575,-0.7806859205776173,0.2907563025210031,1.3871833356074095,1.0221593007509542,1788928140,220.12,-0.281664546610938,0.281664546610938,-0.281664546610938,0.9085953116481971,0.9449391241141081,-0.40432491368345147,0.40432491368345147,-0.40432491368345147,0.9085953116481971,0.9449391241141081,-0.22260585135380762,0.22260585135380762,-0.22260585135380762,0.9085953116481971,0.9449391241141081,993848
NSE_EQ|16822,IKIO Technologies,0296ab1a0ffd35a73a0431de,1788941825.012348,13:47:05,VOLATILITY_IGNITION,9,LONG,False,False,False,maximum_concurrent_trade_slots_in_use,0.06719,5.918633730402527,9,94.2233,5.918633730402527,94.2233009708738,0.7256438969764858,96.84466019417476,608718.3399999887,45.09708737864078,0.6931818181818323,0.0,0.7309479763569935,98.39805825242719,15,0.7309479763569993,0.6923076923077016,0.7256438969764858,0.2784889727350359,0.1741573033707877,0.7256438969764858,1.3627526616262922,1788941880,223.5,0.46979865771812346,0.46979865771812346,0.46979865771812346,0.6711409395973256,0.7606263982102957,-0.10738255033557742,0.10738255033557742,-0.10738255033557742,0.6711409395973256,0.8053691275167973,-0.12080536912751905,0.12080536912751905,-0.12080536912751905,0.6711409395973256,1.060402684563766,993856
NSE_EQ|16933,Indbank Merchant Banking,fbc711938550568caacbae9d,1788940446.861885,13:24:06,OPENING_RANGE_ACCEPTANCE,6,SHORT,False,False,False,maximum_concurrent_trade_slots_in_use,0.18904,10.033061388073506,6,96.9285,10.033061388073506,96.92849949647533,2.0037807183364884,99.54682779456193,263973.5400000005,31.16817724068479,0.8536585365853616,0.00536020583189907,-1.0898777824960695,99.54682779456193,15,-0.8975317875841382,0.2399999999999993,1.8113207547169827,-1.1194029850746245,0.17441860465116368,1.8113207547169827,1.7471470573578511,1788940500,26.8,-1.0447761194029903,1.0447761194029903,1.0447761194029903,1.0447761194029903,1.0447761194029903,-0.3731343283582156,0.3731343283582156,0.3731343283582156,1.0447761194029903,1.0447761194029903,-0.5597014925373234,0.5597014925373234,0.5597014925373234,1.0447761194029903,1.0447761194029903,993855
BSE_EQ|532240,India Nippon Electricals,24486f1e3a772c9150e276fa,1788945310.015751,14:45:10,VWAP_REVERSION,2,SHORT,False,False,False,dhan_authorization_or_ip_unavailable,0.12959,21.435970724540248,2,98.8329,21.435970724540248,98.83286647992531,2.968897266729497,99.95331465919702,3979816.3000000045,68.1139122315593,0.18248175182481993,-0.01112009704812337,2.358386978077066,99.85994397759103,15,2.5361736334405194,0.8632010943912447,2.9634275410607156,2.6847528578328728,0.3674931129476574,3.1084630159539093,0.7195828505214368,1788945360,1281.85,0.4368685883683776,0.4368685883683776,-0.4368685883683776,1.3964192378203455,1.5407418964777486,-0.45637165034909666,0.45637165034909666,0.45637165034909666,1.8995982369231945,3.29601747474354,4.356984046495316,4.356984046495316,-4.356984046495316,5.16051020010142,7.060108437024615,993858
BSE_EQ|532240,India Nippon Electricals,c5a987eb2a24b63d807ee4a1,1788945799.40529,14:53:19,VWAP_REVERSION,3,SHORT,False,False,False,dhan_authorization_or_ip_unavailable,0.19798,33.11619677872544,3,99.3194,33.11619677872544,99.31941923774956,1.409161490683219,99.31941923774956,5568663.100000009,72.54990925589837,0.012987012987001481,0.0,-0.8887691893347662,99.04718693284936,15,0.3035019455253085,0.22807017543860303,1.4236946233222056,3.1120000000000037,0.5629522431259065,4.7559934828148,0.2738566552901024,1788945840,1284.05,-1.4057085004477998,1.4057085004477998,1.4057085004477998,2.0676764923484248,2.0676764923484248,2.3830847708422587,2.3830847708422587,-2.3830847708422587,3.3916124761496746,5.459288968498099,4.980335656711188,4.980335656711188,-4.980335656711188,4.980335656711188,7.048012149059613,993858
BSE_EQ|532240,India Nippon Electricals,03c8bb0419a37a52ec2eb82e,1788946190.472636,14:59:50,VWAP_REVERSION,2,SHORT,False,False,False,dhan_authorization_or_ip_unavailable,0.10963,44.258016370941505,2,99.4165,44.258016370941505,99.41651705565529,2.192638997650744,99.59605026929982,14886308.800000004,83.25852782764811,0.22684310018903553,0.0,0.563058628971933,96.18491921005386,15,-1.4057085004477998,0.6006655574043255,2.097156398104262,-0.4168960906159036,0.08066971080669635,3.3372827804107423,0.5701450858981363,1788946200,1276.0,1.1755485893417017,1.1755485893417017,-1.1755485893417017,1.5556426332288265,1.5556426332288265,5.4036050156739845,5.4036050156739845,-5.4036050156739845,5.642633228840133,5.642633228840133,5.642633228840133,5.642633228840133,-5.642633228840133,5.642633228840133,5.642633228840133,993858
BSE_EQ|500207,Indo Rama Synthetics,ba686902a55b8e308c48dce1,1788944538.474482,14:32:18,OPENING_RANGE_ACCEPTANCE,10,LONG,False,False,False,dhan_authorization_or_ip_unavailable,0.16696,7.9672621178451815,10,95.6623,7.9672621178451815,95.66231343283582,1.072705601907039,98.74067164179104,520550.98000000045,38.759328358208954,1.0,-0.02763554047606123,0.38648721511722317,94.26305970149254,15,0.6731578314701281,0.32558139534883873,0.8955223880597015,2.071907373552717,0.260736196319019,2.650746268656715,1.9047619047619047,1788944580,84.0,0.34523809523809845,0.34523809523809845,0.34523809523809845,1.3214285714285623,1.5119047619047477,2.6071428571428523,2.6071428571428523,2.6071428571428523,4.2857142857142705,4.476190476190456,3.809523809523818,3.809523809523818,3.809523809523818,4.8214285714285765,5.011904761904762,993858
BSE_EQ|500207,Indo Rama Synthetics,f9a550047324ae8ca0c7d7d4,1788946057.663466,14:57:37,VOLATILITY_IGNITION,8,LONG,False,False,False,dhan_authorization_or_ip_unavailable,0.16038,10.679981733484674,8,97.3637,10.679981733484674,97.36371760500447,1.5694810402107968,99.06166219839142,197670.37000000104,20.509383378016086,1.0,0.0,1.5472312703583209,99.50848972296693,15,0.6266682139955737,0.3103448275862007,1.5799792411486617,2.011764705882335,0.2684458398744095,2.998500749625181,0.08954312654750196,1788946080,87.25,-0.05730659025787732,0.05730659025787732,-0.05730659025787732,0.9169054441260815,1.146131805157602,-2.37249283667621,2.37249283667621,-2.37249283667621,2.544412607449853,3.4613180515759345,-2.6246418338108923,2.6246418338108923,-2.6246418338108923,2.6246418338108923,3.541547277936974,993858
BSE_EQ|500207,Indo Rama Synthetics,7bc0732ba6838d9efaacc30b,1788946060.212635,14:57:40,OPENING_RANGE_ACCEPTANCE,8,LONG,False,False,False,dhan_authorization_or_ip_unavailable,0.16038,10.679981733484674,8,97.3637,10.679981733484674,97.36371760500447,1.5694810402107968,99.06166219839142,197670.37000000104,20.509383378016086,1.0,0.0,1.5472312703583209,99.50848972296693,15,0.6266682139955737,0.3103448275862007,1.5799792411486617,2.011764705882335,0.2684458398744095,2.998500749625181,0.08954312654750196,1788946080,87.25,-0.05730659025787732,0.05730659025787732,-0.05730659025787732,0.9169054441260815,1.146131805157602,-2.37249283667621,2.37249283667621,-2.37249283667621,2.544412607449853,3.4613180515759345,-2.6246418338108923,2.6246418338108923,-2.6246418338108923,2.6246418338108923,3.541547277936974,993858
NSE_EQ|761528,Innovision,46e9617eaec83f80b28be3cc,1788925894.198484,09:21:34,GAP_REJECTION,2,SHORT,False,False,False,account_analysis_capacity_in_use,0.11905,349.0054018825782,2,98.9875,349.0054018825782,99.46962391513982,3.737682636765206,98.98746383799421,51839518.900000036,88.66923818707811,0.022653721682845705,-0.11814124442111237,2.0402191664990386,97.54098360655738,7,5.036613681014468,0.8812500000000014,5.458255398741715,,,,,1788925920,294.35,-0.8663156106675785,0.8663156106675785,0.8663156106675785,1.4268727705113116,1.59673857652457,-3.6521148292848693,3.6521148292848693,3.6521148292848693,4.059792763716674,4.229658569729932,-4.484457278749798,4.484457278749798,4.484457278749798,5.707491082045191,5.87735688805845,993847
NSE_EQ|761528,Innovision,c7ebbc06b8ab178b0e6eb19d,1788926684.622152,09:34:44,VWAP_REVERSION,5,LONG,False,False,False,account_analysis_capacity_in_use,0.14089,281.50249066014635,5,98.1826,281.50249066014635,99.70414201183432,1.7787953504755236,98.18258664412511,20169487.049999967,84.57311918850381,0.06474820143884845,-0.02457606291471268,-0.378861930419802,76.1200338123415,15,-1.903443502336044,0.6875,2.310813194566947,-1.937381075938427,0.25225225225225406,4.79802434291763,0.6136886298491756,1788926700,283.9,-1.1447692849594904,1.1447692849594904,-1.1447692849594904,1.7259598450158453,2.078196548080302,-0.5635787249031243,0.5635787249031243,-0.5635787249031243,2.2367030644593,2.588939767523757,-0.3874603733708959,0.3874603733708959,-0.3874603733708959,2.2367030644593,2.588939767523757,993848
NSE_EQ|761528,Innovision,f62bb9c8a438b8d86266af60,1788927094.090354,09:41:34,VWAP_REVERSION,3,LONG,True,True,True,ai_ran,0.1425,229.16889008699968,3,98.0211,229.16889008699968,99.69217238346526,1.6921980762379767,98.02110817941953,20670033.299999803,85.97185576077396,0.20481927710842945,0.09571788413098123,-1.0309569877131353,97.3175021987687,15,-1.6001406717074063,0.7777777777777842,1.9120800571837107,-4.095972579263063,0.6770538243626043,4.717655468191561,0.49152082768402827,1788927120,280.5,0.17825311942958333,0.17825311942958333,0.17825311942958333,1.0516934046345794,1.2299465240641627,0.2673796791443861,0.2673796791443861,0.2673796791443861,1.3903743315508033,2.4420677361853826,2.1390374331550888,2.1390374331550888,2.1390374331550888,2.4420677361853826,3.493761140819962,993848
NSE_EQ|761528,Innovision,ac6e3dcc251700f433552e15,1788928382.561236,10:03:02,VWAP_REVERSION,4,LONG,True,True,True,ai_ran,0.08872,230.6050857705011,4,98.2002,230.6050857705011,99.78050921861282,1.2786361214704396,98.2001755926251,4988326.700000048,69.75417032484636,0.07317073170732045,-0.10925976509151436,0.10925976509151436,43.63476733977173,15,0.0,0.0,1.2786361214704396,-0.8626760563380187,0.21777777777777788,1.4207068016338127,0.8073583226189298,1788928440,281.7,1.5619453319134058,1.5619453319134058,1.5619453319134058,1.863684771033003,1.8991835285764758,0.8519701810436819,0.8519701810436819,0.8519701810436819,2.005679801206961,2.041178558750434,0.035498757543495074,0.035498757543495074,0.035498757543495074,2.005679801206961,2.4139155129570433,993849
NSE_EQ|761528,Innovision,52f8dd56b5939083f5d56674,1788930207.633175,10:33:27,VWAP_REVERSION,8,LONG,False,False,False,account_analysis_capacity_in_use,0.1421,197.55393588569459,8,97.9147,197.55393588569459,99.67562557924003,1.0488888888888848,97.91473586654308,9191929.449999899,81.51065801668211,0.2195121951219201,-0.07206341580591194,-0.7215873778448817,97.45134383688601,15,-0.952380952380949,0.6750000000000067,1.0861823361823402,-0.9873060648801113,0.32183908045977605,1.5135327635327636,1.9383770591824283,1788930240,281.8,0.30163236337827914,0.30163236337827914,0.30163236337827914,0.47906316536550086,0.9403832505322951,0.46132008516679424,0.46132008516679424,0.46132008516679424,0.78069552874378,1.2420156139105742,1.3129879347054674,1.3129879347054674,1.3129879347054674,1.8275372604684037,2.288857345635198,993850
NSE_EQ|761528,Innovision,7886ce2ac1223c62604c2e12,1788936203.26214,12:13:23,VOLATILITY_IGNITION,5,SHORT,False,False,False,maximum_concurrent_trade_slots_in_use,0.07097,144.28685338580794,5,96.6667,144.28685338580794,99.95024875621891,0.6918573709419863,96.66666666666667,1094283.3499999642,52.78606965174129,0.8095238095237682,0.011720581340823844,-0.47084118879268844,96.26865671641791,15,-0.24721878862793423,1.0,0.4779607010090362,-0.5457746478873315,0.25203252032520834,0.9028146574615017,1.3380892702207656,1788936240,281.5,0.2841918294849144,0.2841918294849144,-0.2841918294849144,0.746003552397867,1.0834813499111862,0.8170515097690956,0.8170515097690956,-0.8170515097690956,1.0301953818827592,1.3676731793960784,0.7282415630550654,0.7282415630550654,-0.7282415630550654,1.243339253996445,1.5808170515097641,993853
BSE_EQ|500214,Ion Exchange,0c947df42bedeba7ee81670b,1788929582.645691,10:23:02,VWAP_REVERSION,8,LONG,False,False,False,maximum_concurrent_trade_slots_in_use,0.18495,9.999945031481564,8,94.6083,9.999945031481564,96.35944700460828,0.7751041184636663,94.60829493087559,147072.05000000075,15.622119815668203,0.6250000000000355,0.08528784648187956,-0.7061202217405572,97.09677419354838,15,-0.6208323752586731,0.7297297297297289,0.7751041184636663,-0.8715596330275299,0.3584905660377342,1.041184636742249,0.5108005082592122,1788929640,431.0,0.13921113689094877,0.13921113689094877,0.13921113689094877,0.13921113689094877,0.13921113689094877,0.034802784222742744,0.034802784222742744,0.034802784222742744,0.13921113689094877,0.13921113689094877,0.5336426914153147,0.5336426914153147,0.5336426914153147,0.5336426914153147,0.545243619489566,993849
NSE_EQ|4041,Jayant Agro Organics,21459efc9989c1b58c5ee92b,1788925700.295034,09:18:20,GAP_REJECTION,6,SHORT,True,True,True,ai_ran,0.01915,399.3136449042434,6,98.7459,399.3136449042434,99.72737186477644,4.133624487606797,98.74591057797166,6292785.69,52.83533260632497,0.0700245700245693,-0.15248401377275073,3.001183777366116,98.85496183206108,4,,,,,,,,1788925740,259.62,-0.8666512595331688,0.8666512595331688,0.8666512595331688,1.2441260303520552,1.3481241814960243,-0.24266235266928726,0.24266235266928726,0.24266235266928726,1.2441260303520552,1.775672136199058,0.35821585394038014,0.35821585394038014,-0.35821585394038014,1.2441260303520552,2.110777289885213,993847
NSE_EQ|760073,Jaykay Enterprises,84864f2b6529dd60cc0c0372,1788927847.775716,09:54:07,VWAP_REVERSION,7,SHORT,False,False,False,maximum_concurrent_trade_slots_in_use,0.15607,12.802464587434212,7,96.955,12.802464587434212,96.954986760812,1.2774566473988485,98.19064430714917,21745361.560000017,89.54104148278905,0.018813314037626056,-0.02775574940522673,0.4631693923660395,89.89408649602825,15,0.7515292746868685,0.2911963882618506,1.2778998496588458,4.6092426808613585,0.708178438661711,4.729964149415986,1.5009813812712096,1788927900,172.7,0.05790387955995069,0.05790387955995069,-0.05790387955995069,1.852924145917767,1.9108280254777177,-1.4302258251302824,1.4302258251302824,1.4302258251302824,1.852924145917767,1.9108280254777177,-1.152287203242608,1.152287203242608,1.152287203242608,2.084539664157492,2.1424435437174427,993848
NSE_EQ|760073,Jaykay Enterprises,8d3c08463b118be731340206,1788930259.021038,10:34:19,OPENING_RANGE_ACCEPTANCE,7,LONG,False,False,False,account_analysis_capacity_in_use,0.16374,12.892760036346191,7,97.7167,12.892760036346191,97.71668219944083,1.1228070175438523,97.90307548928239,4338582.980000019,70.59645852749301,0.5258620689655119,-0.06472491909384975,0.694395960110735,96.69151910531221,15,-0.011769552168550135,0.014285714285721536,0.8357365664175078,0.0176595243701394,0.006211180124223749,1.4654817256194343,2.0379462557112986,1788930300,171.25,0.08175182481751087,0.08175182481751087,0.08175182481751087,0.7299270072992803,1.1328467153284727,-0.046715328467161754,0.046715328467161754,-0.046715328467161754,0.7299270072992803,1.1328467153284727,0.37956204379563374,0.37956204379563374,0.37956204379563374,0.7299270072992803,1.4014598540146084,993850
NSE_EQ|760073,Jaykay Enterprises,2cb9f30a46e24648afcebb9d,1788932243.497666,11:07:23,OPENING_RANGE_ACCEPTANCE,3,LONG,False,False,False,maximum_concurrent_trade_slots_in_use,0.11672,10.86923399198612,3,97.1824,10.86923399198612,97.18242597898758,0.9862853807995318,97.37344794651385,2175095.549999982,64.32664756446992,1.0,-0.055092624474895296,0.5123828865373923,95.4632282712512,15,0.44559099437146976,0.3958333333333253,0.9864580901237437,0.21643755484059835,0.09046454767726202,1.0506654214335813,1.1002893433377472,1788932280,170.94,-0.08775008775009363,0.08775008775009363,-0.08775008775009363,0.3159003159003082,0.555750555750556,-0.05265005265004952,0.05265005265004952,-0.05265005265004952,0.40365040365040183,0.6435006435006496,0.9769509769509854,0.9769509769509854,0.9769509769509854,1.2051012051012,1.6087516087516018,993851
NSE_EQ|760073,Jaykay Enterprises,1c99667248a76978374ebc7a,1788935134.475448,11:55:34,OPENING_RANGE_ACCEPTANCE,7,LONG,True,True,True,ai_ran,0.1331,10.926345628359304,7,97.4877,10.926345628359304,97.48768472906404,1.0706018518518485,99.26108374384236,3491790.9299999774,72.26600985221675,0.6898395721925227,-0.03895218619145885,0.7441214851016564,99.16256157635468,15,0.3023607396208883,0.33766233766234605,0.6608695652173834,-0.13315579227696217,0.04821802935010315,1.0260869565217285,0.671342605507512,1788935160,172.81,-0.5728835136855515,0.5728835136855515,-0.5728835136855515,0.7580579827556333,0.8680053237659857,-0.8680053237659857,0.8680053237659857,-0.8680053237659857,1.3367281985996238,1.4466755396099762,-1.5276893698281446,1.5276893698281446,-1.5276893698281446,1.62027660436318,1.7302239453735324,993852
NSE_EQ|760073,Jaykay Enterprises,25e2f37e2e8b3baaea49b9e2,1788940294.761979,13:21:34,VOLATILITY_IGNITION,9,SHORT,False,False,False,assigned_stock_active_order_exists,0.03567,7.434444184626187,9,95.2888,7.434444184626187,95.2887537993921,0.8859028479695467,98.83485309017223,5695212.280000061,79.68591691995948,0.7551020408163218,0.0,-0.8196721311475497,99.44275582573455,15,-0.1771060865458307,0.3409090909090843,0.4080667100360741,-0.4767510300176636,0.18706697459584662,1.2123721095274773,1.2344876203081616,1788940320,168.31,0.08912126433366918,0.08912126433366918,-0.08912126433366918,0.17824252866733836,0.3030122987344841,0.42184065117938374,0.42184065117938374,-0.42184065117938374,0.6297902679579304,0.7545600380250761,0.74861862040283,0.74861862040283,-0.74861862040283,1.140752183470961,1.2655219535381068,993855
NSE_EQ|11236,Jindal Stainless,d95a12d743fabb736108d4ca,1788941577.541822,13:42:57,VWAP_REVERSION,9,SHORT,False,False,False,maximum_concurrent_trade_slots_in_use,0.05168,7.792571511712415,9,95.9529,7.792571511712415,95.95286885245902,1.6029991597181794,99.84631147540983,224540896.95000005,99.94877049180327,0.004385964912281686,0.0,1.249999999999994,99.84631147540983,15,1.2896046085362656,1.0,1.3959800943579226,0.9986945169712769,0.5294117647058749,1.3959800943579226,7.252951241854918,1788941580,774.0,-0.20671834625323182,0.20671834625323182,0.20671834625323182,0.5038759689922401,0.5038759689922401,1.4082687338501154,1.4082687338501154,-1.4082687338501154,1.5439276485788245,2.0478036175710645,1.5439276485788245,1.5439276485788245,-1.5439276485788245,1.6989664082687206,2.2028423772609607,993856
NSE_EQ|11236,Jindal Stainless,64fb9e420a66784969d38a00,1788941961.237252,13:49:21,VWAP_REVERSION,8,SHORT,False,False,False,maximum_concurrent_trade_slots_in_use,0.05147,9.215990602314545,8,96.0222,9.215990602314545,96.0221550855992,1.3178194908716894,99.44612286002014,158648924.34999967,99.64753272910373,0.02040816326530044,0.0,0.6209573091849876,98.23766364551864,15,0.9002590673575117,0.7354497354497367,1.3287117273252484,1.9434628975265156,0.6585365853658527,2.2337762372424534,1.621806440239201,1788942000,777.6,0.5079732510288038,0.5079732510288038,-0.5079732510288038,0.694444444444442,0.7458847736625418,0.9259259259259078,0.9259259259259078,-0.9259259259259078,1.22813786008229,1.27957818930039,1.9740226337448652,1.9740226337448652,-1.9740226337448652,2.089763374485587,2.141203703703687,993856
NSE_EQ|11236,Jindal Stainless,994b9548f537e9aad4d5a028,1788942441.676093,13:57:21,VWAP_REVERSION,7,SHORT,False,False,False,maximum_concurrent_trade_slots_in_use,0.04459,12.055808037477012,7,97.2168,12.055808037477012,97.314453125,0.7584448693435367,97.216796875,273193334.3499999,99.755859375,0.028112449799198254,-0.01931815153894597,0.4996255482728557,97.412109375,15,0.4732668201586243,0.4625000000000057,0.7574793125397894,1.5842224377626835,0.47572815533980584,2.017823042647998,1.6821853858369633,1788942480,784.85,0.012741288144235696,0.012741288144235696,-0.012741288144235696,0.29304962731731,0.554246034274064,0.14015416958654825,0.14015416958654825,-0.14015416958654825,0.4969102376250256,0.7899598649423356,0.6944002038606012,0.6944002038606012,-0.6944002038606012,1.1530865770529308,1.6499968146779564,993856
NSE_EQ|11236,Jindal Stainless,69bb4017ea5de14911d6c3d2,1788943263.336549,14:11:03,VWAP_REVERSION,8,SHORT,False,False,False,maximum_concurrent_trade_slots_in_use,0.05109,14.13452941502114,8,94.6839,14.13452941502114,97.84482758620689,0.5494856558686289,94.68390804597702,135760682.69999933,98.89846743295018,0.022082018927439818,-0.01612274340078975,-0.2896292153227074,91.52298850574712,15,-0.2293577981651307,0.38297872340424194,0.5491698595146813,-0.20392556716798405,0.1126760563380285,0.7918263090676797,0.828039354693687,1788943320,784.55,0.10834236186350044,0.10834236186350044,-0.10834236186350044,0.40787712701548795,0.5225925689885891,0.9495889363329457,0.9495889363329457,-0.9495889363329457,1.1917659804983716,1.3064814224714727,0.8221273341405988,0.8221273341405988,-0.8221273341405988,1.1917659804983716,1.3064814224714727,993857
NSE_EQ|11236,Jindal Stainless,8abc75d1b5ac64352d8bd49c,1788943878.218538,14:21:18,VWAP_REVERSION,3,SHORT,False,False,False,maximum_concurrent_trade_slots_in_use,0.05693,19.305160702222935,3,98.7057,19.305160702222935,98.70565675934803,1.1630847029077174,98.99328859060402,344233353.8499985,99.66442953020133,0.10810810810810866,0.0,0.6937814270256567,99.08916586768936,15,0.8145602647320782,0.7356321839080299,1.14253250852166,0.9301732925586226,0.41954022988505646,1.6285822497159421,0.7031759069780692,1788943920,791.65,0.044211457083309647,0.044211457083309647,-0.044211457083309647,0.2842165098212668,0.4168508810711846,-0.08842291416660819,0.08842291416660819,0.08842291416660819,0.2842165098212668,0.49264195035685354,-0.8147539948209381,0.8147539948209381,0.8147539948209381,0.8337017621423692,1.117918271963636,993857
NSE_EQ|11236,Jindal Stainless,d7378235b8589ba3b5d12296,1788945720.420088,14:52:00,VWAP_REVERSION,8,SHORT,False,False,False,dhan_authorization_or_ip_unavailable,0.05092,21.797826117145448,8,96.2646,21.797826117145448,98.96489648964896,0.7577204711875257,96.26462646264626,154144176.30000305,98.87488748874887,0.13395638629282722,0.013766519823791679,-0.6150323426086017,97.61476147614762,15,-0.6390382790256166,0.8079999999999927,0.757768721344886,-0.7269738921550029,0.48117154811715296,0.8851248089658743,1.1673179528173858,1788945780,781.95,0.15346249760213038,0.15346249760213038,-0.15346249760213038,0.25577082933692097,0.4475989513396117,-0.06394270733423024,0.06394270733423024,0.06394270733423024,0.5754843660080611,0.831255195344982,0.3900505147387934,0.3900505147387934,-0.3900505147387934,0.588272907474896,1.163757273482957,993858
NSE_EQ|20642,Jindal Worldwide,9bb7f8acb43cd2b2d93bc527,1788931637.202391,10:57:17,VWAP_REVERSION,6,SHORT,False,False,False,maximum_concurrent_trade_slots_in_use,0.08868,11.001261746812352,6,96.5205,11.001261746812352,96.5204957102002,2.2755555555555578,99.85700667302193,74289892.66999984,97.75977121067683,0.01224489795918391,0.05162918770078018,0.7548224252024508,97.85510009532888,15,1.1105140605409458,0.45588235294118,2.1789193976970713,2.5804106850808584,0.5680000000000007,2.9229406554472956,3.0098735905955847,1788931680,56.11,-0.017822135091782876,0.017822135091782876,0.017822135091782876,0.49901978256996493,0.9089288896809933,-0.12475494564249123,0.12475494564249123,0.12475494564249123,0.8198182142220678,1.3188379967920327,0.6415968633042279,0.6415968633042279,-0.6415968633042279,1.9426127250044667,2.7624309392265345,993850
NSE_EQ|20642,Jindal Worldwide,9c16b4ab2ac2583bb242890a,1788933049.78465,11:20:49,VWAP_REVERSION,6,SHORT,False,False,False,maximum_concurrent_trade_slots_in_use,0.07042,10.573098874612857,6,96.9595,10.573098874612857,96.95945945945947,1.8980667838312926,99.75868725868726,80050860.08000052,97.34555984555985,0.09677419354838591,-0.008650794024777139,1.200185561942262,99.75868725868726,15,1.2488849241748534,0.8974358974358998,1.2334801762114587,1.176680335175595,0.42857142857142855,1.8325991189427298,2.5050473076904054,1788933060,56.8,-0.12323943661971537,0.12323943661971537,0.12323943661971537,0.8098591549295708,1.1091549295774605,-0.5985915492957683,0.5985915492957683,0.5985915492957683,0.9683098591549255,1.2676056338028152,-1.5492957746478742,1.5492957746478742,1.5492957746478742,1.6725352112676006,2.1654929577464843,993851
NSE_EQ|20642,Jindal Worldwide,5578bbf45bdfdd7911af3642,1788933667.210566,11:31:07,VWAP_REVERSION,5,SHORT,False,False,False,maximum_concurrent_trade_slots_in_use,0.07048,11.656761482323374,5,97.5267,11.656761482323374,97.5266731328807,1.1273559978862084,98.78758486905916,63493107.63999939,97.5266731328807,0.11111111111111306,0.012298610257029769,0.1818418768591131,78.41901066925315,15,0.47686329918756876,0.4153846153846211,1.0898224644049876,1.1737506669037945,0.3000000000000003,1.8984004218667698,0.6907721087861778,1788933720,56.73,-0.4230565838180822,0.4230565838180822,0.4230565838180822,0.8461131676361644,1.040014101886122,-0.8813678829543425,0.8813678829543425,0.8813678829543425,1.2515423937951575,1.8684999118632084,-1.5335801163405605,1.5335801163405605,1.5335801163405605,1.5512074739996384,2.1681649920676893,993852
NSE_EQ|20642,Jindal Worldwide,07d60b1fda6b929b11b47dcf,1788934353.382105,11:42:33,VWAP_REVERSION,2,SHORT,False,False,False,maximum_concurrent_trade_slots_in_use,0.08795,12.482046689126227,2,97.3526,12.482046689126227,97.35264735264735,0.932277924362359,98.45154845154845,60459903.56000042,96.85314685314685,0.03743315508021411,0.0,0.5305039787798485,96.45354645354645,15,0.8143034165339014,0.9583333333333414,0.8779631255487269,0.7964601769911539,0.24590163934426218,1.2642669007901648,1.2826435540836538,1788934380,56.65,-0.7943512797881636,0.7943512797881636,0.7943512797881636,1.112091791703429,1.5180935569285015,-0.7766990291262044,0.7766990291262044,0.7766990291262044,1.4121800529567463,1.8181818181818188,-1.2356575463371544,1.2356575463371544,1.2356575463371544,1.6240070609002677,2.03000882612534,993852
NSE_EQ|16927,Jocil,f69bb30f855bbef58b407eaa,1788934040.921667,11:37:20,VWAP_REVERSION,1,LONG,False,False,False,maximum_concurrent_trade_slots_in_use,0.04693,17.12687913409501,1,98.6098,17.12687913409501,98.60977948226271,7.0992826975933525,99.95206136145734,577603.4800000009,41.37104506232023,0.4516129032258257,-0.01687953637540153,-2.1923770520604213,99.95206136145734,15,-2.32070276648747,0.30204778156996376,7.107382550335574,-3.932946486137967,0.5475763016157948,7.107382550335574,1.640179203018156,1788934080,149.0,0.30201342281879207,0.30201342281879207,0.30201342281879207,1.1275167785234963,1.4295302013422884,0.0,0.0,0.0,2.5436241610738097,3.671140939597306,0.7046979865771963,0.7046979865771963,0.7046979865771963,2.5436241610738097,3.671140939597306,993852
NSE_EQ|16927,Jocil,217e9008c347098cadf105a5,1788934515.038916,11:45:15,VWAP_REVERSION,3,LONG,False,False,False,maximum_concurrent_trade_slots_in_use,0.12599,18.869512928442575,3,98.4296,18.869512928442575,98.42958459979737,1.5915119363395265,99.34143870314082,105230.69999999972,18.38905775075988,0.16666666666665877,0.01194172438500391,1.1961119668901714,99.54407294832826,15,0.8724832214765277,0.37142857142857466,1.5968063872255525,-3.1572164948453496,0.30778894472361523,7.045908183632737,0.2740356937248129,1788934560,151.4,-1.1426684280053,1.1426684280053,-1.1426684280053,2.245706737120212,3.163804491413469,-1.0634081902245796,1.0634081902245796,-1.0634081902245796,2.6618229854689535,3.57992073976221,1.0568031704095038,1.0568031704095038,1.0568031704095038,2.6618229854689535,4.636723910171714,993852
NSE_EQ|16927,Jocil,e812681d05e648ee474b07a5,1788934870.571067,11:51:10,VWAP_REVERSION,1,LONG,False,False,False,maximum_concurrent_trade_slots_in_use,0.0335,24.36680697534576,1,98.8027,24.36680697534576,98.80268199233716,3.2093802345058577,99.9521072796935,679216.2399999993,43.15134099616858,0.035971223021582795,-0.06431277121556325,-1.355766489022221,99.85632183908046,15,-1.1426684280053,0.315118397085613,3.200374156477579,0.060168471720811745,0.006414825374196351,3.65470702211532,9.414790996784566,1788934920,149.0,0.6375838926174326,0.6375838926174326,0.6375838926174326,0.6577181208053617,1.2953020134227944,0.7046979865771963,0.7046979865771963,0.7046979865771963,1.3087248322147582,2.402684563758384,2.0134228187919545,2.0134228187919545,2.0134228187919545,3.6174496644295173,4.711409395973143,993852
NSE_EQ|16927,Jocil,5d9ec29f75231bd04a52e7b6,1788935008.658984,11:53:28,OPENING_RANGE_ACCEPTANCE,1,SHORT,False,False,False,account_analysis_capacity_in_use,0.13441,24.701142513529767,1,99.0613,24.701142513529767,99.06126482213439,2.6881720430107525,99.95059288537549,524920.1699999999,34.733201581027664,1.0,-0.08854914902881242,-1.8812775852751475,99.95059288537549,15,-1.9349743319731494,0.4681528662420399,3.2147651006711357,0.0,0.0,3.6711409395973145,1.608432383942588,1788935040,149.0,0.0,0.0,-0.0,1.0939597315436256,1.7315436241610582,1.3087248322147582,1.3087248322147582,-1.3087248322147582,1.3087248322147582,2.402684563758384,1.7315436241610804,1.7315436241610804,-1.7315436241610804,3.6174496644295173,4.711409395973143,993852
NSE_EQ|14466,Kirloskar Ferrous Industries,3cabfdfe9ff2f68ecba3ecd7,1788934644.926119,11:47:24,VOLATILITY_IGNITION,9,LONG,False,False,False,maximum_concurrent_trade_slots_in_use,0.04279,26.46079612718949,9,96.2476,26.46079612718949,98.87914230019493,0.8023106546854942,96.24756335282652,190460654.04999998,99.3664717348928,1.0,0.021958564349598066,0.7868411768344847,98.58674463937622,15,0.6253369272237075,0.9354838709677278,0.6428801028608165,0.571120689655169,0.7681159420289688,0.7714561234329724,4.519964313105542,1788934680,468.2,1.1853908586074269,1.1853908586074269,1.1853908586074269,1.2281076463049878,1.2281076463049878,0.5980350277659197,0.5980350277659197,0.5980350277659197,1.3348996155489123,1.3348996155489123,0.4912430585219951,0.4912430585219951,0.4912430585219951,1.6018795386586904,1.6445963263562513,993852
NSE_EQ|14466,Kirloskar Ferrous Industries,2884c66ec4812b145e0d8f2d,1788934903.844872,11:51:43,OPENING_RANGE_ACCEPTANCE,3,LONG,False,False,False,maximum_concurrent_trade_slots_in_use,0.11695,29.489901440437148,3,97.384,29.489901440437148,99.06219151036525,0.8824154794811894,97.38400789733464,4400878.150000006,73.88943731490622,1.0,-0.0727096461463915,0.9629810180224044,99.1609081934847,15,0.8602150537634357,0.7692307692307625,0.9808102345415827,1.1211729193618014,0.7647058823529255,1.26865671641792,0.03396776627988482,1788934920,472.0,-0.5932203389830581,0.5932203389830581,-0.5932203389830581,0.5932203389830581,1.1122881355932313,-0.07415254237288504,0.07415254237288504,-0.07415254237288504,0.7838983050847403,1.5466101694915246,-0.6355932203389814,0.6355932203389814,-0.6355932203389814,0.8474576271186418,1.6313559322033822,993852
NSE_EQ|14466,Kirloskar Ferrous Industries,50f19c20f0038c0c260b4b9a,1788935003.870982,11:53:23,VWAP_REVERSION,1,SHORT,False,False,False,account_analysis_capacity_in_use,0.10572,27.6851008930576,1,98.8692,27.6851008930576,99.06588003933136,1.2157733375621103,98.8692232055064,5875543.349999934,78.12192723697149,0.10344827586206445,-0.09354536950420954,1.1080690773213817,99.16420845624386,15,1.1853908586074269,0.822222222222217,1.2137203166226913,2.156334231805923,0.8771929824561333,2.174142480211084,0.09086348423121574,1788935040,474.4,-0.9591062394603611,0.9591062394603611,0.9591062394603611,1.138279932546371,1.138279932546371,-1.1277403035413136,1.1277403035413136,1.1277403035413136,1.3385328836424848,1.6125632377740229,-0.9274873524451888,0.9274873524451888,0.9274873524451888,1.3490725126475533,1.6231028667790914,993852
NSE_EQ|14466,Kirloskar Ferrous Industries,ef095e87c32c7f44053416f7,1788935273.42514,11:57:53,OPENING_RANGE_ACCEPTANCE,1,LONG,False,False,False,maximum_concurrent_trade_slots_in_use,0.14871,26.6403974337264,1,99.1551,26.6403974337264,99.15506958250498,1.1472275334607982,99.35387673956262,7789743.049999952,82.45526838966202,0.8333333333333544,-0.019219683793169132,-0.5721213932923666,98.75745526838966,15,-0.5932203389830581,0.2978723404255356,1.118925831202046,1.1752021563342208,0.2860892388451436,2.3017902813299256,0.08496765605660775,1788935280,470.7,0.06373486297004405,0.06373486297004405,0.06373486297004405,0.48863394943701177,0.743573401317188,0.06373486297004405,0.06373486297004405,0.06373486297004405,1.0622477161674082,1.6252390057361343,-0.1487146802634398,0.1487146802634398,-0.1487146802634398,1.0622477161674082,1.6358614828978046,993852
NSE_EQ|14466,Kirloskar Ferrous Industries,9e9ab63b41f1b16c0370f4ea,1788935310.398835,11:58:30,VWAP_REVERSION,2,SHORT,False,False,False,maximum_concurrent_trade_slots_in_use,0.12763,26.619004327362568,2,98.9716,26.619004327362568,98.97159647404506,1.1486917677089932,99.16748285994123,7940625.899999976,82.61508325171401,0.314285714285731,0.0,-0.6026006977481692,98.67776689520078,15,-0.6647673314340019,0.34806629834254915,1.1472275334607982,1.4439655172413746,0.3333333333333333,2.2944550669216084,0.06649353058479802,1788935340,469.85,0.393742683835252,0.393742683835252,-0.393742683835252,0.43630946046608887,0.7449185910396894,0.4469511546238092,0.4469511546238092,-0.4469511546238092,1.2450782164520557,1.6281792061296096,0.06385016494625528,0.06385016494625528,-0.06385016494625528,1.2450782164520557,1.63882090028733,993852
NSE_EQ|14466,Kirloskar Ferrous Industries,1ee81a7c43734fb783f67e4b,1788935624.909461,12:03:44,OPENING_RANGE_ACCEPTANCE,6,LONG,False,False,False,maximum_concurrent_trade_slots_in_use,0.1166,26.71331589069229,6,96.7877,26.71331589069229,99.02234636871509,0.7424692405600339,96.7877094972067,2001238.050000012,62.43016759776536,1.0,-0.07358952172250731,0.5853166006137605,97.3463687150838,15,0.06373486297004405,0.10344827586207167,0.7430997876857749,0.5980350277659197,0.14893617021276648,1.326963906581741,0.24671981919768973,1788935640,471.7,-0.561797752808979,0.561797752808979,-0.561797752808979,0.847996608013557,1.6217935128259309,-0.3073987704049208,0.3073987704049208,-0.3073987704049208,0.847996608013557,1.6323934704261078,-0.46639813440746414,0.46639813440746414,-0.46639813440746414,0.847996608013557,1.6323934704261078,993853
NSE_EQ|14466,Kirloskar Ferrous Industries,aad53bba0d83afeb110640f5,1788935654.050267,12:04:14,VOLATILITY_IGNITION,3,LONG,False,False,False,maximum_concurrent_trade_slots_in_use,0.17993,26.818345272612373,3,97.9543,26.818345272612373,99.00095147478592,0.773223175511076,97.95432921027593,2619062.25000003,66.17507136060894,1.0,-0.05832264084917765,0.7301076696399719,98.62036156041864,15,0.393742683835252,0.6727272727272464,0.741997032011872,0.6615450277422052,0.16230366492146447,1.282594869620524,0.40214173228346456,1788935700,473.25,-0.8874801901743279,0.8874801901743279,-0.8874801901743279,1.0987849973586927,1.2572636027469608,-0.898045430533545,0.898045430533545,-0.898045430533545,1.1093502377179099,1.267828843106178,-0.6867406233491802,0.6867406233491802,-0.6867406233491802,1.1093502377179099,1.267828843106178,993853
NSE_EQ|14466,Kirloskar Ferrous Industries,a8c0a6320ee3e026da4b71ba,1788936132.789515,12:12:12,OPENING_RANGE_ACCEPTANCE,8,LONG,False,False,False,maximum_concurrent_trade_slots_in_use,0.12747,26.485436739619523,8,96.4004,26.485436739619523,98.86587771203156,0.6585935840237871,96.40039447731755,1178950.650000006,55.47337278106509,0.5,-0.008878424109267868,-0.08663255965386248,54.88165680473372,15,-0.2331496396778321,0.25000000000000644,0.7966857871255577,0.31969309462915874,0.12,1.6252390057361328,0.18624547548535703,1788936180,471.0,-0.10615711252653925,0.10615711252653925,-0.10615711252653925,0.6369426751592355,0.9023354564755781,-0.2123142250530785,0.2123142250530785,-0.2123142250530785,0.6369426751592355,0.9023354564755781,-0.424628450106157,0.424628450106157,-0.424628450106157,0.8386411889596657,1.4755838641189012,993853
NSE_EQ|14466,Kirloskar Ferrous Industries,c77e8f60683e535691743244,1788936233.022715,12:13:53,VOLATILITY_IGNITION,10,LONG,False,False,False,maximum_concurrent_trade_slots_in_use,0.11654,26.069376491493703,10,94.7395,26.069376491493703,99.02962206332992,0.6250662146413791,94.73953013278856,461148.9500000179,35.69969356486211,1.0,0.004541532312998277,0.6137294409307875,98.62104187946883,15,0.3088063039079936,0.5918367346938757,0.6263269639065794,0.06373486297004405,0.02654867256637266,1.6242038216560462,0.16793097457872488,1788936240,471.75,-0.31796502384737746,0.31796502384737746,-0.31796502384737746,0.7949125596184436,0.9009009009009028,-0.33916269210387817,0.33916269210387817,-0.33916269210387817,0.7949125596184436,0.9009009009009028,-0.6889242183359845,0.6889242183359845,-0.6889242183359845,0.7949125596184436,1.4732379438261778,993853
NSE_EQ|14466,Kirloskar Ferrous Industries,0ad9c9d2845de3124467e0ca,1788937840.028424,12:40:40,VOLATILITY_IGNITION,3,LONG,False,False,False,maximum_concurrent_trade_slots_in_use,0.15866,20.769848136126196,3,97.687,20.769848136126196,98.86811023622047,0.8369530670621863,97.68700787401575,6819326.549999982,80.75787401574803,0.7179487179487146,0.02166462108180419,0.4252865335420047,95.71850393700787,14,-0.18085106382979,0.269841269841279,0.4263028882020676,,,,,1788937860,471.0,-0.424628450106157,0.424628450106157,-0.424628450106157,0.5520169851380041,0.7537154989384343,-0.9341825902335454,0.9341825902335454,-0.9341825902335454,1.125265392781316,1.3269639065817462,-1.571125265392781,1.571125265392781,-1.571125265392781,1.571125265392781,1.772823779193211,993854
NSE_EQ|14466,Kirloskar Ferrous Industries,ac031a9fa7b896cc964c2259,1788937843.644001,12:40:43,OPENING_RANGE_ACCEPTANCE,3,LONG,False,False,False,maximum_concurrent_trade_slots_in_use,0.12704,20.769848136126196,3,97.687,20.769848136126196,98.86811023622047,0.8369530670621863,97.68700787401575,6819326.549999982,80.75787401574803,0.7179487179487146,0.02166462108180419,0.4252865335420047,95.71850393700787,14,-0.18085106382979,0.269841269841279,0.4263028882020676,,,,,1788937860,471.0,-0.424628450106157,0.424628450106157,-0.424628450106157,0.5520169851380041,0.7537154989384343,-0.9341825902335454,0.9341825902335454,-0.9341825902335454,1.125265392781316,1.3269639065817462,-1.571125265392781,1.571125265392781,-1.571125265392781,1.571125265392781,1.772823779193211,993854
NSE_EQ|14466,Kirloskar Ferrous Industries,dc81b27d9e841d0d96796de2,1788937882.385273,12:41:22,VWAP_REVERSION,1,SHORT,False,False,False,maximum_concurrent_trade_slots_in_use,0.14842,20.933203431711675,1,99.2857,20.933203431711675,99.28571428571429,1.473550302130815,99.38095238095238,10006200.800000012,85.66666666666667,0.08133971291865712,0.016138803109379644,0.5488931798330462,97.09523809523809,14,0.24475896562732302,0.23711340206184986,1.4755838641188936,,,,,1788937920,471.4,-0.5091217649554447,0.5091217649554447,0.5091217649554447,0.6364022061943198,0.6894357233771853,-1.1243105642766094,1.1243105642766094,1.1243105642766094,1.2091641917691964,1.262197708952062,-1.6546457361052092,1.6546457361052092,1.6546457361052092,1.7288926601612187,1.7819261773440842,993854
NSE_EQ|14466,Kirloskar Ferrous Industries,e59756ad487f00a768bc574f,1788941361.782387,13:39:21,VOLATILITY_IGNITION,4,SHORT,False,False,False,maximum_concurrent_trade_slots_in_use,0.14962,17.943475160623592,4,98.2412,17.943475160623592,98.24120603015075,0.9511595596879316,98.74371859296483,2788153.7499999404,69.09547738693468,1.0,0.0,0.5696474634565851,98.04020100502512,15,0.5364806866952732,0.34722222222222004,0.9498399146211288,0.7526881720430145,0.36082474226803957,1.0352187833511133,0.33921852387843704,1788941400,467.85,0.06412311638344104,0.06412311638344104,-0.06412311638344104,0.06412311638344104,0.06412311638344104,-0.4274874425563735,0.4274874425563735,0.4274874425563735,0.4274874425563735,0.49161055893981453,0.20305653521428546,0.20305653521428546,-0.20305653521428546,1.2290263973495863,1.6565138399059598,993856
NSE_EQ|14466,Kirloskar Ferrous Industries,9ab546ab51a55eb3b4791011,1788942627.355834,14:00:27,VWAP_REVERSION,4,SHORT,False,False,False,maximum_concurrent_trade_slots_in_use,0.19086,16.908088912856307,4,98.2011,16.908088912856307,98.47785977859779,1.0921429328809318,98.2011070110701,9426731.050000072,87.13099630996311,0.06772908366534008,0.03548493831601578,0.3370139974013107,92.94280442804428,15,1.3738327787914617,1.0,1.641079936474325,0.875787674890538,0.41414141414141736,1.641079936474325,6.722047098090116,1788942660,472.0,-0.6249999999999978,0.6249999999999978,0.6249999999999978,0.6355932203389814,0.7415254237288171,-0.8474576271186418,0.8474576271186418,0.8474576271186418,0.9957627118644008,1.1016949152542366,-0.8474576271186418,0.8474576271186418,0.8474576271186418,1.0487288135593187,1.1546610169491545,993857
NSE_EQ|14466,Kirloskar Ferrous Industries,38388e562ce719a3fcc3e789,1788942702.364298,14:01:42,OPENING_RANGE_ACCEPTANCE,3,LONG,False,False,False,maximum_concurrent_trade_slots_in_use,0.09534,16.82453552952034,3,98.7817,16.82453552952034,98.78167641325535,1.089947089947097,98.78167641325535,12129496.100000083,89.2300194931774,0.6666666666666825,0.03515732960177566,0.8293959845192643,98.68421052631578,15,0.7578183370690494,0.8765432098765435,1.0911016949152614,0.8223859873972117,0.3793103448275893,1.6419491525423728,8.578580872631115,1788942720,472.0,-0.5932203389830581,0.5932203389830581,-0.5932203389830581,0.6355932203389814,0.6355932203389814,-0.8474576271186418,0.8474576271186418,-0.8474576271186418,0.9957627118644008,0.9957627118644008,-0.8474576271186418,0.8474576271186418,-0.8474576271186418,1.0487288135593187,1.0487288135593187,993857
BSE_EQ|531402,LWS Knitwear,d8e120cd3f153f05965607ce,1788944723.962339,14:35:23,VWAP_REVERSION,6,LONG,False,False,False,dhan_authorization_or_ip_unavailable,0.13986,20.708691013322074,6,97.3925,20.708691013322074,98.85635864592864,0.979020979020983,97.3924977127173,47901.92000000004,9.560841720036596,1.0,-0.04941716810557304,-0.5069110655522856,95.3796889295517,15,-0.6954102920723293,0.7142857142857215,0.9803921568627492,-1.5172413793103523,0.8461538461538493,1.6806722689075646,0.9558541266794626,1788944760,14.3,-0.6993006993007089,0.6993006993007089,-0.6993006993007089,4.335664335664324,5.034965034965033,-0.6993006993007089,0.6993006993007089,-0.6993006993007089,4.335664335664324,5.314685314685308,-5.524475524475536,5.524475524475536,-5.524475524475536,9.090909090909093,13.426573426573418,993858
BSE_EQ|524522,Laffans Petrochemicals,3a28053c4cab70032c591f17,1788926052.07963,09:24:12,OPENING_DRIVE,2,LONG,False,False,False,maximum_concurrent_trade_slots_in_use,0.18182,2414.0,2,99.6889,2414.0,99.6888888888889,5.745454545454539,99.95555555555555,253343.93,11.511111111111111,0.6551724137931018,-0.06406736225515451,4.985852940278806,99.95555555555555,8,4.921785578023652,0.6825396825396819,5.745454545454539,,,,,1788926100,27.7,2.2021660649819585,2.2021660649819585,2.2021660649819585,2.2021660649819585,2.2021660649819585,2.2021660649819585,2.2021660649819585,2.2021660649819585,2.2021660649819585,2.2021660649819585,,,,,,993847
NSE_EQ|7902,Lakshmi Finance & Industrial Corp,ab562b99cf53e3bf479569aa,1788928135.969478,09:58:55,VWAP_REVERSION,1,LONG,False,False,False,account_analysis_capacity_in_use,0.13569,1335.4290088627054,1,99.6933,1335.4290088627054,99.78089395267308,2.4423337856173686,99.69325153374233,378112.87000000104,26.07361963190184,0.3333333333333333,-0.07949125596183967,2.4406023670729655,99.78089395267308,15,-0.6451612903225823,0.11682242990654203,2.467532467532475,-5.469277515192439,0.3701703365184873,7.60389610389611,0.3952212389380531,1788928140,155.0,0.6451612903225712,0.6451612903225712,0.6451612903225712,1.2903225806451646,1.4193548387096744,0.0,0.0,0.0,1.2903225806451646,1.6129032258064502,0.6451612903225712,0.6451612903225712,0.6451612903225712,1.2903225806451646,1.6129032258064502,993848
NSE_EQ|7902,Lakshmi Finance & Industrial Corp,775af143c9db6324f8966046,1788933258.368707,11:24:18,VOLATILITY_IGNITION,1,SHORT,False,False,False,maximum_concurrent_trade_slots_in_use,0.12516,223.3668188736682,1,99.9525,223.3668188736682,99.95251661918329,2.127659574468071,99.95251661918329,699238.6500000022,45.25166191832859,1.0,-0.016556291390732242,-2.0667770419425873,99.95251661918329,15,-1.9607843137254832,1.0,1.999999999999993,-0.9410599306587497,0.15510204081632784,2.5,1.6071784646061815,1788933300,159.8,-1.126408010012525,1.126408010012525,1.126408010012525,1.7459324155194134,1.7459324155194134,-0.6570713391739758,0.6570713391739758,0.6570713391739758,2.3153942428035146,2.3153942428035146,0.12515644555692873,0.12515644555692873,-0.12515644555692873,2.3153942428035146,2.4405506883604433,993851
NSE_EQ|7902,Lakshmi Finance & Industrial Corp,19036c853644c085fc0b1096,1788933520.345697,11:28:40,OPENING_RANGE_ACCEPTANCE,2,LONG,False,False,False,maximum_concurrent_trade_slots_in_use,0.12658,523.5065214106714,2,99.4686,523.5065214106714,99.85507246376811,2.0506329113924107,99.46859903381643,268491.30000000075,29.227053140096622,1.0,0.006602839220858966,-1.410659001467349,99.66183574879227,15,-2.4811751635600565,0.6699999999999985,3.170886075949379,-2.6793963658761855,0.450777202072538,4.424050632911398,0.8498194945848375,1788933540,158.0,-0.6329113924050667,0.6329113924050667,-0.6329113924050667,1.1075949367088556,1.1075949367088556,0.0,0.0,0.0,1.2594936708860915,2.462025316455718,0.0,0.0,0.0,1.8670886075949245,3.069620253164551,993851
NSE_EQ|7902,Lakshmi Finance & Industrial Corp,14fb1807f2e1d2d188db53f4,1788934298.863128,11:41:38,VOLATILITY_IGNITION,2,LONG,False,False,False,maximum_concurrent_trade_slots_in_use,0.00625,484.36708860759495,2,98.9531,484.36708860759495,99.85044865403788,1.2625789111819552,98.9531405782652,380646.2100000009,32.75174476570289,0.8493150684931688,0.0,1.2723129510064688,99.45164506480559,15,1.6335682254964734,0.9272727272727314,1.6703435234793607,-0.7196495619524401,0.1245937161430119,2.332177749763641,1.9086194122005433,1788934320,158.17,-0.4235948662831057,0.4235948662831057,-0.4235948662831057,1.1506606815451903,1.574255547828296,1.1633053044193042,1.1633053044193042,1.1633053044193042,1.7576025795030592,3.0599987355376945,-0.7397104381361763,0.7397104381361763,-0.7397104381361763,1.7576025795030592,3.0599987355376945,993852
NSE_EQ|7902,Lakshmi Finance & Industrial Corp,415245a59566d9d3a3b2e767,1788934302.683278,11:41:42,OPENING_RANGE_ACCEPTANCE,1,LONG,False,False,False,maximum_concurrent_trade_slots_in_use,0.00625,484.36708860759495,1,98.7374,484.36708860759495,99.94949494949495,1.2625789111819552,98.73737373737373,373695.08999999985,32.27272727272727,0.8493150684931688,0.0,1.2723129510064688,99.14141414141415,15,1.6335682254964734,0.9272727272727314,1.6703435234793607,-0.7196495619524401,0.1245937161430119,2.332177749763641,1.9086194122005433,1788934320,158.17,-0.4235948662831057,0.4235948662831057,-0.4235948662831057,1.1506606815451903,1.574255547828296,1.1633053044193042,1.1633053044193042,1.1633053044193042,1.7576025795030592,3.0599987355376945,-0.7397104381361763,0.7397104381361763,-0.7397104381361763,1.7576025795030592,3.0599987355376945,993852
NSE_EQ|22360,M Tek Copper,69d0ebf3a510a56a57016c7d,1788926119.188634,09:25:19,GAP_REJECTION,7,SHORT,True,True,True,ai_ran,0.09556,15.591696509009713,7,97.2816,15.591696509009713,97.28163992869875,3.7910162472124806,99.68805704099822,1419903.7599999988,34.71479500891266,0.19402985074627405,0.0028346278133735835,3.084193286800752,99.77718360071302,11,3.3859303090072235,0.7006802721088441,3.7837837837837767,,,,,1788926160,62.99,0.5715192887759901,0.5715192887759901,-0.5715192887759901,1.6034291157326575,1.809811081123991,-0.9842832195586682,0.9842832195586682,0.9842832195586682,1.6351801873313199,3.2386093030639773,1.2541673281473154,1.2541673281473154,-1.2541673281473154,1.6351801873313199,3.2386093030639773,993847
NSE_EQ|22360,M Tek Copper,7a8c5185a1079664e9579658,1788926513.381574,09:31:53,GAP_REJECTION,6,SHORT,True,True,True,ai_ran,0.12723,16.80720887835785,6,97.4613,16.80720887835785,97.46127366609294,2.3854961832061066,99.69879518072288,1135699.0800000033,38.16695352839931,0.29936305732484136,0.0780068940065228,-0.2526377877991874,62.177280550774526,15,0.5715192887759901,0.2727272727272737,1.7995264404104192,5.6713928273561365,0.5802047781569986,6.471981057616419,0.5533718457291965,1788926520,62.88,0.190839694656475,0.190839694656475,-0.190839694656475,1.463104325699749,2.2900763358778664,0.1749363867684428,0.1749363867684428,-0.1749363867684428,1.463104325699749,2.2900763358778664,0.39758269720102657,0.39758269720102657,-0.39758269720102657,1.6221374045801484,3.0852417302798973,993848
NSE_EQ|22360,M Tek Copper,fbe8d6e5ec52b5905f369c13,1788928068.902639,09:57:48,VWAP_REVERSION,7,SHORT,True,True,True,ai_ran,0.15723,13.370595144628293,7,97.134,13.370595144628293,97.13403880070547,2.4528301886792376,99.77954144620811,712594.5700000012,37.257495590828924,0.2131147540983534,-0.07103786640743084,2.0922120723747035,99.77954144620811,15,0.9638173487122703,0.43262411347517793,2.441314553990603,1.8002230364823957,0.4650205761316868,2.441314553990603,1.8553544942153664,1788928080,63.6,-0.18867924528302993,0.18867924528302993,0.18867924528302993,0.7547169811320864,1.226415094339639,-1.6981132075471694,1.6981132075471694,1.6981132075471694,1.6981132075471694,2.169811320754722,-1.7767295597484356,1.7767295597484356,1.7767295597484356,1.7767295597484356,2.248427672955988,993848
NSE_EQ|22360,M Tek Copper,e6607744ade8a3e12d20122e,1788941807.288366,13:46:47,VOLATILITY_IGNITION,10,SHORT,False,False,False,assigned_stock_active_order_exists,0.08278,6.483408957852305,10,94.6984,6.483408957852305,94.69844357976653,0.9602649006622489,98.39494163424123,77405.61000000127,16.29377431906615,1.0,0.0,-0.8047298406963409,99.07587548638132,15,-0.34431874077718305,0.36842105263158026,0.7239223428759423,-0.5074480275004123,0.17919075144508761,0.9871668311944742,0.27038136560858644,1788941820,60.45,-0.08271298593880427,0.08271298593880427,0.08271298593880427,0.36393713813069883,0.5955334987593153,0.16542597187758634,0.16542597187758634,-0.16542597187758634,0.463192721257244,0.6947890818858604,-0.5128205128205221,0.5128205128205221,0.5128205128205221,0.7444168734491385,0.976013234077755,993856
NSE_EQ|24538,Maithan Alloys,535f3849e314cd80b69725bb,1788945416.662225,14:46:56,VWAP_REVERSION,7,SHORT,False,False,False,dhan_authorization_or_ip_unavailable,0.10117,9.142206194759348,7,95.8371,9.142206194759348,96.75205855443733,0.7274401473296584,95.83714547118024,31688395.94999996,91.99451052150046,0.14705882352941274,-0.006518055012393196,-0.06249505747898017,38.01463860933211,15,0.5963663261060459,0.6172248803827768,0.7674632352941302,2.893890675241151,0.6023622047244109,3.1893382352941217,0.5966307092035804,1788945420,1087.0,0.08739650413984723,0.08739650413984723,-0.08739650413984723,0.3311867525298884,0.4185832566697356,-0.680772769089244,0.680772769089244,0.680772769089244,0.9199632014719406,1.0763569457221678,-1.1223551057957692,1.1223551057957692,1.1223551057957692,1.467341306347747,1.6237350505979742,993858
NSE_EQ|13796,Manali Petrochemicals,16a981634907addbaf7a26cb,1788934275.73065,11:41:15,OPENING_RANGE_ACCEPTANCE,7,SHORT,False,False,False,maximum_concurrent_trade_slots_in_use,0.12501,24.126087072804044,7,96.5093,24.126087072804044,98.96755162241888,0.795635371675384,96.5093411996067,6224392.169999987,78.8102261553589,0.5180722891566186,0.0,-0.4863703200995279,95.52605703048181,15,-0.10182147301731614,0.17647058823530395,0.48697621744055136,-0.8310871518418805,0.5522388059701664,1.359003397508497,1.48372674225315,1788934320,88.03,0.20447574690445336,0.20447574690445336,-0.20447574690445336,0.3748722026581719,0.3748722026581719,-0.5679881858457358,0.5679881858457358,0.5679881858457358,0.6020674769964818,0.9769396796546537,-0.10223787345223778,0.10223787345223778,0.10223787345223778,0.6020674769964818,0.9769396796546537,993852
NSE_EQ|13796,Manali Petrochemicals,661b8f698599db189f9a9936,1788934289.044383,11:41:29,VOLATILITY_IGNITION,3,SHORT,False,False,False,maximum_concurrent_trade_slots_in_use,0.12506,18.912502045255298,3,97.7612,18.912502045255298,98.45771144278606,0.9208731241473425,97.76119402985076,6174979.98999998,78.75621890547264,0.6666666666667035,0.0,-0.5989377330771851,96.86567164179104,15,-0.10182147301731614,0.17647058823530395,0.48697621744055136,-0.8310871518418805,0.5522388059701664,1.359003397508497,1.48372674225315,1788934320,88.03,0.20447574690445336,0.20447574690445336,-0.20447574690445336,0.3748722026581719,0.3748722026581719,-0.5679881858457358,0.5679881858457358,0.5679881858457358,0.6020674769964818,0.9769396796546537,-0.10223787345223778,0.10223787345223778,0.10223787345223778,0.6020674769964818,0.9769396796546537,993852
NSE_EQ|1593,Mangalam Global Enterprise,6c3a1f3aa6240b83854da4bd,1788936954.955985,12:25:54,VOLATILITY_IGNITION,1,LONG,False,False,False,maximum_concurrent_trade_slots_in_use,0.12308,302.2133734195988,1,99.9508,302.2133734195988,99.9507874015748,5.2307692307692175,99.9507874015748,52394733.04000002,97.19488188976378,1.0,0.040255748071330505,5.06970544209684,99.9507874015748,12,6.0886829913964435,0.6865671641791077,7.485963817841542,,,,,1788936960,16.25,3.5076923076923006,3.5076923076923006,3.5076923076923006,4.615384615384621,6.153846153846154,3.076923076923066,3.076923076923066,3.076923076923066,4.615384615384621,6.153846153846154,0.9230769230769154,0.9230769230769154,0.9230769230769154,4.615384615384621,6.153846153846154,993853
NSE_EQ|1593,Mangalam Global Enterprise,12b3ec3bdaa7568ba3b2cfd3,1788937701.644946,12:38:21,VWAP_REVERSION,1,SHORT,False,False,False,maximum_concurrent_trade_slots_in_use,0.05952,261.0656977936458,1,99.3634,261.0656977936458,99.95102840352595,1.1302795954788893,99.36336924583742,646602.9099999964,41.77277179236043,0.38095238095237655,0.03601267646211466,-0.686130879771825,98.38393731635652,15,0.35545023696683664,0.33333333333334647,1.12160566706022,4.310344827586232,0.3017241379310366,5.903187721369539,0.313486432988246,1788937740,16.77,-0.8944543828264706,0.8944543828264706,0.8944543828264706,0.8944543828264706,1.073345259391778,-2.2063208109719845,2.2063208109719845,2.2063208109719845,3.637447823494333,3.8163387000596405,-2.8026237328562797,2.8026237328562797,2.8026237328562797,3.637447823494333,3.8163387000596405,993854
NSE_EQ|1593,Mangalam Global Enterprise,b5e87910727d40a287f5aa3e,1788938338.717647,12:48:58,OPENING_RANGE_ACCEPTANCE,1,LONG,False,False,False,maximum_concurrent_trade_slots_in_use,0.12346,253.51358270467392,1,99.9506,253.51358270467392,99.95059288537549,2.8395061728395112,99.95059288537549,1653620.6899999678,60.62252964426877,1.0,0.003920833578497121,-2.5309966458528756,99.95059288537549,15,-3.053892215568854,1.0,3.335392217418154,-4.087677725118466,0.6448598130841141,5.18838789376158,3.347626850879689,1788938340,16.2,1.2345679012345734,1.2345679012345734,1.2345679012345734,1.2345679012345734,1.4814814814814836,1.6049382716049498,1.6049382716049498,1.6049382716049498,1.85185185185186,2.0987654320987703,-1.851851851851849,1.851851851851849,-1.851851851851849,1.85185185185186,3.703703703703709,993854
NSE_EQ|1593,Mangalam Global Enterprise,f4b300004a2ccc9f5ead5996,1788939214.268317,13:03:34,VWAP_REVERSION,10,SHORT,False,False,False,maximum_concurrent_trade_slots_in_use,0.18226,227.81800434508935,10,95.8818,227.81800434508935,99.9515503875969,0.6682867557715639,95.88178294573643,262607.4999999702,30.281007751937985,1.0,-0.02247482385335538,0.14412932506989778,75.72674418604652,15,0.12135922330096527,0.09999999999999823,0.6666666666666632,1.914762198888198,0.5438596491228079,2.0606060606060597,0.5082878738087414,1788939240,16.46,-0.9720534629404587,0.9720534629404587,0.9720534629404587,0.9720534629404587,0.9720534629404587,-3.402187120291622,3.402187120291622,3.402187120291622,3.402187120291622,3.402187120291622,-4.009720534629402,4.009720534629402,4.009720534629402,4.252733900364525,4.252733900364525,993855
NSE_EQ|1593,Mangalam Global Enterprise,6ecdfd9033f56251c5563d77,1788939780.865881,13:13:00,VOLATILITY_IGNITION,1,SHORT,False,False,False,maximum_concurrent_trade_slots_in_use,0.06266,226.83595701875095,1,99.8507,226.83595701875095,99.95024875621891,2.4436090225563945,99.85074626865672,889346.099999994,47.81094527363184,1.0,-0.05434290372249097,-2.3309781971949435,99.95024875621891,15,-2.385321100917437,1.0,2.4436090225563945,-3.1553398058252413,0.7027027027027036,3.383458646616536,3.0465028640337652,1788939840,15.96,-0.3759398496240629,0.3759398496240629,0.3759398496240629,0.3759398496240629,0.6265664160400974,-1.0025062656641603,1.0025062656641603,1.0025062656641603,1.253132832080206,1.5037593984962405,-2.0676691729323293,2.0676691729323293,2.0676691729323293,2.8822055137844638,3.1328320802004983,993855
NSE_EQ|1593,Mangalam Global Enterprise,9459396fcce3f951511c5e3c,1788941367.544221,13:39:27,VOLATILITY_IGNITION,5,LONG,False,False,False,maximum_concurrent_trade_slots_in_use,0.12571,222.43969299549482,5,98.3467,222.43969299549482,99.9498997995992,0.8799497171590229,98.34669338677354,25652.219999969006,6.763527054108216,0.8749999999999833,0.0,0.696202531645566,98.84769539078157,13,,,,,,,,1788941400,15.8,0.06329113924050667,0.06329113924050667,0.06329113924050667,1.898734177215189,2.5316455696202556,0.8227848101265867,0.8227848101265867,0.8227848101265867,1.898734177215189,2.7215189873417756,0.56962025316456,0.56962025316456,0.56962025316456,1.898734177215189,2.9113924050632956,993856
NSE_EQ|1593,Mangalam Global Enterprise,e2d74c63c26661f232ad1f11,1788941370.701562,13:39:30,OPENING_RANGE_ACCEPTANCE,5,LONG,False,False,False,maximum_concurrent_trade_slots_in_use,0.12571,222.3852311296025,5,98.35,222.3852311296025,99.95,0.8799497171590229,98.35000000000001,25652.219999969006,6.550000000000001,0.8749999999999833,0.0,0.696202531645566,98.65,13,,,,,,,,1788941400,15.8,0.06329113924050667,0.06329113924050667,0.06329113924050667,1.898734177215189,2.5316455696202556,0.8227848101265867,0.8227848101265867,0.8227848101265867,1.898734177215189,2.7215189873417756,0.56962025316456,0.56962025316456,0.56962025316456,1.898734177215189,2.9113924050632956,993856
NSE_EQ|2283,Mangalore Refinery & Petroleum,273a1bd7e067843548779464,1788934132.747241,11:38:52,VWAP_REVERSION,10,SHORT,False,False,False,maximum_concurrent_trade_slots_in_use,0.05491,7.237765087005351,10,94.0628,7.237765087005351,94.94602551521099,0.63641850002743,94.06280667320902,169340795.36000156,99.55839057899902,0.0030211480362596394,-0.007931314813724064,-0.06334061501083484,40.77526987242395,15,0.0383687787765874,0.03910614525139363,0.48216536080214534,0.745197615367621,0.36388140161725396,0.9862473289134904,0.8022790199909356,1788934140,182.2,0.0,0.0,-0.0,0.16465422612514935,0.27442371020857115,0.10428100987924793,0.10428100987924793,-0.10428100987924793,0.35126234906694975,0.6805708013172262,0.7903402854006591,0.7903402854006591,-0.7903402854006591,1.0976948408342402,1.44895718990119,993852
NSE_EQ|2283,Mangalore Refinery & Petroleum,cc2bcc961b01b650fcfefe74,1788935718.212737,12:05:18,VWAP_REVERSION,10,SHORT,False,False,False,maximum_concurrent_trade_slots_in_use,0.04382,8.200588431769797,10,95.7644,8.200588431769797,95.76436222005842,0.9963867294426767,98.78286270691335,343149242.7199993,99.8539435248296,0.23733333333333548,-0.034153005464488635,-0.05882954663309705,39.09444985394352,15,0.36674147462916196,0.3059360730593683,0.992582897033155,0.4437140509449433,0.21485411140583718,1.1561954624781718,5.298162505403281,1788935760,183.49,0.03269932966374345,0.03269932966374345,-0.03269932966374345,0.24524497247806476,0.31609352008283853,0.44144095046052545,0.44144095046052545,-0.44144095046052545,0.7139353643250246,0.9646302250803873,1.5859174886914795,1.5859174886914795,-1.5859174886914795,1.902011008774318,2.152705869529681,993853
NSE_EQ|2283,Mangalore Refinery & Petroleum,5112915bf165d086f45ea538,1788936026.108626,12:10:26,VWAP_REVERSION,10,SHORT,False,False,False,maximum_concurrent_trade_slots_in_use,0.01635,8.39549654310101,10,96.1576,8.39549654310101,96.15758754863813,0.6920980926430573,96.93579766536965,155782612.24000025,99.17315175097276,0.07389162561576837,-0.012147058510067182,0.4500233584553389,96.15758754863813,15,0.33320587753318254,0.7530864197530484,0.7513066202090567,0.7735776595161115,0.3759999999999962,1.0997386759581782,0.5800154440365425,1788936060,183.55,0.016344320348671282,0.016344320348671282,-0.016344320348671282,0.28330155271043544,0.5284663579406157,0.6265322800326656,0.6265322800326656,-0.6265322800326656,0.7354944156905407,1.0187959684009762,0.049032961046013845,0.049032961046013845,-0.049032961046013845,1.8687006265322603,2.1520021792426958,993853
NSE_EQ|2283,Mangalore Refinery & Petroleum,df14784bcf24e06d1f1fec02,1788936589.831838,12:19:49,VWAP_REVERSION,9,SHORT,False,False,False,maximum_concurrent_trade_slots_in_use,0.04341,8.83454890066413,9,95.7294,8.83454890066413,96.40115163147792,0.6728160607704878,95.72936660268714,228874322.16000128,99.4721689059501,0.0357995226730307,-0.03237111822742943,0.26623199819697685,88.24376199616123,15,0.6265322800326656,0.6424581005586596,0.6388738494856407,0.44594300630846906,0.2049999999999983,1.1586356253383792,1.1476304633429495,1788936600,184.11,0.3747759491608216,0.3747759491608216,-0.3747759491608216,0.42909130411166174,0.4888381945575948,1.5534191515941487,1.5534191515941487,-1.5534191515941487,1.5534191515941487,1.6131660420400817,0.6191950464396134,0.6191950464396134,-0.6191950464396134,1.5588506870892305,2.1671826625386914,993853
NSE_EQ|2283,Mangalore Refinery & Petroleum,e5575e1f34b27287a0253af3,1788937216.905457,12:30:16,VWAP_REVERSION,10,SHORT,False,False,False,maximum_concurrent_trade_slots_in_use,0.03243,9.44354764090383,10,94.2401,9.44354764090383,96.36979670861568,0.5730659025787977,94.24007744433688,226756717.4800024,99.66118102613747,0.09248554913294199,0.09742632134448692,-1.845295333652297e-05,0.14520813165537272,15,0.15144958892254756,0.30434782608696187,0.5670771224886646,0.6961061561888249,0.32989690721649795,0.9721322099805635,1.3467321698691843,1788937260,185.08,0.713205100497083,0.713205100497083,-0.713205100497083,1.02658309920034,1.0698076507456244,-0.4106332396801471,0.4106332396801471,0.4106332396801471,1.129241409120385,2.155824508320725,-0.302571860816947,0.302571860816947,0.302571860816947,1.129241409120385,2.155824508320725,993854
NSE_EQ|2283,Mangalore Refinery & Petroleum,f30bfb3b8a13b462ad3a4b88,1788937533.245918,12:35:33,VWAP_REVERSION,5,SHORT,False,False,False,account_analysis_capacity_in_use,0.04829,10.145553324275633,5,97.249,10.145553324275633,97.24903474903475,1.1103958802703535,99.27606177606178,386849954.380003,99.75868725868726,0.02654867256637346,0.07762124435657455,0.7171881635915189,98.98648648648648,15,0.9284750337381853,0.7889908256880807,1.1071294860137955,1.5534191515941487,0.7526315789473679,1.5884901321067546,2.845071410041577,1788937560,186.29,-1.4225132857372924,1.4225132857372924,1.4225132857372924,1.4225132857372924,1.4815610070320617,-0.6280530355896707,0.6280530355896707,0.6280530355896707,1.7714316388426576,1.830479360137427,-1.3849374630951705,1.3849374630951705,1.3849374630951705,1.7714316388426576,1.830479360137427,993854
NSE_EQ|2283,Mangalore Refinery & Petroleum,410ea5c71a20003a80e94ec2,1788937859.519007,12:40:59,VWAP_REVERSION,4,SHORT,False,False,False,maximum_concurrent_trade_slots_in_use,0.04902,10.778584761399161,4,97.0618,10.778584761399161,97.06175298804781,1.2874137650062494,99.35258964143426,336931232.7099943,99.65139442231076,0.17829457364341006,0.023852116875381503,-1.2843112458176655,99.75099601593625,15,-1.1720631522611713,1.0,1.2563630455973103,-0.11899610558200324,0.04135338345864668,1.4459005740279365,0.9167007613094323,1788937860,183.72,0.3265839320705455,0.3265839320705455,-0.3265839320705455,0.45177443936426087,0.849118223383416,0.5443065534509017,0.5443065534509017,-0.5443065534509017,0.9035488787284995,1.3008926627476547,-0.28848247332897703,0.28848247332897703,0.28848247332897703,0.9035488787284995,1.3008926627476547,993854
NSE_EQ|2283,Mangalore Refinery & Petroleum,6577c884964b9a8bd42499f7,1788938270.840056,12:47:50,VWAP_REVERSION,5,SHORT,False,False,False,maximum_concurrent_trade_slots_in_use,0.05951,11.501202461598606,5,97.4121,11.501202461598606,97.412109375,1.0714865523026083,98.291015625,224611093.31999683,99.560546875,0.04139433551198179,0.0,0.7359354557348421,98.583984375,15,0.822888283378731,0.9869281045751751,1.2918220636722266,-0.15650296815975517,0.043609022556394206,2.1566401816117944,0.5137186033948005,1788938280,184.96,0.08109861591696355,0.08109861591696355,-0.08109861591696355,0.18382352941177516,0.2703287197231896,-0.24870242214533045,0.24870242214533045,0.24870242214533045,0.4054930795847733,0.5893166089965485,-0.9083044982698962,0.9083044982698962,0.9083044982698962,1.2218858131488042,1.4057093425605793,993854
NSE_EQ|2283,Mangalore Refinery & Petroleum,97977606b0237ef28bbf26d2,1788944497.180825,14:31:37,VWAP_REVERSION,5,SHORT,False,False,False,dhan_authorization_or_ip_unavailable,0.04867,10.699349455444471,5,96.8924,10.699349455444471,97.17068645640074,0.7191910452603602,96.89239332096476,140284201.57999897,98.74768089053804,0.1571428571428589,-0.02285627925632089,0.3102749343539354,92.16141001855289,15,0.45550675126078133,0.6666666666666592,0.7179487179487094,0.35211267605634866,0.3475935828876974,0.7179487179487094,3.800664228616801,1788944520,184.81,0.0,0.0,-0.0,0.1460959904767134,0.22726042963044923,-0.42205508359937083,0.42205508359937083,0.42205508359937083,0.42205508359937083,0.5032195227531067,0.04328770088197764,0.04328770088197764,-0.04328770088197764,0.438287971430118,0.5952058871273258,993858
NSE_EQ|19015,Manoj Vaibhav Gems,c5e350c7b450d5078a9a7c1e,1788925557.984827,09:15:57,GAP_REJECTION,9,LONG,True,True,True,ai_ran,0.18305,52.77250568415277,9,97.1122,52.77250568415277,97.11221122112211,3.073365769064018,98.92739273927393,1998702.3800000008,40.67656765676568,0.32787843366452313,0.054787497326913175,2.722715225714979,99.42244224422441,1,,,,,,,,1788925560,207.64,-0.2985937198998201,0.2985937198998201,-0.2985937198998201,1.5218647659410722,2.220188788287436,4.401849354652287,4.401849354652287,4.401849354652287,4.777499518397232,6.607590059718738,1.8493546522827975,1.8493546522827975,1.8493546522827975,4.777499518397232,6.607590059718738,993847
NSE_EQ|19015,Manoj Vaibhav Gems,d67b3a39f64099a7b2b6dc2d,1788926171.337481,09:26:11,GAP_REJECTION,2,LONG,False,False,False,account_analysis_capacity_in_use,0.10997,36.29151772875902,2,98.6568,36.29151772875902,98.65684575389947,2.711346603656502,99.52339688041594,12992829.350000007,77.16637781629116,0.5022461814914637,0.07688641271167415,1.1700325375565643,95.97053726169844,11,0.8018548932470226,0.21727748691099227,2.6595744680850983,,,,,1788926220,214.0,0.24766355140186658,0.24766355140186658,0.24766355140186658,1.6635514018691566,1.6635514018691566,-1.7336448598130882,1.7336448598130882,-1.7336448598130882,1.7336448598130882,3.397196261682245,-2.3457943925233704,2.3457943925233704,-2.3457943925233704,3.1775700934579487,4.841121495327105,993847
NSE_EQ|27047,Master Trust,94bed519d199cb66181c00c2,1788942851.069155,14:04:11,VWAP_REVERSION,7,SHORT,False,False,False,maximum_concurrent_trade_slots_in_use,0.05265,6.056770678407006,7,94.666,6.056770678407006,94.66600199401795,0.6739679865206409,95.86241276171485,3308336.3400000185,71.73479561316051,0.7647058823529903,0.04584325134444792,-0.3398373714620468,93.27018943170489,15,-0.2938706968933724,0.3255813953488441,0.631578947368415,-0.2519949601007876,0.07894736842105078,0.8842105263157931,0.30193152034189746,1788942900,95.16,-0.3257671290458175,0.3257671290458175,0.3257671290458175,0.4833963850357281,0.4833963850357281,-0.7566204287515754,0.7566204287515754,0.7566204287515754,0.9037410676754898,0.9037410676754898,-0.7145859604875904,0.7145859604875904,0.7145859604875904,1.3240857503152514,1.3240857503152514,993857
NSE_EQ|27047,Master Trust,6047611955fb3ea1a0e2e3cf,1788943128.170239,14:08:48,OPENING_RANGE_ACCEPTANCE,10,LONG,False,False,False,maximum_concurrent_trade_slots_in_use,0.11579,6.09865324771849,10,94.0922,6.09865324771849,94.57252641690683,0.48421052631578293,94.0922190201729,1630584.1099999696,62.96829971181557,0.6000000000000114,0.0,-0.0946471763592422,63.06436119116234,15,-0.4101377642233728,0.5492957746478929,0.4857444561773957,-0.6295907660020972,0.18518518518518454,0.9503695881731694,0.3740156267646847,1788943140,94.98,-0.5053695514845247,0.5053695514845247,-0.5053695514845247,0.5053695514845247,0.5053695514845247,-0.7054116656138198,0.7054116656138198,-0.7054116656138198,0.7159401979364155,0.7159401979364155,-0.48431248683934447,0.48431248683934447,-0.48431248683934447,1.137081490840175,1.137081490840175,993857
NSE_EQ|27047,Master Trust,b2f21ee00e541e85e1da6384,1788943188.487047,14:09:48,VWAP_REVERSION,9,SHORT,False,False,False,maximum_concurrent_trade_slots_in_use,0.09489,6.087133763783309,9,93.8049,6.087133763783309,94.78048780487805,0.4849762783342053,93.80487804878048,1643377.269999981,62.8780487804878,1.0,0.0,-0.32576712904582,94.39024390243902,15,-0.02105263157894388,0.02222222222221801,0.484312486839328,-0.17866526537047012,0.05044510385756742,0.9475679090334718,0.7255236290916746,1788943200,94.85,-0.253031101739587,0.253031101739587,0.253031101739587,0.5482340537691033,0.5482340537691033,-0.5587770163415939,0.5587770163415939,0.5587770163415939,0.579862941486553,0.579862941486553,-0.24248813916709633,0.24248813916709633,0.24248813916709633,1.0015814443858573,1.0015814443858573,993857
NSE_EQ|27047,Master Trust,f9c63112b6185c71c4ac94eb,1788943253.486306,14:10:53,VOLATILITY_IGNITION,7,SHORT,False,False,False,maximum_concurrent_trade_slots_in_use,0.06349,6.133286902607863,7,94.7907,6.133286902607863,94.7906523855891,0.6877579092159469,96.73807205452775,2409023.11999999,67.91626095423564,0.8095238095237806,-0.011960291831123397,-0.6710998174584851,98.10126582278481,15,-0.3257671290458175,0.3563218390804605,0.48497627833420537,-0.11583824768323092,0.033232628398791486,0.9488666315234492,0.6936178857442236,1788943260,94.53,-0.021157304559393797,0.021157304559393797,0.021157304559393797,0.2750449592721971,0.48661800486619056,-0.24330900243308973,0.24330900243308973,0.24330900243308973,0.2750449592721971,0.5183539617052868,0.052893261398501146,0.052893261398501146,-0.052893261398501146,0.6664550936210656,0.9415000528932627,993857
NSE_EQ|6278,Medicamen Biotech,fdf9d3f411cc7ab0100c9465,1788926000.319749,09:23:20,GAP_REJECTION,8,SHORT,False,False,False,account_analysis_capacity_in_use,0.17596,4957.0,8,97.3222,4957.0,99.86830553116769,2.0939644553932744,97.32221246707638,1141374.2000000002,29.455662862159787,1.0,-0.12396461373753566,1.5879888951158487,97.32221246707638,9,1.6961256918407441,0.6209150326797404,2.089185393258423,,,,,1788926040,284.15,0.12317437972901857,0.12317437972901857,-0.12317437972901857,0.17596339961287732,0.17596339961287732,-0.7566426183353792,0.7566426183353792,0.7566426183353792,1.3901108569417508,1.5660742565546282,-0.05278901988385876,0.05278901988385876,0.05278901988385876,1.3901108569417508,1.8124230160126875,993847
NSE_EQ|6278,Medicamen Biotech,0ba5b07533bf6eddf1927b11,1788926003.599331,09:23:23,OPENING_DRIVE,8,SHORT,False,False,False,account_analysis_capacity_in_use,0.17596,4957.0,8,97.3057,4957.0,99.86749116607774,2.0939644553932744,97.30565371024736,1141374.2000000002,29.372791519434628,1.0,-0.13188768740693885,1.5959119687852519,97.39399293286219,9,1.6961256918407441,0.6209150326797404,2.089185393258423,,,,,1788926040,284.15,0.12317437972901857,0.12317437972901857,-0.12317437972901857,0.17596339961287732,0.17596339961287732,-0.7566426183353792,0.7566426183353792,0.7566426183353792,1.3901108569417508,1.5660742565546282,-0.05278901988385876,0.05278901988385876,0.05278901988385876,1.3901108569417508,1.8124230160126875,993847
NSE_EQ|6278,Medicamen Biotech,dc812acd1fccae56569a38cf,1788932445.508415,11:10:45,OPENING_RANGE_ACCEPTANCE,6,LONG,False,False,False,account_analysis_capacity_in_use,0.05093,9.095188932479868,6,95.7437,9.095188932479868,95.74368568755847,0.8488964346349746,96.58559401309635,1060135.3499999978,51.59027128157157,0.9607843137254815,-0.05027146591594611,0.6480511414069794,97.42750233863424,15,0.0341588385994962,0.06250000000001332,0.29025098173126945,-0.39115646258502945,0.12432432432432033,1.3658869728529963,0.9514595496246873,1788932460,294.1,0.4930295817749064,0.4930295817749064,0.4930295817749064,0.51003060183612,0.51003060183612,-0.18701122067323883,0.18701122067323883,-0.18701122067323883,0.51003060183612,0.6970418225093589,0.6460387623257402,0.6460387623257402,0.6460387623257402,0.6460387623257402,0.833049982998979,993851
NSE_EQ|6278,Medicamen Biotech,370095ce172951977f9ff491,1788932472.352815,11:11:12,VWAP_REVERSION,6,SHORT,False,False,False,account_analysis_capacity_in_use,0.17001,14.011684097863554,6,96.4623,14.011684097863554,97.5,0.8500510030601834,96.4622641509434,1125719.6499999985,52.971698113207545,0.11111111111113918,-0.05156812064593075,0.5127124417390214,95.70754716981132,15,0.4611443210930988,0.47368421052632,0.8500510030601836,-0.30508474576270705,0.09473684210525964,1.3600816048962936,1.2448879757362292,1788932520,294.1,0.03400204012240504,0.03400204012240504,-0.03400204012240504,0.51003060183612,0.51003060183612,0.10200612036721513,0.10200612036721513,-0.10200612036721513,0.51003060183612,0.6970418225093589,0.6460387623257402,0.6460387623257402,-0.6460387623257402,0.6460387623257402,0.833049982998979,993851
NSE_EQ|6278,Medicamen Biotech,23305c80a283b3c2d3e469e1,1788932559.083019,11:12:39,VOLATILITY_IGNITION,4,LONG,False,False,False,maximum_concurrent_trade_slots_in_use,0.10169,11.816754508597043,4,97.1254,11.816754508597043,97.1253534401508,1.0169491525423728,98.06786050895381,1295989.6999999993,55.183788878416586,1.0,-0.0430107526881696,0.983985945160368,99.19886899151744,15,0.4611443210930988,0.47368421052632,0.8500510030601836,-0.30508474576270705,0.09473684210525964,1.3600816048962936,1.0188635574586273,1788932580,295.0,0.0,0.0,0.0,0.2881355932203511,0.49152542372882246,-0.2372881355932166,0.2372881355932166,-0.2372881355932166,0.49152542372881136,0.6949152542372827,0.11864406779662495,0.11864406779662495,0.11864406779662495,0.49152542372881136,0.8305084745762636,993851
NSE_EQ|6278,Medicamen Biotech,5bc63faee609056274e358cd,1788935310.406573,11:58:30,VOLATILITY_IGNITION,10,SHORT,False,False,False,maximum_concurrent_trade_slots_in_use,0.01721,10.18251870908643,10,97.0127,10.18251870908643,97.01273261508325,0.8604371020478403,98.4818805093046,1126417.1999999955,54.21155729676788,1.0,0.0,-0.3600823045267528,95.34769833496573,15,-0.1546391752577314,0.12328767123287245,0.8604371020478403,-1.6251904520060978,0.4615384615384611,1.875752882464288,0.45690332722033017,1788935340,290.5,-0.2753872633390775,0.2753872633390775,0.2753872633390775,0.2753872633390775,0.2753872633390775,1.2048192771084265,1.2048192771084265,-1.2048192771084265,1.5490533562822817,2.013769363166973,0.0172117039586972,0.0172117039586972,-0.0172117039586972,1.824440619621348,2.2891566265060392,993852
NSE_EQ|6278,Medicamen Biotech,d3a1cf70d3e4e475fa92a0c8,1788936191.853065,12:13:11,VOLATILITY_IGNITION,4,LONG,False,False,False,maximum_concurrent_trade_slots_in_use,0.13652,9.598555265869942,4,96.6059,9.598555265869942,96.60587639311044,1.3139931740614412,99.54407294832826,390752.55000000075,32.67477203647417,1.0,0.009824147755184472,1.3216646988642253,99.64539007092199,15,0.9683555248141129,1.0,0.9590683336187743,0.4818447771467893,0.3333333333333243,0.9590683336187743,0.002209944751381215,1788936240,294.0,0.01700680272109789,0.01700680272109789,0.01700680272109789,0.612244897959191,0.612244897959191,-1.1734693877550995,1.1734693877550995,-1.1734693877550995,1.1734693877550995,1.7857142857142905,-1.224489795918371,1.224489795918371,-1.224489795918371,2.7210884353741527,3.3333333333333437,993853
NSE_EQ|6278,Medicamen Biotech,73d765c28152464aa75c933a,1788936194.576778,12:13:14,OPENING_RANGE_ACCEPTANCE,4,LONG,False,False,False,maximum_concurrent_trade_slots_in_use,0.13652,9.598555265869942,4,96.6059,9.598555265869942,96.60587639311044,1.3139931740614412,99.54407294832826,390752.55000000075,32.67477203647417,1.0,0.009824147755184472,1.3216646988642253,99.64539007092199,15,0.9683555248141129,1.0,0.9590683336187743,0.4818447771467893,0.3333333333333243,0.9590683336187743,0.002209944751381215,1788936240,294.0,0.01700680272109789,0.01700680272109789,0.01700680272109789,0.612244897959191,0.612244897959191,-1.1734693877550995,1.1734693877550995,-1.1734693877550995,1.1734693877550995,1.7857142857142905,-1.224489795918371,1.224489795918371,-1.224489795918371,2.7210884353741527,3.3333333333333437,993853
NSE_EQ|6278,Medicamen Biotech,245688b22636a82436ef760c,1788937917.543697,12:41:57,VWAP_REVERSION,6,LONG,False,False,False,maximum_concurrent_trade_slots_in_use,0.10417,9.713852793975848,6,96.8599,9.713852793975848,96.85990338164251,2.604166666666667,99.7584541062802,2207512.549999997,65.7487922705314,0.16083916083915817,0.02491280518186914,-1.2255989115283528,99.66183574879227,15,-1.1945392491467532,0.44303797468354555,1.5025906735751373,-0.36138358286009753,0.10144927536232028,1.5025906735751373,25.79310344827586,1788937920,288.0,0.6423611111111116,0.6423611111111116,0.6423611111111116,0.8333333333333304,0.8333333333333304,1.0069444444444464,1.0069444444444464,1.0069444444444464,1.0243055555555491,1.0243055555555491,1.3194444444444509,1.3194444444444509,1.3194444444444509,1.3194444444444509,1.3194444444444509,993854
NSE_EQ|6278,Medicamen Biotech,a60d3b445e12c969b6036ed2,1788938777.330903,12:56:17,OPENING_RANGE_ACCEPTANCE,10,LONG,False,False,False,maximum_concurrent_trade_slots_in_use,0.18907,8.567125043948383,10,95.5941,8.567125043948383,95.59405940594058,0.6703334479202436,96.68316831683168,30838.550000000745,8.06930693069307,0.9487179487179368,-0.010681450049046071,0.6681208964158202,98.56435643564356,15,0.657439446366781,1.0,0.6703334479202436,0.4835924006908465,0.19444444444444312,1.7016156754898553,0.08955223880597016,1788938820,290.9,0.06875214850465827,0.06875214850465827,0.06875214850465827,0.1890684083877714,0.3093846682708845,0.3093846682708845,0.3093846682708845,0.3093846682708845,0.3093846682708845,0.42970092815399763,0.3093846682708845,0.3093846682708845,0.3093846682708845,0.5156411137848149,0.635957373667928,993854
NSE_EQ|6278,Medicamen Biotech,03cc4c1b0f6398de06aec89b,1788941605.993913,13:43:25,OPENING_RANGE_ACCEPTANCE,7,LONG,False,False,False,maximum_concurrent_trade_slots_in_use,0.11785,11.93969604682147,7,96.5637,11.93969604682147,97.36055776892431,0.6565656565656527,96.56374501992032,2197350.600000009,65.98605577689243,1.0,0.0,0.27008777852802546,91.9820717131474,15,0.05068423720224757,0.02608695652174532,0.6923336710570791,1.473612063056895,0.3739130434782637,2.3640661938534278,0.7521294109226254,1788941640,297.0,0.6734006734006703,0.6734006734006703,0.6734006734006703,0.6734006734006703,0.7912457912457982,2.020202020202011,2.020202020202011,2.020202020202011,3.1649831649831484,3.282828282828276,4.090909090909078,4.090909090909078,4.090909090909078,4.915824915824918,5.033670033670045,993856
NSE_EQ|6278,Medicamen Biotech,8f441db6cd3de74c4ace5308,1788941617.708535,13:43:37,VOLATILITY_IGNITION,7,LONG,False,False,False,maximum_concurrent_trade_slots_in_use,0.11785,11.510814626093874,7,97.0441,11.510814626093874,97.24448897795591,0.6565656565656527,97.0440881763527,2432281.350000009,66.98396793587175,1.0,0.0,0.25316455696202533,90.83166332665331,15,0.05068423720224757,0.02608695652174532,0.6923336710570791,1.473612063056895,0.3739130434782637,2.3640661938534278,0.7521294109226254,1788941640,297.0,0.6734006734006703,0.6734006734006703,0.6734006734006703,0.6734006734006703,0.7912457912457982,2.020202020202011,2.020202020202011,2.020202020202011,3.1649831649831484,3.282828282828276,4.090909090909078,4.090909090909078,4.090909090909078,4.915824915824918,5.033670033670045,993856
NSE_EQ|6278,Medicamen Biotech,a4c5b8519d8c51b06baeaad1,1788942017.994572,13:50:17,VOLATILITY_IGNITION,7,LONG,False,False,False,maximum_concurrent_trade_slots_in_use,0.11447,11.419180450242727,7,97.0965,11.419180450242727,97.09645669291339,2.992641046606716,99.85236220472441,11594489.700000003,89.61614173228347,0.701657458563542,0.0,2.6006711409395975,99.85236220472441,15,1.9630872483221484,0.6464088397790032,2.3695902583511748,3.3503401360544194,0.5281501340482593,3.521474411716322,6.534954115216451,1788942060,304.85,-0.36083319665409785,0.36083319665409785,-0.36083319665409785,0.9348860095128808,1.1153026078399186,0.3772347055928993,0.3772347055928993,0.3772347055928993,0.9348860095128808,1.590946367065782,2.017385599475152,2.017385599475152,2.017385599475152,2.673445957028031,3.608331966540912,993856
NSE_EQ|6278,Medicamen Biotech,b97ec30c1c7b75e957d45cb4,1788942020.697463,13:50:20,OPENING_RANGE_ACCEPTANCE,7,LONG,False,False,False,maximum_concurrent_trade_slots_in_use,0.16319,11.419180450242727,7,97.0965,11.419180450242727,97.09645669291339,2.992641046606716,99.85236220472441,11594489.700000003,89.61614173228347,0.701657458563542,0.0,2.6006711409395975,99.85236220472441,15,1.9630872483221484,0.6464088397790032,2.3695902583511748,3.3503401360544194,0.5281501340482593,3.521474411716322,6.534954115216451,1788942060,304.85,-0.36083319665409785,0.36083319665409785,-0.36083319665409785,0.9348860095128808,1.1153026078399186,0.3772347055928993,0.3772347055928993,0.3772347055928993,0.9348860095128808,1.590946367065782,2.017385599475152,2.017385599475152,2.017385599475152,2.673445957028031,3.608331966540912,993856
NSE_EQ|6278,Medicamen Biotech,709dddbf7c87d8c970abc1eb,1788942048.663874,13:50:48,VWAP_REVERSION,5,SHORT,False,False,False,maximum_concurrent_trade_slots_in_use,0.1146,10.738017340547495,5,97.384,10.738017340547495,97.38400789733464,3.19253438113949,99.95064165844028,11924307.650000006,90.27640671273444,0.48965517241377915,0.0,2.4832214765100598,99.95064165844028,15,1.9630872483221484,0.6464088397790032,2.3695902583511748,3.3503401360544194,0.5281501340482593,3.521474411716322,6.534954115216451,1788942060,304.85,-0.36083319665409785,0.36083319665409785,0.36083319665409785,0.9348860095128808,1.1153026078399186,0.3772347055928993,0.3772347055928993,-0.3772347055928993,0.9348860095128808,1.590946367065782,2.017385599475152,2.017385599475152,-2.017385599475152,2.673445957028031,3.608331966540912,993856
NSE_EQ|6278,Medicamen Biotech,e51e5de622b9f737543830ce,1788942389.666268,13:56:29,VWAP_REVERSION,6,SHORT,False,False,False,maximum_concurrent_trade_slots_in_use,0.13219,12.633428191035595,6,97.2987,12.633428191035595,97.2986748216106,1.1070720423000735,98.92966360856269,3394221.6499999985,71.30479102956167,0.3258426966292118,-0.021420156367152436,-0.7817268687107,99.2354740061162,15,-0.36083319665409785,0.4230769230769281,1.1193415637860007,2.600912008106726,0.4723926380368088,3.4074074074073963,0.46537290715372903,1788942420,302.75,0.9083402146985886,0.9083402146985886,-0.9083402146985886,0.9909165978530199,0.9909165978530199,2.3947151114781073,2.3947151114781073,-2.3947151114781073,2.9232039636664098,2.9232039636664098,1.5524360033030593,1.5524360033030593,-1.5524360033030593,3.3856317093311272,3.3856317093311272,993856
NSE_EQ|6278,Medicamen Biotech,6faf1c0e97cc493afb0c70b0,1788942763.934517,14:02:43,VWAP_REVERSION,8,SHORT,False,False,False,maximum_concurrent_trade_slots_in_use,0.18048,13.630794544542127,8,97.4272,13.630794544542127,97.42718446601941,0.9844134536505332,98.39805825242719,4276491.6000000015,75.58252427184466,0.5263157894736905,0.060359686624200194,0.40115341705141444,95.67961165048544,15,0.9083402146985886,0.6962025316455616,0.9819967266775778,2.9833136693072637,0.5619047619047592,3.1914893617021276,0.7179324894514768,1788942780,306.0,-0.08169934640522847,0.08169934640522847,0.08169934640522847,0.3104575163398682,0.588235294117645,1.4705882352941124,1.4705882352941124,-1.4705882352941124,1.9117647058823684,2.2222222222222365,1.6339869281045694,1.6339869281045694,-1.6339869281045694,2.287581699346397,2.5980392156862653,993857
NSE_EQ|6278,Medicamen Biotech,738659f1376e1409c3f4ebd8,1788943074.038643,14:07:54,VWAP_REVERSION,5,SHORT,False,False,False,maximum_concurrent_trade_slots_in_use,0.17994,14.60355122675968,5,95.4906,14.60355122675968,98.06739345887017,0.5889088827089846,95.49058473736373,2858536.950000003,71.60555004955401,0.20338983050848305,0.0,0.06547716483875876,51.38751238850347,15,0.4418985270049136,0.6000000000000101,0.9776763891152028,0.6065573770491772,0.19170984455958603,1.5805768290695852,0.43042130220682107,1788943080,305.75,1.8642681929680993,1.8642681929680993,-1.8642681929680993,1.9133278822567545,1.9296811120196322,1.3082583810302584,1.3082583810302584,-1.3082583810302584,2.3712183156173294,2.387571545380207,0.6214227309893738,0.6214227309893738,-0.6214227309893738,2.3712183156173294,2.387571545380207,993857
NSE_EQ|6278,Medicamen Biotech,e3fe11f227971587ad8bd101,1788943174.430526,14:09:34,OPENING_RANGE_ACCEPTANCE,5,LONG,False,False,False,maximum_concurrent_trade_slots_in_use,0.14627,14.832071157872768,5,98.0058,14.832071157872768,98.20038910505836,0.8938729075247848,98.00583657587548,2923094.4499999955,72.13035019455253,0.5076923076923007,0.0,0.7037643207855899,98.784046692607,15,0.589101620029453,0.44999999999999646,0.7971368147063571,0.8035421449655855,0.20000000000000184,1.7894908085244834,0.8902841400518948,1788943200,310.0,0.46774193548386744,0.46774193548386744,0.46774193548386744,0.6774193548387153,1.1935483870967767,-1.2258064516129097,1.2258064516129097,-1.2258064516129097,1.3709677419354804,2.3387096774193594,-1.5483870967741953,1.5483870967741953,-1.5483870967741953,1.5483870967741953,2.5161290322580743,993857
NSE_EQ|6278,Medicamen Biotech,5da76a46882354ee63aa8cee,1788943198.516775,14:09:58,VOLATILITY_IGNITION,4,LONG,False,False,False,maximum_concurrent_trade_slots_in_use,0.09698,15.110605771454704,4,98.3792,15.110605771454704,98.37917485265226,1.390011314045583,99.75442043222003,3655970.9999999925,75.58939096267191,0.6896551724137985,0.0,1.0947712418300728,99.65618860510806,15,0.589101620029453,0.44999999999999646,0.7971368147063571,0.8035421449655855,0.20000000000000184,1.7894908085244834,0.8902841400518948,1788943200,310.0,0.46774193548386744,0.46774193548386744,0.46774193548386744,0.6774193548387153,1.1935483870967767,-1.2258064516129097,1.2258064516129097,-1.2258064516129097,1.3709677419354804,2.3387096774193594,-1.5483870967741953,1.5483870967741953,-1.5483870967741953,1.5483870967741953,2.5161290322580743,993857
NSE_EQ|6278,Medicamen Biotech,428fe7e34b712f298331b24d,1788943591.793676,14:16:31,VWAP_REVERSION,3,SHORT,False,False,False,maximum_concurrent_trade_slots_in_use,0.12955,20.747609453863618,3,98.805,20.747609453863618,98.80497131931166,1.1336032388663968,99.37858508604207,3009761.649999991,69.26386233269598,0.7260273972602497,-0.027540875179390623,0.15726359287031888,76.62523900573613,15,-0.25764895330112614,0.09638554216867594,1.2754278333871636,1.574286651361101,0.2823529411764703,2.5992896351307753,0.4244462484054274,1788943620,308.9,1.0683068954354225,1.0683068954354225,-1.0683068954354225,1.3272903852379558,1.3272903852379558,-0.08093234056328891,0.08093234056328891,0.08093234056328891,1.3272903852379558,2.3470378763353894,-0.30754289414050007,0.30754289414050007,0.30754289414050007,1.3272903852379558,2.525089025574634,993857
NSE_EQ|6278,Medicamen Biotech,38833985f9e80c1ff322aa8c,1788943600.763033,14:16:40,VOLATILITY_IGNITION,3,SHORT,False,False,False,maximum_concurrent_trade_slots_in_use,0.12955,20.53411143818983,3,98.7228,20.53411143818983,98.72280037842953,1.0204081632653172,98.72280037842953,3146458.699999988,69.86754966887418,0.7534246575342278,-0.029948031357347277,-0.37334282200609836,94.18164616840113,15,-0.25764895330112614,0.09638554216867594,1.2754278333871636,1.574286651361101,0.2823529411764703,2.5992896351307753,0.4244462484054274,1788943620,308.9,1.0683068954354225,1.0683068954354225,-1.0683068954354225,1.3272903852379558,1.3272903852379558,-0.08093234056328891,0.08093234056328891,0.08093234056328891,1.3272903852379558,2.3470378763353894,-0.30754289414050007,0.30754289414050007,0.30754289414050007,1.3272903852379558,2.525089025574634,993857
NSE_EQ|6278,Medicamen Biotech,a2a78356afa9482eb0d508b7,1788944033.411147,14:23:53,VWAP_REVERSION,3,SHORT,False,False,False,maximum_concurrent_trade_slots_in_use,0.17782,17.11473179853082,3,98.4211,17.11473179853082,98.42105263157895,1.3255738764953193,99.47368421052632,3234808.949999988,71.5311004784689,0.1836734693877428,0.0,-0.9606147934678193,99.377990430622,15,-0.24154589371980784,0.07177033492823014,1.178369652945917,1.3082583810302584,0.15444015444015458,2.356739305891852,0.30379985839037055,1788944040,308.85,-0.38853812530356135,0.38853812530356135,0.38853812530356135,1.003723490367503,1.0522907560304384,-0.5989962765096446,0.5989962765096446,0.5989962765096446,1.003723490367503,1.6998542982030074,-0.5828071879553254,0.5828071879553254,0.5828071879553254,1.1818034644649589,1.8779342723004633,993857
NSE_EQ|6278,Medicamen Biotech,45d14b6700841f0642d8777b,1788944573.281645,14:32:53,OPENING_RANGE_ACCEPTANCE,2,LONG,False,False,False,dhan_authorization_or_ip_unavailable,0.1129,17.20803178927906,2,97.2326,17.20803178927906,98.26454033771107,0.7580645161290396,97.23264540337712,1490795.400000006,57.645403377110696,0.6470588235294511,-0.020018016415141504,0.3436426118843972,92.54221388367729,15,0.39030736705154556,0.2666666666666608,0.7289810464927913,-0.08093234056328891,0.011709601873536287,2.348938927587883,0.581921361978111,1788944580,311.0,-1.0771704180064345,1.0771704180064345,-1.0771704180064345,1.414790996784554,1.414790996784554,-1.4469453376205754,1.4469453376205754,-1.4469453376205754,1.864951768488754,1.864951768488754,-0.273311897106121,0.273311897106121,-0.273311897106121,1.864951768488754,1.864951768488754,993858
NSE_EQ|6278,Medicamen Biotech,5e8f07135af8f79eb6ec36c0,1788944719.288703,14:35:19,VWAP_REVERSION,8,SHORT,False,False,False,dhan_authorization_or_ip_unavailable,0.08112,16.97802272898401,8,96.713,16.97802272898401,98.37962962962963,0.8756283444138117,96.71296296296296,2476957.099999994,65.23148148148148,0.5128205128205158,-0.05749867142281821,-0.05588001338442698,34.675925925925924,15,0.30774214447684134,0.22352941176470023,0.8719522041014012,-1.07028753993611,0.1796246648793569,2.3413531406426613,1.374818130945719,1788944760,307.65,-0.455062571103515,0.455062571103515,0.455062571103515,0.7963594994311651,1.2189176011701552,0.11376564277589818,0.11376564277589818,-0.11376564277589818,0.7963594994311651,1.3976921826751254,0.9913863156183922,0.9913863156183922,-0.9913863156183922,1.7389891110027644,2.5353486104339296,993858
NSE_EQ|6278,Medicamen Biotech,3db89796023cf83f5ea10b8e,1788944925.677582,14:38:45,VOLATILITY_IGNITION,5,SHORT,False,False,False,dhan_authorization_or_ip_unavailable,0.11401,17.054660195271744,5,98.4047,17.054660195271744,98.40474020054695,1.221498371335505,98.40474020054695,605456.849999994,34.95897903372835,1.0,-0.09680542110356713,-0.6147081623375676,97.76663628076572,15,-1.0771704180064345,0.6146788990825807,1.430196652039648,-0.6779661016949268,0.12280701754386082,1.7064846416382253,0.2196787534865827,1788944940,307.0,0.32573289902280145,0.32573289902280145,-0.32573289902280145,0.5863192182410493,0.9120521172638507,0.016286644951146734,0.016286644951146734,-0.016286644951146734,0.8143322475570036,1.4006514657980529,1.3355048859934993,1.3355048859934993,-1.3355048859934993,1.9543973941368087,2.540716612377858,993858
NSE_EQ|6278,Medicamen Biotech,ba9c4e344b339282eb62d9f9,1788945132.283408,14:42:12,VWAP_REVERSION,3,SHORT,False,False,False,dhan_authorization_or_ip_unavailable,0.09783,17.24308657986934,3,98.5027,17.24308657986934,98.502722323049,1.222892548508071,98.77495462794919,1824119.0999999791,53.76588021778584,0.3043478260869823,-0.06096602562138277,-0.05304048903660509,31.352087114337568,15,0.1304631441617632,0.07547169811320391,1.221498371335505,-0.14636526264433236,0.027190332326283283,1.8892508143322513,1.3958045818382556,1788945180,306.3,0.06529546196538671,0.06529546196538671,-0.06529546196538671,0.5550114267058426,0.5713352921971948,1.2079660463597763,1.2079660463597763,-1.2079660463597763,1.534443356186732,1.5507672216780843,1.077375122429003,1.077375122429003,-1.077375122429003,2.187397975840666,2.203721841332018,993858
NSE_EQ|6278,Medicamen Biotech,1dff08c9dcae8c9fe5573e68,1788945713.619479,14:51:53,VWAP_REVERSION,4,SHORT,False,False,False,dhan_authorization_or_ip_unavailable,0.17889,17.26033336265836,4,98.2385,17.26033336265836,98.59981933152665,1.0570824524312896,98.23848238482384,1349910.400000006,49.1869918699187,0.07894736842105539,0.021979954281695094,-0.18434397441483358,79.71996386630533,15,0.03247807729782615,0.029411764705889236,1.0551948051948052,0.11376564277589818,0.023255813953490127,1.3961038961038998,1.6758298163567924,1788945720,307.0,0.9771986970684043,0.9771986970684043,-0.9771986970684043,1.3029315960912058,1.3029315960912058,1.2214983713354943,1.2214983713354943,-1.2214983713354943,1.9543973941368087,1.9543973941368087,1.5960912052117138,1.5960912052117138,-1.5960912052117138,2.0684039087947914,2.0684039087947914,993858
NSE_EQ|6278,Medicamen Biotech,e403e64344402fcd0c1cdf8c,1788945789.393962,14:53:09,OPENING_RANGE_ACCEPTANCE,9,LONG,False,False,False,dhan_authorization_or_ip_unavailable,0.1138,17.21590019879164,9,98.2385,17.21590019879164,98.23848238482384,1.0567387416680214,98.23848238482384,1281297.549999997,47.4706413730804,1.0,0.0,0.34257748776509345,91.01174345076785,15,0.34257748776509445,0.4117647058823556,1.0567387416680214,-0.03250446936452489,0.007352941176468099,1.398146642822309,0.7539769884942472,1788945840,307.05,0.7979156489171135,0.7979156489171135,0.7979156489171135,1.2864354339684025,1.2864354339684025,1.3190034196385092,1.3190034196385092,1.3190034196385092,1.937795147370136,1.937795147370136,1.9703631330402205,1.9703631330402205,1.9703631330402205,2.1169190685556005,2.1169190685556005,993858
NSE_EQ|6278,Medicamen Biotech,eefe0ab110cae120777e3175,1788945912.848892,14:55:12,VOLATILITY_IGNITION,8,LONG,False,False,False,dhan_authorization_or_ip_unavailable,0.08096,17.27765673699198,8,96.8887,17.27765673699198,98.29097283085014,0.8257772020725425,96.88869412795793,1551706.199999988,51.314636283961434,0.8125000000000244,0.0037888355645387963,0.12591285055739188,62.97107800175284,15,-0.12970168612190802,0.1599999999999909,0.6980519480519407,0.917431192660545,0.22222222222222374,1.3961038961038998,1.071330857924565,1788945960,310.2,0.14506769825919363,0.14506769825919363,0.14506769825919363,0.7092198581560294,0.9671179883945835,0.1611863313990991,0.1611863313990991,0.1611863313990991,0.9026434558349505,1.61186331399098,0.8704061895551174,0.8704061895551174,0.8704061895551174,1.1766602192134323,1.8858800773694617,993858
NSE_EQ|6278,Medicamen Biotech,4d6febc2df6d138749557012,1788946023.723948,14:57:03,VWAP_REVERSION,5,SHORT,False,False,False,dhan_authorization_or_ip_unavailable,0.19355,17.05585474611955,5,98.5411,17.05585474611955,98.54111405835543,1.2903225806451613,98.894783377542,1900217.149999991,54.33244916003537,0.1111111111111041,0.00466918802821092,0.9725295090401929,98.98320070733864,15,0.9771986970684043,0.6818181818181853,1.2903225806451613,0.9771986970684043,0.22727272727272846,1.532258064516129,3.3734513274336284,1788946080,310.0,0.04838709677419395,0.04838709677419395,-0.04838709677419395,0.6451612903225823,0.9516129032257958,-0.1290322580645098,0.1290322580645098,0.1290322580645098,0.967741935483879,1.6129032258064613,1.887096774193564,1.887096774193564,-1.887096774193564,2.3709677419354813,3.0161290322580636,993858
NSE_EQ|9667,Medico Remedies,a1962a93e6c68e601dd83ace,1788926573.933715,09:32:53,OPENING_RANGE_ACCEPTANCE,5,SHORT,False,False,False,account_analysis_capacity_in_use,0.16349,20.39125693862548,5,97.8988,20.39125693862548,97.89879931389366,2.179836512261572,99.35677530017153,1875722.8399999961,48.07032590051458,1.0,0.06560164623352852,-2.1989349795668542,99.44253859348198,15,-1.7623497997329873,0.7173913043478233,1.9298722478934516,-2.9543656027433363,0.4028776978417245,4.593639575971725,0.8268475325313037,1788926580,36.63,0.49140049140048436,0.49140049140048436,-0.49140049140048436,0.8463008463008403,1.6653016653016661,1.829101829101809,1.829101829101809,-1.829101829101809,2.2386022386022386,3.0576030576030644,-0.9009009009009139,0.9009009009009139,0.9009009009009139,2.2386022386022386,3.1395031395031525,993848
NSE_EQ|9667,Medico Remedies,5d0f1bcd52b38655af3d9922,1788930454.457125,10:37:34,VWAP_REVERSION,6,LONG,False,False,False,maximum_concurrent_trade_slots_in_use,0.02803,11.543145303329837,6,97.3108,11.543145303329837,97.31084776663627,1.03699551569506,97.31084776663627,1284157.9899999984,50.18231540565178,0.0,-0.058623519756126154,-0.6648044156918372,96.94621695533272,15,-0.9735744089012566,1.0,1.039325842696622,-2.465753424657535,0.463917525773194,2.8089887640449436,1.8404785373823573,1788930480,35.65,-0.42075736325385416,0.42075736325385416,-0.42075736325385416,0.6171107994389913,0.7293127629733553,-1.8232819074333717,1.8232819074333717,-1.8232819074333717,2.0476858345021,2.159887798036464,-3.1136044880785363,3.1136044880785363,-3.1136044880785363,3.1416549789621273,3.2538569424964914,993850
NSE_EQ|9667,Medico Remedies,df70aee4b293a8dc60b1c334,1788930601.52343,10:40:01,OPENING_RANGE_ACCEPTANCE,8,SHORT,False,False,False,maximum_concurrent_trade_slots_in_use,0.14057,11.514926300188051,8,96.8056,11.514926300188051,96.80555555555556,1.0402024177677747,97.63888888888889,1153859.8399999961,47.638888888888886,0.6666666666667062,-0.09521219420593628,-0.6304367033659254,96.43518518518519,15,-0.7256488975718622,0.7222222222222321,1.0402024177677747,-1.2767138495698105,0.28750000000000026,1.6024739949395566,0.5626421034221418,1788930660,35.5,-0.11267605633802358,0.11267605633802358,0.11267605633802358,0.28169014084507005,0.42253521126759397,-1.4084507042253502,1.4084507042253502,1.4084507042253502,1.802816901408455,2.1408450704225257,-2.2535211267605604,2.2535211267605604,2.2535211267605604,2.845070422535201,3.1830985915492715,993850
NSE_EQ|9667,Medico Remedies,35ec6ee3b33e97344ac305b0,1788931123.257769,10:48:43,VWAP_REVERSION,7,LONG,False,False,False,maximum_concurrent_trade_slots_in_use,0.19674,12.12287749440095,7,96.3016,12.12287749440095,97.3583093179635,0.9274873524451891,96.30163304514889,695504.8099999987,41.066282420749275,0.2,0.1204819277108408,-0.17666170299174846,69.6926032660903,15,-0.28105677346824676,0.384615384615393,0.8173618940248004,-1.307371349095987,0.516483516483521,1.8320180383314506,0.8818415654608798,1788931140,35.58,-1.6582349634626126,1.6582349634626126,-1.6582349634626126,1.9111860595840358,2.02360876897133,-1.9392917369308482,1.9392917369308482,-1.9392917369308482,2.6981450252951067,2.810567734682401,-2.5295109612141653,2.5295109612141653,-2.5295109612141653,3.063518830803813,3.1759415401911073,993850
NSE_EQ|9667,Medico Remedies,26c5517c8d26c3000bbb8188,1788931277.884287,10:51:17,VOLATILITY_IGNITION,5,SHORT,False,False,False,account_analysis_capacity_in_use,0.02831,12.169596326099022,5,96.523,12.169596326099022,97.30656219392753,0.9343148357870846,96.5230166503428,742653.4400000013,40.79333986287953,0.6923076923076965,0.093248787765767,-0.4880598424753005,94.56415279138099,15,0.42384854478665357,0.6521739130434809,0.8722566122678537,-0.448179271708693,0.20000000000000356,1.378728193584679,0.4199978589016165,1788931320,35.01,-0.05712653527562006,0.05712653527562006,0.05712653527562006,0.5141388174807138,0.999714367323612,-0.22850614110253575,0.22850614110253575,0.22850614110253575,1.1139674378748965,1.5995429877177947,-0.39988574692945145,0.39988574692945145,0.39988574692945145,1.4852899171665102,1.9708654670094083,993850
NSE_EQ|9667,Medico Remedies,89558a2ac7712866c4f506dd,1788931280.262488,10:51:20,OPENING_RANGE_ACCEPTANCE,5,SHORT,False,False,False,account_analysis_capacity_in_use,0.0283,12.169596326099022,5,96.523,12.169596326099022,97.30656219392753,0.9343148357870846,96.5230166503428,742653.4400000013,40.79333986287953,0.6923076923076965,0.093248787765767,-0.4880598424753005,94.56415279138099,15,0.42384854478665357,0.6521739130434809,0.8722566122678537,-0.448179271708693,0.20000000000000356,1.378728193584679,0.4199978589016165,1788931320,35.01,-0.05712653527562006,0.05712653527562006,0.05712653527562006,0.5141388174807138,0.999714367323612,-0.22850614110253575,0.22850614110253575,0.22850614110253575,1.1139674378748965,1.5995429877177947,-0.39988574692945145,0.39988574692945145,0.39988574692945145,1.4852899171665102,1.9708654670094083,993850
NSE_EQ|9667,Medico Remedies,58276d5bf19f4941c7e252c4,1788931437.776708,10:53:57,VWAP_REVERSION,3,LONG,False,False,False,account_analysis_capacity_in_use,0.1429,12.937197432677374,3,97.3275,12.937197432677374,97.32750242954324,2.0577307802229177,99.85422740524781,2026533.370000001,61.953352769679306,0.3793103448275761,0.02797985450475658,-1.5755319085283839,99.85422740524781,15,-1.3528748590755257,0.7058823529411722,1.9999999999999878,-1.8232819074333717,0.5462184873949546,2.1999999999999886,5.4517350645335805,1788931440,34.99,0.0,0.0,0.0,1.0574449842812417,1.0860245784509948,-1.3718205201486255,1.3718205201486255,-1.3718205201486255,1.3718205201486255,1.4004001143183786,-0.2572163475278777,0.2572163475278777,-0.2572163475278777,1.4289797084881428,1.457559302657896,993850
NSE_EQ|9667,Medico Remedies,97f6f9ca4b1dee1585461bd4,1788932264.053644,11:07:44,OPENING_RANGE_ACCEPTANCE,2,SHORT,False,False,False,maximum_concurrent_trade_slots_in_use,0.11581,12.205980690219743,2,97.2596,12.205980690219743,97.25961538461539,1.3607411696583638,99.27884615384616,1430444.1100000031,56.49038461538461,0.9512195121951312,-0.053739385207952184,-1.2605463290777645,99.75961538461539,15,0.2583237657864501,0.19999999999999368,0.5153163469796728,-0.22850614110253575,0.07272727272727156,1.6032064128256578,0.33824793388429747,1788932280,34.57,0.5206826728377134,0.5206826728377134,-0.5206826728377134,0.5206826728377134,0.7520971940989218,1.0124385305178007,1.0124385305178007,-1.0124385305178007,1.1859994214636904,1.4174139427248988,1.214926236621361,1.214926236621361,-1.214926236621361,1.214926236621361,1.4463407578825693,993851
NSE_EQ|9667,Medico Remedies,4175e91fed8d01bf5edab006,1788934549.373822,11:45:49,OPENING_RANGE_ACCEPTANCE,9,SHORT,False,False,False,user_depth_unavailable,0.17021,11.988405844624427,9,96.4939,11.988405844624427,97.0020325203252,0.8226950354609904,96.4939024390244,321307.0599999912,32.97764227642276,0.7500000000000444,0.01923122643074989,-0.5553486079205855,96.1890243902439,15,0.626780626780632,0.3142857142857114,1.2457531143827996,1.2034383954154793,0.38181818181817545,1.6704416761041998,0.16354140761004726,1788934560,35.3,-0.16997167138809166,0.16997167138809166,0.16997167138809166,0.4249291784702791,0.7932011331444833,1.9830028328611915,1.9830028328611915,-1.9830028328611915,2.209631728045336,2.6912181303116123,3.0594900849858497,3.0594900849858497,-3.0594900849858497,3.682719546742219,4.1643059490084955,993852
NSE_EQ|9667,Medico Remedies,d66455da9be1c26d8fe0a566,1788934968.147366,11:52:48,OPENING_RANGE_ACCEPTANCE,7,SHORT,True,True,False,ai_ran,0.17075,10.691993288844596,7,96.67,10.691993288844596,96.66998011928429,0.8821855435401318,96.66998011928429,488587.5600000024,33.84691848906561,1.0,-0.09368609144744659,-0.47224486497587775,95.27833001988071,15,-0.36743923120408084,0.8666666666666919,0.794326241134755,0.7430694484138245,0.24528301886792048,1.4184397163120568,0.1915325831103086,1788934980,35.14,2.2481502561183753,2.2481502561183753,-2.2481502561183753,2.6750142287990775,2.703471826977788,3.4433693796243725,3.4433693796243725,-3.4433693796243725,3.585657370517925,3.6141149686966356,3.841775754126364,3.841775754126364,-3.841775754126364,5.150825270347181,5.179282868525892,993852
NSE_EQ|9667,Medico Remedies,f62d34d31ea57aa09d478693,1788935505.586357,12:01:45,OPENING_RANGE_ACCEPTANCE,8,SHORT,False,False,False,maximum_concurrent_trade_slots_in_use,0.13928,11.478007911898263,8,97.2197,11.478007911898263,97.21969006381039,0.8077994428969335,97.76663628076572,2879806.030000001,71.0574293527803,1.0,-0.071005917159766,0.09886883162061305,54.557885141294435,15,0.5305780508237934,0.3725490196078453,0.8055555555555531,1.9830028328611915,0.3608247422680431,2.638888888888877,1.6712653529153148,1788935520,35.8,0.11173184357544663,0.11173184357544663,-0.11173184357544663,0.6703910614525022,0.9497206703910521,1.452513966480451,1.452513966480451,-1.452513966480451,2.2346368715083997,2.905027932960902,2.9888268156424536,2.9888268156424536,-2.9888268156424536,3.2681564245810035,3.9385474860335057,993853
NSE_EQ|9667,Medico Remedies,7c938ead682803001bfd494f,1788936725.447112,12:22:05,OPENING_RANGE_ACCEPTANCE,4,SHORT,False,False,False,maximum_concurrent_trade_slots_in_use,0.19236,14.030726550479931,4,97.4297,14.030726550479931,97.42967992240543,3.297609233305861,99.95150339476237,7751463.140000008,83.17167798254123,0.9000000000000178,-0.017256255392583734,0.542118133845616,97.13870029097963,15,0.7458563535911455,0.17647058823529138,3.290375651220189,1.5877437325905408,0.20879120879120697,3.290375651220189,7.9514447816334615,1788936780,36.49,0.465881063305007,0.465881063305007,-0.465881063305007,0.7125239791723637,0.7125239791723637,1.9457385585091913,1.9457385585091913,-1.9457385585091913,1.9457385585091913,1.9457385585091913,0.7125239791723637,0.7125239791723637,-0.7125239791723637,1.9457385585091913,1.9457385585091913,993853
NSE_EQ|9667,Medico Remedies,2f1b129c6c0845309b08a9c4,1788939026.459277,13:00:26,VOLATILITY_IGNITION,7,SHORT,False,False,False,maximum_concurrent_trade_slots_in_use,0.08224,9.744651298614196,7,96.4712,9.744651298614196,96.47117296222663,1.0142543859649054,99.15506958250498,735854.200000003,48.85685884691849,0.687500000000018,0.044604106721189876,-0.6440591475931406,99.15506958250498,15,0.0,0.0,0.32697547683923006,-0.2988318391741407,0.3142857142857178,0.5177111716621191,7.327481431465226,1788939060,36.4,-1.098901098901095,1.098901098901095,1.098901098901095,1.318681318681314,2.115384615384608,0.0,0.0,-0.0,1.318681318681314,2.115384615384608,-0.6318681318681185,0.6318681318681185,0.6318681318681185,1.318681318681314,2.115384615384608,993855
NSE_EQ|9667,Medico Remedies,2acd37e7813d7a4ee4308b38,1788939029.348893,13:00:29,OPENING_RANGE_ACCEPTANCE,7,SHORT,False,False,False,maximum_concurrent_trade_slots_in_use,0.16461,9.744651298614196,7,96.4712,9.744651298614196,96.47117296222663,1.0142543859649054,99.15506958250498,735854.200000003,48.85685884691849,0.687500000000018,0.044604106721189876,-0.6440591475931406,99.15506958250498,15,0.0,0.0,0.32697547683923006,-0.2988318391741407,0.3142857142857178,0.5177111716621191,7.327481431465226,1788939060,36.4,-1.098901098901095,1.098901098901095,1.098901098901095,1.318681318681314,2.115384615384608,0.0,0.0,-0.0,1.318681318681314,2.115384615384608,-0.6318681318681185,0.6318681318681185,0.6318681318681185,1.318681318681314,2.115384615384608,993855
NSE_EQ|762787,Menon Pistons,49e7dfc25230cb9b8b107f70,1788926204.026556,09:26:44,OPENING_DRIVE,8,LONG,False,False,False,account_analysis_capacity_in_use,0.17314,18.6013418432213,8,97.6066,18.6013418432213,97.60661444734552,3.832838773491603,99.86945169712794,1769365.98,40.94865100087032,0.6867469879517887,0.036601307189544866,-1.7739357744474804,98.56396866840731,11,-3.3502048686430475,0.6682692307692316,4.700748129675823,,,,,1788926220,81.0,0.6172839506172867,0.6172839506172867,0.6172839506172867,1.6172839506172876,1.6172839506172876,-1.2839506172839577,1.2839506172839577,-1.2839506172839577,1.913580246913582,3.5308641975308697,-1.2345679012345734,1.2345679012345734,-1.2345679012345734,1.913580246913582,3.5308641975308697,993847
NSE_EQ|762787,Menon Pistons,a47f074c2fa455c5bafb2087,1788926209.184542,09:26:49,VOLATILITY_IGNITION,8,LONG,False,False,False,account_analysis_capacity_in_use,0.17314,18.42679803670355,8,97.7076,18.42679803670355,97.70761245674741,3.8337867919861592,99.78373702422145,1770983.1800000002,41.04671280276816,0.6470588235294019,0.03636313448271799,-1.797995985898102,98.91868512110726,11,-3.3502048686430475,0.6682692307692316,4.700748129675823,,,,,1788926220,81.0,0.6172839506172867,0.6172839506172867,0.6172839506172867,1.6172839506172876,1.6172839506172876,-1.2839506172839577,1.2839506172839577,-1.2839506172839577,1.913580246913582,3.5308641975308697,-1.2345679012345734,1.2345679012345734,-1.2345679012345734,1.913580246913582,3.5308641975308697,993847
NSE_EQ|762787,Menon Pistons,44bb2e36b2b1a71e805f7979,1788926888.269102,09:38:08,VWAP_REVERSION,6,LONG,True,True,True,ai_ran,0.10001,16.72215698524088,6,97.4525,16.72215698524088,97.45250431778929,2.0002500312538998,98.83419689119171,1560710.0499999998,45.03454231433506,0.0,-0.06980713030570403,-1.5294055649827831,99.09326424870466,15,-1.5992126952884878,0.7558139534883792,2.0002500312538998,-0.13732833957552648,0.022494887525562383,3.8754844355544553,1.836207831652023,1788926940,79.5,0.6037735849056647,0.6037735849056647,0.6037735849056647,0.6163522012578637,0.67924528301887,0.3522012578616396,0.3522012578616396,0.3522012578616396,0.6289308176100628,0.691823899371069,0.6666666666666599,0.6666666666666599,0.6666666666666599,1.2704402515723245,1.3333333333333308,993848
NSE_EQ|762787,Menon Pistons,efd7acea83894333302c3f79,1788926950.076661,09:39:10,VOLATILITY_IGNITION,8,SHORT,False,False,False,assigned_stock_analysis_already_active,0.06289,16.11414315150152,8,97.0538,16.11414315150152,97.05380017079419,2.515723270440252,99.27412467976089,1663339.0099999998,47.011101622544835,0.9607843137254706,-0.00916758342500083,-2.444820146636349,99.70111016225448,15,-2.4539877300613466,1.0,2.5157232704402515,-0.012577034335314874,0.002087682672234898,3.5345911949685562,0.2829806807727691,1788927000,79.87,-0.3380493301615273,0.3380493301615273,0.3380493301615273,0.5258545135845782,0.6760986603230101,0.16276449229997159,0.16276449229997159,-0.16276449229997159,0.5258545135845782,0.6886190058845498,0.5383748591460957,0.5383748591460957,-0.5383748591460957,0.8013021159384071,1.3271566295229853,993848
NSE_EQ|2463,Mishra Dhatu Nigam,f7d4b309228d9c0eb2aa6f0a,1788933247.130452,11:24:07,VWAP_REVERSION,4,SHORT,False,False,False,maximum_concurrent_trade_slots_in_use,0.05304,13.284634000977585,4,97.6733,13.284634000977585,97.673314339981,1.6760369152434447,99.57264957264957,127347294.95000076,98.62298195631529,0.057553956834532106,-0.017421602787460407,1.2850121066009814,99.47768281101614,15,1.2030075187970057,0.8750000000000067,1.676926342602415,1.3772326231977772,0.7111111111111194,1.9528762470812966,9.006842109995235,1788933300,469.1,-0.1172457898102719,0.1172457898102719,0.1172457898102719,0.6821573225325173,0.8313792368365158,-0.4370070347473942,0.4370070347473942,0.4370070347473942,0.6821573225325173,1.2257514389256152,-0.9486250266467766,0.9486250266467766,0.9486250266467766,1.279044979748456,1.9612023022809733,993851
NSE_EQ|2463,Mishra Dhatu Nigam,63317d5bbc32daf963e0b048,1788933574.819655,11:29:34,VWAP_REVERSION,9,SHORT,False,False,False,maximum_concurrent_trade_slots_in_use,0.06398,13.9627590340315,9,96.9653,13.9627590340315,97.92870905587668,0.7995735607675907,96.96531791907515,87314496.20000005,97.83236994219652,0.007299270072994397,0.016696110634063264,-0.09126732614488092,52.26396917148362,15,-0.2759206197601505,0.21311475409835637,0.83005214430138,1.0864888123924388,0.3568904593639604,1.7452378418644223,1.2882683501443126,1788933600,468.55,-0.13872585636538481,0.13872585636538481,0.13872585636538481,0.5655746451819432,0.7256429409881582,-0.4588624479778147,0.4588624479778147,0.4588624479778147,0.5655746451819432,1.0671219720414071,-0.8110126987514676,0.8110126987514676,0.8110126987514676,1.1631629495251317,1.7287375947070749,993851
NSE_EQ|759381,Moneyboxx Finance,661c080c0016f4ba24694de1,1788926207.93572,09:26:47,VOLATILITY_IGNITION,2,LONG,False,False,False,account_analysis_capacity_in_use,0.13592,45.501622325131855,2,98.9168,45.501622325131855,98.91681109185441,5.825242718446602,99.95667244367418,1244927.1799999997,35.22530329289428,1.0,0.0435537178168637,-2.873742397062147,99.87001733102254,11,-6.3752276867031,0.8974358974358994,10.583657587548634,,,,,1788926220,51.43,1.3221854948473721,1.3221854948473721,1.3221854948473721,2.663814894030714,2.663814894030714,-0.8360878864476007,0.8360878864476007,-0.8360878864476007,2.663814894030714,3.4999027804783145,1.108302547151463,1.108302547151463,1.108302547151463,2.663814894030714,5.055415127357554,993847
NSE_EQ|759381,Moneyboxx Finance,99fed59dc18a20deaa37ec5f,1788926211.840411,09:26:51,OPENING_DRIVE,4,LONG,False,False,False,account_analysis_capacity_in_use,0.13592,43.80624647286253,4,98.7424,43.80624647286253,98.74241110147442,5.825242718446602,99.95663486556808,1244927.1799999997,34.99566348655681,1.0,0.03133813851456154,-2.8615268177598447,99.78317432784041,11,-6.3752276867031,0.8974358974358994,10.583657587548634,,,,,1788926220,51.43,1.3221854948473721,1.3221854948473721,1.3221854948473721,2.663814894030714,2.663814894030714,-0.8360878864476007,0.8360878864476007,-0.8360878864476007,2.663814894030714,3.4999027804783145,1.108302547151463,1.108302547151463,1.108302547151463,2.663814894030714,5.055415127357554,993847
NSE_EQ|759381,Moneyboxx Finance,f6cdcdaaeed73d9630c05a1e,1788926224.877398,09:27:04,GAP_REJECTION,4,SHORT,False,False,False,account_analysis_capacity_in_use,0.13611,40.616898148148145,4,98.4979,40.616898148148145,98.49785407725322,5.8331713007972,99.95708154506437,1251620.4299999997,35.836909871244636,0.17647058823529904,0.020301820396562992,-2.9825659713399597,99.78540772532189,12,-2.9622641509433945,0.7733990147783275,6.883142134940694,,,,,1788926280,51.9,0.4046242774566444,0.4046242774566444,-0.4046242774566444,1.7341040462427681,1.7341040462427681,-0.770712909441229,0.770712909441229,0.770712909441229,3.2755298651252374,5.009633911368006,-0.770712909441229,0.770712909441229,0.770712909441229,3.2755298651252374,5.009633911368006,993847
NSE_EQ|22980,Mukka Proteins,372db575b5b7035b1d87f882,1788933842.138034,11:34:02,VWAP_REVERSION,9,SHORT,False,False,False,maximum_concurrent_trade_slots_in_use,0.03279,9.522408587349174,9,96.3521,9.522408587349174,96.35214007782102,1.7049180327868836,99.85408560311284,2554385.0399999917,66.48832684824903,0.0,0.0,1.2280119482243645,99.85408560311284,15,1.2280119482243723,1.0,1.7049180327868838,3.040540540540526,0.8653846153846206,3.2131147540983505,0.6909220617085785,1788933900,30.51,-0.032776138970835866,0.032776138970835866,0.032776138970835866,0.7210750573582336,1.016060308095701,-0.8849557522124019,0.8849557522124019,0.8849557522124019,0.9832841691248762,1.7043592264831098,-1.1143887250081974,1.1143887250081974,1.1143887250081974,1.4421501147164895,2.163225172074723,993852
NSE_EQ|22980,Mukka Proteins,c2550c5d97aee2f5adee8f8f,1788934249.097521,11:40:49,VOLATILITY_IGNITION,8,SHORT,False,False,False,maximum_concurrent_trade_slots_in_use,0.09898,7.903191148954856,8,95.7669,7.903191148954856,95.76693227091634,1.385681293302546,99.15338645418326,1127710.250000015,53.23705179282868,0.7599999999999943,0.0,-0.8829300196206656,98.55577689243027,15,-0.032776138970835866,0.03448275862069557,1.0163934426229466,2.0408163265306145,0.6288659793814481,2.754098360655737,0.6894626321458012,1788934260,30.33,-0.13188262446421906,0.13188262446421906,0.13188262446421906,0.2307945928123889,0.3956478733926794,-0.6264424662050683,0.6264424662050683,0.6264424662050683,0.7912957467853587,0.9561490273656492,-0.39564787339266827,0.39564787339266827,0.39564787339266827,0.8572370590174683,1.0220903395977587,993852
BSE_EQ|513683,NLC India,304708b701ae621b6758fe59,1788927720.260508,09:52:00,VWAP_REVERSION,9,LONG,False,False,False,account_analysis_capacity_in_use,0.14535,11.924870147925278,9,96.4032,11.924870147925278,96.40319715808171,1.2711094970038133,97.73534635879219,2999104.75,60.61278863232682,0.037037037037046396,-0.08356596281915014,-0.8162000980050353,97.202486678508,15,-0.8997660608241809,0.7352941176470391,1.2711094970038133,-1.5728328865058039,0.6470588235293911,2.197203559106575,0.9414830256104825,1788927780,274.9,-0.2182611858857597,0.2182611858857597,-0.2182611858857597,0.2910149145143537,0.30920334667150495,-0.763914150600209,0.763914150600209,-0.763914150600209,0.8730447435430944,0.8912331757002456,-0.7457257184430577,0.7457257184430577,-0.7457257184430577,1.0549290651145737,1.073117497271725,993848
BSE_EQ|513683,NLC India,1d7ae6665206f4f50cc87d66,1788930781.491135,10:43:01,VOLATILITY_IGNITION,9,LONG,False,False,False,maximum_concurrent_trade_slots_in_use,0.14593,8.010930922022974,9,94.5833,8.010930922022974,94.58333333333333,0.8573513316307999,96.52777777777779,391862.74999999255,31.712962962962965,0.9259259259259103,-0.0701374418646182,0.916347890724078,99.02777777777779,15,0.8462104488594635,0.8846153846153619,0.8573513316307999,0.6425555351569745,0.34653465346534185,0.9485589201021607,0.8125894134477825,1788930840,274.15,-0.09119095385737852,0.09119095385737852,-0.09119095385737852,0.23709648002917527,0.34652562465803394,0.6200984862301917,0.6200984862301917,0.6200984862301917,0.6200984862301917,0.857194966259367,-0.23709648002917527,0.23709648002917527,-0.23709648002917527,0.6200984862301917,0.857194966259367,993850
BSE_EQ|513683,NLC India,bc754cd86b28270cefbc9a58,1788936881.638645,12:24:41,OPENING_RANGE_ACCEPTANCE,10,SHORT,False,False,False,maximum_concurrent_trade_slots_in_use,0.0367,5.5783305130345875,10,93.0747,5.5783305130345875,93.0746561886051,0.7153338224504727,96.51277013752456,651244.6999999881,43.86051080550098,1.0,0.01226618935379601,-0.34133383103568904,92.19056974459725,15,-0.18278194114421664,0.2777777777777848,0.5493499359091741,-0.32852710348603154,0.2571428571428506,0.5493499359091741,2.5495447241564007,1788936900,272.5,0.03669724770642979,0.03669724770642979,-0.03669724770642979,0.16513761467888965,0.23853211009172703,0.09174311926605228,0.09174311926605228,-0.09174311926605228,0.20183486238531945,0.2752293577981568,0.18348623853210455,0.18348623853210455,-0.18348623853210455,0.20183486238531945,0.3486238532109942,993853
BSE_EQ|513683,NLC India,58aed1de0a0d134634a94b88,1788936906.561186,12:25:06,VOLATILITY_IGNITION,10,SHORT,False,False,False,maximum_concurrent_trade_slots_in_use,0.16514,5.586915161446008,10,92.9695,5.586915161446008,92.96951819075713,0.7522935779816555,96.80432645034415,841994.6999999881,48.72173058013766,1.0,0.026601050741499,-0.3922317637213893,95.6243854473943,15,-0.3656307129798919,0.43478260869566077,0.7522935779816555,-0.5292936667275039,0.3580246913580209,0.7522935779816555,6.214160327677004,1788936960,272.5,0.0,0.0,-0.0,0.16513761467888965,0.16513761467888965,0.18348623853210455,0.18348623853210455,-0.18348623853210455,0.20183486238531945,0.20183486238531945,0.05504587155962248,0.05504587155962248,-0.05504587155962248,0.20183486238531945,0.3486238532109942,993853
NSE_EQ|2442,NOCIL,ca458ea1f25d0c2496c995af,1788930458.329968,10:37:38,VWAP_REVERSION,9,SHORT,False,False,False,maximum_concurrent_trade_slots_in_use,0.15466,7.987040156049661,9,94.9407,7.987040156049661,94.94074749316317,1.8655721976440487,99.4986326344576,49011020.60999994,95.5788514129444,0.13725490196079568,-0.058623519756126154,1.7222194881098825,99.95442114858706,15,2.4069424735290834,0.944325481798717,2.440974257847899,2.1171220202459873,0.6087636932707347,2.5475670201993292,13.636886002333235,1788930480,187.29,-0.09076832719311367,0.09076832719311367,0.09076832719311367,0.26696566821506895,0.4218057557798027,-0.09610764055740795,0.09610764055740795,0.09610764055740795,0.26696566821506895,0.4218057557798027,-1.0625233594959593,1.0625233594959593,1.0625233594959593,1.1159164931389798,1.3828821613540487,993850
NSE_EQ|2442,NOCIL,6bd19863f08dfc158b1aa934,1788944123.507186,14:25:23,VWAP_REVERSION,8,SHORT,False,False,False,maximum_concurrent_trade_slots_in_use,0.10091,5.771298303228138,8,95.0,5.771298303228138,95.0,2.1615592968293704,99.85714285714286,37224766.129999876,95.57142857142857,0.127882599580714,0.011535707964781037,1.8880205210643297,99.95238095238095,15,2.1705006765899926,1.0,2.1561771561771677,2.3089430894308816,0.6805111821086257,2.675354948082227,6.999702455883362,1788944160,188.57,-0.06893991621148565,0.06893991621148565,0.06893991621148565,0.4984886249138287,0.7583390783263533,-0.44545792013576113,0.44545792013576113,0.44545792013576113,1.065917166039132,1.3257676194516566,0.22272896006789722,0.22272896006789722,-0.22272896006789722,1.065917166039132,1.5591027204751584,993857
NSE_EQ|2442,NOCIL,a6160a403ba0faf5179ed26b,1788945242.96926,14:44:02,OPENING_RANGE_ACCEPTANCE,8,LONG,False,False,False,dhan_authorization_or_ip_unavailable,0.04251,7.062675191412317,8,94.8942,7.062675191412317,95.3541858325667,0.6535600425079799,94.89420423183073,8855404.550000072,79.34682612695492,0.6249999999999778,-0.008636324380355508,0.4891488710968409,95.44618215271389,15,0.4805125467164828,1.0,0.6535600425079799,-0.19092066185830703,0.07725321888412269,1.301806588735382,0.628693994280267,1788945300,187.75,0.3994673768308976,0.3994673768308976,0.3994673768308976,0.5592543275632522,0.5592543275632522,0.09587217043942609,0.09587217043942609,0.09587217043942609,0.9320905459387463,0.9320905459387463,0.5539280958721582,0.5539280958721582,0.5539280958721582,0.9320905459387463,0.9533954727030558,993858
NSE_EQ|9007,Novartis,17064a1d85b5b5b2797c7272,1788925934.292951,09:22:14,GAP_REJECTION,8,SHORT,False,False,False,account_analysis_capacity_in_use,0.11868,707.336,8,97.2247,707.336,99.68152866242038,2.228412256267412,97.22474977252047,70659706.89999983,91.8562329390355,0.11764705882353306,-0.12226931855233128,-1.879550517662416,97.8616924476797,8,-0.42490017405549807,0.2974910394265337,2.210683255359622,,,,,1788925980,1964.9,0.7684869459005483,0.7684869459005483,-0.7684869459005483,2.6057305715303514,2.7634994147284875,4.229222861214299,4.229222861214299,-4.229222861214299,5.14530001526794,5.303068858466076,4.529492595043005,4.529492595043005,-4.529492595043005,5.338694081123729,5.4964629243218655,993847
NSE_EQ|29224,Onesource Specialty Pharma,4c4d94b562f20acb8df8be4c,1788928927.311697,10:12:07,VOLATILITY_IGNITION,1,SHORT,False,False,False,account_analysis_capacity_in_use,0.04606,39.031124046421205,1,99.3351,39.031124046421205,99.33510638297872,4.947299077733854,99.95567375886525,794297843.3999999,99.86702127659575,0.8471177944862173,-0.06303918585047785,-4.4712668326389196,99.95567375886525,15,-0.3207345449971588,0.9622641509434287,0.32176656151418986,-0.4834557669366468,0.3333333333333399,0.60567823343848,0.20387198735677597,1788928980,1533.1,-0.39788663492269505,0.39788663492269505,0.39788663492269505,1.1871371730480584,1.5067510273302442,1.5589328810906133,1.5589328810906133,-1.5589328810906133,1.6502511251712315,2.83738829821929,1.0762507338073268,1.0762507338073268,-1.0762507338073268,1.6502511251712315,2.83738829821929,993849
NSE_EQ|29224,Onesource Specialty Pharma,3134348281f244cff4a1e438,1788928930.782957,10:12:10,OPENING_RANGE_ACCEPTANCE,1,SHORT,False,False,False,account_analysis_capacity_in_use,0.01311,39.031124046421205,1,99.3351,39.031124046421205,99.33510638297872,4.947299077733854,99.95567375886525,794297843.3999999,99.86702127659575,0.8471177944862173,-0.06303918585047785,-4.4712668326389196,99.95567375886525,15,-0.3207345449971588,0.9622641509434287,0.32176656151418986,-0.4834557669366468,0.3333333333333399,0.60567823343848,0.20387198735677597,1788928980,1533.1,-0.39788663492269505,0.39788663492269505,0.39788663492269505,1.1871371730480584,1.5067510273302442,1.5589328810906133,1.5589328810906133,-1.5589328810906133,1.6502511251712315,2.83738829821929,1.0762507338073268,1.0762507338073268,-1.0762507338073268,1.6502511251712315,2.83738829821929,993849
NSE_EQ|29224,Onesource Specialty Pharma,53bf0222d9bc2604fecd65fa,1788929564.239533,10:22:44,VWAP_REVERSION,2,SHORT,False,False,False,maximum_concurrent_trade_slots_in_use,0.05181,99.6304121174422,2,99.5875,99.6304121174422,99.67919340054996,1.6839378238341969,99.58753437213565,231424115.39999986,99.31255728689275,0.3752808988764074,0.09038526720144102,0.9567351516467265,98.85426214482126,15,0.8777675881042946,1.0,1.090909090909088,-3.1507452361486665,0.5202492211838011,4.883116883116871,0.1989595759414631,1788929580,1543.4,0.8811714396786297,0.8811714396786297,-0.8811714396786297,0.9718802643514213,0.9718802643514213,0.15550084229623007,0.15550084229623007,-0.15550084229623007,0.9718802643514213,1.2828819489438925,-0.15550084229623007,0.15550084229623007,0.15550084229623007,0.9718802643514213,1.2828819489438925,993849
NSE_EQ|29224,Onesource Specialty Pharma,6957d3689c6bd002aa0ece39,1788929956.956635,10:29:16,VWAP_REVERSION,6,SHORT,False,False,False,maximum_concurrent_trade_slots_in_use,0.05833,98.09159190513692,6,96.6791,98.09159190513692,99.67259120673526,0.9391799987045794,96.67913938260057,103285092.40000105,97.52104770813844,0.612565445026186,0.007662835249035177,-0.7023306168146076,97.33395696913003,15,-0.4058493847838629,0.355932203389827,0.8020698576972892,1.303977458882133,0.3204508856682789,2.813712807244502,0.10113983960067569,1788930000,1550.5,-0.515962592712027,0.515962592712027,0.515962592712027,0.6062560464366373,0.6965495001612587,0.1547887778136081,0.1547887778136081,-0.1547887778136081,0.7610448242502343,0.9158336020638425,-1.5478877781360811,1.5478877781360811,1.5478877781360811,1.5478877781360811,1.7026765559496893,993849
NSE_EQ|29224,Onesource Specialty Pharma,e86f150cafde8ed68be05c6b,1788929959.677771,10:29:19,OPENING_RANGE_ACCEPTANCE,6,SHORT,False,False,False,maximum_concurrent_trade_slots_in_use,0.0454,98.09159190513692,6,96.6791,98.09159190513692,99.67259120673526,0.9391799987045794,96.67913938260057,103285092.40000105,97.52104770813844,0.612565445026186,0.007662835249035177,-0.7023306168146076,97.33395696913003,15,-0.4058493847838629,0.355932203389827,0.8020698576972892,1.303977458882133,0.3204508856682789,2.813712807244502,0.10113983960067569,1788930000,1550.5,-0.515962592712027,0.515962592712027,0.515962592712027,0.6062560464366373,0.6965495001612587,0.1547887778136081,0.1547887778136081,-0.1547887778136081,0.7610448242502343,0.9158336020638425,-1.5478877781360811,1.5478877781360811,1.5478877781360811,1.5478877781360811,1.7026765559496893,993849
NSE_EQ|29224,Onesource Specialty Pharma,73707845f0a1d93d81a470fa,1788929967.347263,10:29:27,VOLATILITY_IGNITION,1,SHORT,False,False,False,maximum_concurrent_trade_slots_in_use,0.05195,97.97871702736403,1,99.0085,97.97871702736403,99.7639282341832,1.2868841804237738,99.0084985835694,101796227.20000076,97.59206798866855,0.6560000000000037,0.0,-1.0037318234461547,99.0084985835694,15,-0.4058493847838629,0.355932203389827,0.8020698576972892,1.303977458882133,0.3204508856682789,2.813712807244502,0.10113983960067569,1788930000,1550.5,-0.515962592712027,0.515962592712027,0.515962592712027,0.6062560464366373,0.6965495001612587,0.1547887778136081,0.1547887778136081,-0.1547887778136081,0.7610448242502343,0.9158336020638425,-1.5478877781360811,1.5478877781360811,1.5478877781360811,1.5478877781360811,1.7026765559496893,993849
NSE_EQ|29224,Onesource Specialty Pharma,389f56d1afd864bba47d7717,1788930929.23941,10:45:29,VWAP_REVERSION,9,SHORT,False,False,False,maximum_concurrent_trade_slots_in_use,0.07106,87.39077583451197,9,96.6078,87.39077583451197,99.5817843866171,0.917312661498711,96.60780669144981,65631980.0,96.70074349442379,0.07954545454545807,0.0,0.2071465561885063,76.06877323420075,15,0.5894545925638095,0.47643979057591995,0.9144181853306745,0.1547887778136081,0.05970149253731529,0.9144181853306745,1.7687147648612003,1788930960,1546.4,-0.19399896533884853,0.19399896533884853,0.19399896533884853,0.2845318158303245,0.2909984480082839,-1.4161924469736187,1.4161924469736187,1.4161924469736187,1.5972581479565484,1.6037247801345078,-1.1510605276771946,1.1510605276771946,1.1510605276771946,1.5972581479565484,1.6037247801345078,993850
NSE_EQ|29224,Onesource Specialty Pharma,16ed2ab10c572827321df3ec,1788930983.016949,10:46:23,OPENING_RANGE_ACCEPTANCE,7,SHORT,False,False,False,maximum_concurrent_trade_slots_in_use,0.05185,87.24340811065143,7,96.6954,87.24340811065143,99.56896551724138,0.9201062657940805,96.69540229885058,61701641.900000095,96.69540229885058,0.7777777777777698,0.06102891756775209,-0.15812886578111304,68.43869731800766,15,0.0647081661705684,0.041666666666666664,0.9182617692705668,-0.058165837264900766,0.02068965517241055,0.9182617692705668,0.7710029909088216,1788931020,1542.8,-0.05185377236193167,0.05185377236193167,0.05185377236193167,0.23982369717396868,0.29815919108113764,-1.173191599688872,1.173191599688872,1.173191599688872,1.3676432460461463,1.607466943220115,-0.907441016333943,0.907441016333943,0.907441016333943,1.3676432460461463,1.607466943220115,993850
NSE_EQ|29224,Onesource Specialty Pharma,29125cc8aa3e58c33b9e8b91,1788935044.532407,11:54:04,VOLATILITY_IGNITION,5,SHORT,False,False,False,account_analysis_capacity_in_use,0.09173,57.87762537311815,5,98.0655,57.87762537311815,99.65277777777779,1.0026869388557542,98.06547619047619,12417720.999999523,86.65674603174604,0.7999999999999393,-0.07780553415793476,-0.8892245800684323,98.75992063492063,15,-0.9349435138293782,0.9350649350649355,1.0027526543452585,-0.8963367108339781,0.5267175572518966,1.3435574780443047,1.4439149019800521,1788935100,1528.1,0.2159544532426061,0.2159544532426061,-0.2159544532426061,0.6805837314311836,0.9488907793992585,0.7133041031346155,0.7133041031346155,-0.7133041031346155,0.7133041031346155,1.393887834565799,0.8769059616517305,0.8769059616517305,-0.8769059616517305,1.0535959688502183,1.734179700281402,993852
NSE_EQ|29224,Onesource Specialty Pharma,ceca0ec3ee82a036b5ea3573,1788935047.902501,11:54:07,OPENING_RANGE_ACCEPTANCE,5,SHORT,False,False,False,account_analysis_capacity_in_use,0.07862,57.87762537311815,5,98.0655,57.87762537311815,99.65277777777779,1.0026869388557542,98.06547619047619,12417720.999999523,86.65674603174604,0.7999999999999393,-0.07780553415793476,-0.8892245800684323,98.75992063492063,15,-0.9349435138293782,0.9350649350649355,1.0027526543452585,-0.8963367108339781,0.5267175572518966,1.3435574780443047,1.4439149019800521,1788935100,1528.1,0.2159544532426061,0.2159544532426061,-0.2159544532426061,0.6805837314311836,0.9488907793992585,0.7133041031346155,0.7133041031346155,-0.7133041031346155,0.7133041031346155,1.393887834565799,0.8769059616517305,0.8769059616517305,-0.8769059616517305,1.0535959688502183,1.734179700281402,993852
NSE_EQ|29224,Onesource Specialty Pharma,f477e959592c744ee915fa09,1788936603.968748,12:20:03,OPENING_RANGE_ACCEPTANCE,10,SHORT,False,False,False,maximum_concurrent_trade_slots_in_use,0.09086,49.705886268538016,10,95.2042,49.705886268538016,99.66761633428301,0.6491820306413918,95.20417853751188,18788599.999999046,92.35517568850902,0.6969696969696928,-0.03341129301703976,0.4375307037848696,95.77397910731244,15,0.430191630817367,0.5999999999999918,0.6490134994807892,0.20159979189697808,0.12757201646090066,0.6944444444444474,1.1398281849753245,1788936660,1542.0,-0.012970168612191912,0.012970168612191912,0.012970168612191912,0.12321660181583427,0.12970168612193023,-0.05188067444876765,0.05188067444876765,0.05188067444876765,0.12970168612191912,0.2529182879377534,-0.25940337224383825,0.25940337224383825,0.25940337224383825,0.5058365758754846,0.6355382619974037,993853
NSE_EQ|29224,Onesource Specialty Pharma,d8a6e78a2cafd803b6ee8a14,1788938966.972579,12:59:26,VOLATILITY_IGNITION,4,LONG,False,False,False,maximum_concurrent_trade_slots_in_use,0.01292,41.140211537920536,4,96.2083,41.140211537920536,99.44388270980788,0.6459948320413437,96.2082912032356,13583601.999999523,89.13043478260869,0.9444444444444322,0.03037564548246957,0.5413499262430992,97.11830131445906,15,0.15596568754874252,0.32432432432435254,0.363353231248372,0.05193456245131678,0.051948051948049453,0.6099143524526255,0.3634976845546173,1788939000,1547.9,-0.28425608889464105,0.28425608889464105,-0.28425608889464105,0.28425608889464105,0.28425608889464105,-0.18735060404418968,0.18735060404418968,-0.18735060404418968,0.3100975515214266,0.3100975515214266,-0.3617804767749977,0.3617804767749977,-0.3617804767749977,0.6331158343562349,0.6331158343562349,993854
NSE_EQ|29224,Onesource Specialty Pharma,91c491683cbdc24a07eb8cc8,1788943520.041852,14:15:20,VWAP_REVERSION,10,SHORT,False,False,False,maximum_concurrent_trade_slots_in_use,0.05195,26.537065316865178,10,94.9859,26.537065316865178,99.39081537019682,0.6428571428571488,94.98594189315838,4996190.500000954,77.55388940955952,0.3389830508474524,-0.058117008911287904,-0.5485694503632759,97.8912839737582,15,-0.30981733686180624,0.7500000000000089,0.42732275817417525,0.019427535293359277,0.02222222222221923,0.42732275817417525,0.0793879587537421,1788943560,1540.0,0.12337662337662536,0.12337662337662536,-0.12337662337662536,0.2532467532467608,0.4220779220779236,0.11038961038960515,0.11038961038960515,-0.11038961038960515,0.33116883116881546,0.49999999999997824,-0.032467532467528315,0.032467532467528315,0.032467532467528315,0.4610389610389509,0.7922077922077664,993857
NSE_EQ|20110,Orient Green Power,ded7569cce752f6bd36ef08c,1788927715.868579,09:51:55,VWAP_REVERSION,6,SHORT,False,False,False,account_analysis_capacity_in_use,0.1994,18.605651288380265,6,97.7068,18.605651288380265,97.7068345323741,3.7962037962038044,99.95503597122301,17835908.039999977,86.55575539568345,0.1052631578947361,-0.08681984706064041,2.8588937690318885,99.95503597122301,15,3.597122302158273,1.0,3.7698412698412778,4.455958549222805,0.5443037974683547,4.761904761904766,2.1689698025654933,1788927720,10.04,1.195219123505975,1.195219123505975,-1.195219123505975,1.3944223107569709,2.6892430278884327,0.6972111553784854,0.6972111553784854,-0.6972111553784854,1.9920318725099806,3.2868525896414424,-1.3944223107569598,1.3944223107569598,1.3944223107569598,4.482071713147429,6.374501992031889,993848
NSE_EQ|20110,Orient Green Power,da885b8b36780b955fb92f6f,1788928224.45386,10:00:24,VWAP_REVERSION,1,SHORT,False,False,False,account_analysis_capacity_in_use,0.09823,28.058497981368305,1,99.2404,28.058497981368305,99.24039320822162,2.6522593320235717,99.86595174262735,34623113.56999992,92.26988382484362,0.0,-0.09883198562443028,1.7971336839261278,99.77658623771224,15,2.7081243731193583,1.0,2.832031250000009,5.133470225872694,0.6249999999999994,5.273437500000009,2.2547337355921906,1788928260,10.1,0.5940594059405946,0.5940594059405946,-0.5940594059405946,1.3861386138613874,1.3861386138613874,-0.990099009900991,0.990099009900991,0.990099009900991,3.861386138613865,5.346534653465351,-1.8811881188118718,1.8811881188118718,1.8811881188118718,3.861386138613865,6.336633663366342,993849
NSE_EQ|20110,Orient Green Power,b3f3cdb38bdb682239549673,1788928589.085213,10:06:29,VWAP_REVERSION,2,SHORT,False,False,False,maximum_concurrent_trade_slots_in_use,0.19743,30.038328926391475,2,98.2018,30.038328926391475,98.99122807017544,1.1857707509881523,98.20175438596492,16179232.450000003,88.20175438596492,0.26666666666666783,0.018676896492427597,-0.21591555526956124,68.99122807017544,15,0.5940594059405946,0.23076923076923286,1.3779527559055174,1.39720558882237,0.17948717948717996,3.2480314960629926,0.8473889220268881,1788928620,10.11,1.1869436201780603,1.1869436201780603,-1.1869436201780603,3.0662710187932873,3.0662710187932873,-2.0771513353115667,2.0771513353115667,2.0771513353115667,3.7586547972304762,6.330365974282892,-2.1760633036597365,2.1760633036597365,2.1760633036597365,3.7586547972304762,6.330365974282892,993849
NSE_EQ|20110,Orient Green Power,97ff1fef779a687202d11da5,1788928927.207343,10:12:07,VWAP_REVERSION,2,SHORT,False,False,False,account_analysis_capacity_in_use,0.19531,35.83241870013228,2,99.2465,35.83241870013228,99.24645390070921,2.9325513196481006,99.77836879432624,32911613.33999987,92.77482269503547,0.11627906976744186,-0.06303918585047785,1.2499828060285294,99.24645390070921,15,1.1869436201780603,0.3333333333333333,3.030303030303035,0.6889763779527547,0.07865168539325838,3.323558162267838,0.491343787811291,1788928980,10.43,-4.122722914669219,4.122722914669219,4.122722914669219,4.793863854266533,5.369127516778526,-5.177372962607851,5.177372962607851,5.177372962607851,5.560882070949191,6.136145733461184,-5.848513902205177,5.848513902205177,5.848513902205177,6.040268456375831,6.615532118887824,993849
NSE_EQ|20110,Orient Green Power,334d378d0bcf01521eb7b350,1788929405.529354,10:20:05,VWAP_REVERSION,3,LONG,False,False,False,maximum_concurrent_trade_slots_in_use,0.10101,48.174312547176626,3,99.2122,48.174312547176626,99.21223354958295,2.525252525252525,99.67562557924003,25371274.819999993,91.14921223354958,0.09523809523809201,0.10487177042616073,-1.8905860561404437,99.58294717330863,15,-1.8830525272547027,0.8260869565217418,2.525252525252525,-2.7504911591355485,0.22222222222222177,6.46464646464647,0.6196578082359259,1788929460,9.94,-0.4024144869215207,0.4024144869215207,-0.4024144869215207,0.905432595573441,0.905432595573441,0.3018108651911655,0.3018108651911655,0.3018108651911655,0.905432595573441,1.4084507042253613,-1.9114688128772594,1.9114688128772594,-1.9114688128772594,2.2132796780684028,2.716297786720323,993849
NSE_EQ|20110,Orient Green Power,98d5dc19a5993673f62234a5,1788930059.716173,10:30:59,VWAP_REVERSION,8,LONG,False,False,False,maximum_concurrent_trade_slots_in_use,0.10091,47.71796117910437,8,96.716,47.71796117910437,99.39870490286772,0.9081735620585252,96.71600370027753,5545801.579999983,74.4218316373728,0.1,0.0,0.10101010101009886,47.03977798334875,15,0.0,0.0,0.9063444108761315,-1.5857284440039643,0.3200000000000003,2.5176233635448138,0.4717922700304492,1788930060,9.91,0.6054490413723634,0.6054490413723634,0.6054490413723634,0.8072653884964698,0.908173562058523,-1.311806256306769,1.311806256306769,-1.311806256306769,1.4127144298688221,2.219979818365292,-1.311806256306769,1.311806256306769,-1.311806256306769,1.9172552976791102,2.72452068617558,993850
NSE_EQ|20110,Orient Green Power,a58c4bcd7ac7096828c6763a,1788930861.993789,10:44:21,VWAP_REVERSION,2,LONG,False,False,False,maximum_concurrent_trade_slots_in_use,0.10194,49.14691142747706,2,98.5238,49.14691142747706,99.38095238095238,1.121304791029574,98.52380952380952,7394093.229999989,80.14285714285714,0.0,-0.022016546430100703,-0.38407482412826627,92.23809523809524,15,-0.5070993914807143,0.45454545454545453,1.121304791029574,-1.6048144433299938,0.42105263157894884,2.2426095820591296,1.6187529812606474,1788930900,9.79,-0.5107252298263476,0.5107252298263476,-0.5107252298263476,0.7150153217568844,0.8171603677221695,-0.40858018386107364,0.40858018386107364,-0.40858018386107364,0.7150153217568844,1.1235955056179803,0.6128702757916216,0.6128702757916216,0.6128702757916216,0.7150153217569066,1.430030643513791,993850
NSE_EQ|20110,Orient Green Power,322be5bf25d7554152b8cc96,1788931948.106322,11:02:28,VWAP_REVERSION,6,LONG,False,False,False,account_analysis_capacity_in_use,0.10225,45.62248530604486,6,97.0417,45.62248530604486,99.46653734238603,0.9202453987730048,97.04170708050437,3263294.5799999833,68.81668283220175,0.14285714285714285,0.02572347266880517,-0.22980510532188017,79.97090203685741,15,0.0,0.0,0.921187308085976,-0.20429009193053682,0.1111111111111111,1.1258955987717445,0.41023385984303384,1788931980,9.78,0.10224948875254825,0.10224948875254825,0.10224948875254825,0.5112474437627856,0.5112474437627856,1.1247443762781417,1.1247443762781417,1.1247443762781417,1.22699386503069,1.22699386503069,1.22699386503069,1.22699386503069,1.22699386503069,1.22699386503069,1.22699386503069,993851
NSE_EQ|20110,Orient Green Power,40692441817421cf14c84c9e,1788933151.793251,11:22:31,VWAP_REVERSION,10,LONG,True,True,True,ai_ran,0.10142,41.164410915040484,10,96.273,41.164410915040484,99.46757018393029,0.811359026369169,96.2729912875121,4496143.349999964,75.36302032913844,0.07692307692307693,0.0,-0.3033367037411641,88.72216844143273,15,-0.4044489383215444,0.6666666666666765,0.812182741116752,0.5102040816326481,0.23809523809523003,1.218274111675137,1.3052479000555715,1788933180,9.87,-0.3039513677811523,0.3039513677811523,-0.3039513677811523,0.405268490374866,0.5065856129686019,0.6079027355623046,0.6079027355623046,0.6079027355623046,0.8105369807497542,1.2158054711246202,-0.10131712259371373,0.10131712259371373,-0.10131712259371373,0.8105369807497542,1.2158054711246202,993851
NSE_EQ|20110,Orient Green Power,189e1b28722d1a5b031a340c,1788934165.406022,11:39:25,VWAP_REVERSION,2,LONG,False,False,False,assigned_stock_open_intraday_position_exists,0.10111,40.21926405704673,2,97.8006,40.21926405704673,99.46236559139786,0.9109311740890673,97.80058651026393,3616210.409999907,72.09188660801564,0.08333333333332964,0.0,-0.6036217303822808,97.702834799609,15,-0.40322580645160144,0.4,0.9109311740890673,0.10131712259373593,0.04761904761905567,1.214574898785417,1.2703573979569882,1788934200,9.89,0.10111223458038054,0.10111223458038054,0.10111223458038054,0.4044489383215222,0.5055611729019027,-0.30333670374116384,0.30333670374116384,-0.30333670374116384,0.6066734074823055,1.0111223458038276,-0.5055611729019249,0.5055611729019249,-0.5055611729019249,0.8088978766430777,1.2133468149645998,993852
NSE_EQ|20110,Orient Green Power,c4b43e73c2b03aed375840b2,1788935041.207539,11:54:01,VWAP_REVERSION,4,LONG,False,False,False,assigned_stock_open_intraday_position_exists,0.10163,38.45347848962358,4,98.1555,38.45347848962358,99.45164506480559,1.0162601626016223,98.1555333998006,1774337.019999981,58.17547357926222,0.2,-0.08131098323742524,-0.8250334276387062,98.45463609172482,15,-0.9063444108761365,1.0,1.0162601626016223,-0.4048582995951455,0.20000000000000712,1.0162601626016223,1.757570402832017,1788935100,9.86,-0.10141987829613841,0.10141987829613841,-0.10141987829613841,0.20283975659228792,0.30425963488843744,-0.20283975659228792,0.20283975659228792,-0.20283975659228792,0.5070993914807143,0.6085192697768638,0.6085192697768749,0.6085192697768749,0.6085192697768749,0.6085192697768749,1.1156186612575891,993852
NSE_EQ|20110,Orient Green Power,e2d99595a5532ff94503e3b2,1788938475.449828,12:51:15,VWAP_REVERSION,4,LONG,False,False,False,account_analysis_capacity_in_use,0.10173,35.714847496952075,4,99.253,35.714847496952075,99.25298804780877,2.034587995930835,99.95019920318725,7076592.810000002,82.6195219123506,0.1794871794871816,0.0,-1.3052208835341443,99.95019920318725,15,-1.4056224899598457,0.6999999999999929,2.036659877800418,-1.7017017017016967,0.34693877551020125,2.545824847250509,3.624297372735868,1788938520,9.85,0.7106598984771617,0.7106598984771617,0.7106598984771617,0.8121827411167626,0.8121827411167626,-0.3045685279187804,0.3045685279187804,-0.3045685279187804,3.5532994923857864,4.060913705583746,0.6091370558375608,0.6091370558375608,0.6091370558375608,3.5532994923857864,4.060913705583746,993854
NSE_EQ|20110,Orient Green Power,09cb0613d2b098704a333856,1788938986.150072,12:59:46,VWAP_REVERSION,4,SHORT,False,False,False,maximum_concurrent_trade_slots_in_use,0.19782,36.32076941464523,4,99.1362,36.32076941464523,99.13617886178862,3.165182987141447,99.94918699186992,14613614.620000064,89.48170731707317,0.02857142857142799,0.03336696609960421,1.984796505141559,99.84756097560977,15,2.2244691607684386,0.9166666666666679,2.2749752720078997,1.9153225806451513,0.31147540983606414,3.461918892185951,2.059955139200422,1788939000,10.14,-1.183431952662728,1.183431952662728,1.183431952662728,1.183431952662728,1.2820512820512775,-2.1696252465483346,2.1696252465483346,2.1696252465483346,3.3530571992110403,3.45167652859959,-4.240631163708086,4.240631163708086,4.240631163708086,4.437869822485219,4.536489151873768,993854
NSE_EQ|20110,Orient Green Power,4b528ec3c85dc19050c9c535,1788940119.505668,13:18:39,OPENING_RANGE_ACCEPTANCE,4,LONG,False,False,False,maximum_concurrent_trade_slots_in_use,0.10111,36.50143767044363,4,96.5921,36.50143767044363,99.33875890132248,0.7077856420626925,96.59206510681587,865954.5299996138,48.16887080366226,1.0,0.0,-0.5030181086519008,97.20244150559512,15,-0.5030181086518981,0.5555555555555556,0.8088978766430744,-1.5920398009950265,0.296296296296297,2.7300303336703697,0.2310538196932779,1788940140,9.89,0.0,0.0,0.0,0.4044489383215222,0.5055611729019027,-1.6177957532861442,1.6177957532861442,-1.6177957532861442,2.1233569261880803,2.5278058645096024,-0.7077856420626971,0.7077856420626971,-0.7077856420626971,2.3255813953488413,2.7300303336703635,993855
NSE_EQ|20110,Orient Green Power,cc13f17982a624b557c6132b,1788941481.922176,13:41:21,VWAP_REVERSION,2,LONG,False,False,False,maximum_concurrent_trade_slots_in_use,0.10267,37.04188260402991,2,98.4391,37.04188260402991,99.44612286002014,0.9249743062692687,98.43907351460221,1045434.0900002122,53.02114803625378,0.09090909090909091,0.0,0.5165289256198421,97.02920443101712,15,0.5170630816959676,0.5555555555555644,0.9259259259259244,-1.619433198380571,0.3636363636363658,2.469135802469138,0.11380670402242268,1788941520,9.73,0.6166495375128367,0.6166495375128367,0.6166495375128367,0.6166495375128367,0.6166495375128367,0.30832476875641834,0.30832476875641834,0.30832476875641834,0.9249743062692772,0.9249743062692772,0.5138746145940232,0.5138746145940232,0.5138746145940232,0.9249743062692772,0.9249743062692772,993856
NSE_EQ|20110,Orient Green Power,5662bd14470dd7f10447643f,1788942029.382028,13:50:29,VWAP_REVERSION,4,LONG,False,False,False,maximum_concurrent_trade_slots_in_use,0.10215,36.73417830595858,4,98.0788,36.73417830595858,99.35960591133005,0.9193054136874348,98.07881773399015,2657052.629999995,70.39408866995073,0.0,0.0,0.2047082906857684,87.63546798029557,15,0.10235414534287557,0.09090909090908797,0.9202453987730047,1.0330578512396604,0.3571428571428567,1.6359918200409014,1.0843501227587233,1788942060,9.8,-0.5102040816326592,0.5102040816326592,-0.5102040816326592,0.5102040816326592,0.5102040816326592,-0.40816326530612734,0.40816326530612734,-0.40816326530612734,0.612244897959191,0.612244897959191,-0.20408163265307477,0.20408163265307477,-0.20408163265307477,0.612244897959191,0.612244897959191,993856
NSE_EQ|20110,Orient Green Power,9b0f12d8dc83234fdaf48c9e,1788944292.424573,14:28:12,VWAP_REVERSION,6,LONG,False,False,False,dhan_authorization_or_ip_unavailable,0.10288,33.64259231234962,6,97.4519,33.64259231234962,99.375,0.8221993833504632,97.45192307692308,3184807.839999914,71.39423076923077,0.05882352941176225,0.0,-0.5112474437627703,97.0673076923077,15,-0.4094165813715356,0.6666666666666666,0.8221993833504632,-0.5112474437627745,0.33333333333332543,1.0277492291880927,1.129905294286463,1788944340,9.72,0.0,0.0,0.0,0.2057613168724215,0.30864197530863224,-0.2057613168724437,0.2057613168724437,-0.2057613168724437,0.6172839506172867,0.92592592592593,-0.10288065843621075,0.10288065843621075,-0.10288065843621075,0.6172839506172867,0.92592592592593,993857
NSE_EQ|20110,Orient Green Power,ba257928342c0cd864531eb6,1788944996.210943,14:39:56,VWAP_REVERSION,9,LONG,False,False,False,dhan_authorization_or_ip_unavailable,0.1032,32.70141462476054,9,96.8464,32.70141462476054,99.13162705667276,0.8255933952528388,96.84643510054845,2402510.2199999094,60.46617915904936,0.16666666666666666,-0.07790114298789716,-0.2307408323207565,82.49542961608776,15,-0.30864197530865445,0.6000000000000142,0.9287925696594413,-0.8188331627430934,0.5714285714285768,1.1351909184726463,1.272502052515592,1788945000,9.69,0.20639834881321928,0.20639834881321928,0.20639834881321928,0.3095975232198178,0.515995872033026,0.10319917440659854,0.10319917440659854,0.10319917440659854,0.3095975232198178,0.515995872033026,-1.3415892672858476,1.3415892672858476,-1.3415892672858476,1.547987616099078,1.8575851393188958,993858
NSE_EQ|10768,Oriental Aromatics,10a1003752cf56b7a828a868,1788929227.901868,10:17:07,OPENING_RANGE_ACCEPTANCE,6,LONG,False,False,False,maximum_concurrent_trade_slots_in_use,0.09091,15.264512500307694,6,98.0437,15.264512500307694,98.04367606915378,1.4818181818181777,98.68061874431301,4343285.250000002,72.11101000909919,1.0,0.060401063058709833,1.4437052394235228,99.13557779799818,15,1.3287810279597467,0.7578947368421072,1.4843821145615113,0.7616076344283407,0.1800433839479395,1.766687915490401,10.24659938569548,1788929280,547.65,-0.4838856934173297,0.4838856934173297,-0.4838856934173297,0.8856021181411489,1.734684561307398,-0.27389756231169793,0.27389756231169793,-0.27389756231169793,1.0316808180407144,1.9172829361818633,-0.4199762622112635,0.4199762622112635,-0.4199762622112635,1.0316808180407144,1.9172829361818633,993849
NSE_EQ|10768,Oriental Aromatics,2d52a60159e078acc9dbf4a5,1788929544.847508,10:22:24,OPENING_RANGE_ACCEPTANCE,7,LONG,False,False,False,maximum_concurrent_trade_slots_in_use,0.06398,11.030697024259275,7,96.6359,11.030697024259275,96.63594470046083,0.9505529659080606,96.82027649769586,3241694.0000000037,67.41935483870968,1.0,0.09863878477017164,-0.6350024211338162,96.45161290322581,15,-0.37337218832528274,0.3565217391304269,1.407678244972586,0.5422295744876404,0.1375291375291408,2.230347349177339,2.7218151737177974,1788929580,545.0,0.0,0.0,0.0,0.513761467889895,0.513761467889895,0.018348623853214896,0.018348623853214896,0.018348623853214896,0.917431192660545,1.4678899082568697,0.03669724770642979,0.03669724770642979,0.03669724770642979,0.917431192660545,1.4678899082568697,993849
NSE_EQ|10768,Oriental Aromatics,f5ce6d3b5f24838a42841c11,1788929931.26635,10:28:51,OPENING_RANGE_ACCEPTANCE,9,LONG,False,False,False,maximum_concurrent_trade_slots_in_use,0.10966,11.255361048452064,9,95.7197,11.255361048452064,97.03668861712136,0.9046879283560143,95.71966133584195,358749.1499999985,25.823142050799625,0.7966101694914901,0.035351303579327524,0.6084452567076218,95.43744120413923,15,0.0,0.0,0.5137614678899,-0.03668378576670017,0.010256410256412708,1.8899082568807255,0.058517091272389916,1788929940,547.15,-0.1187974047336171,0.1187974047336171,-0.1187974047336171,0.941240975966362,1.4621219044137823,-0.16448871424654676,0.16448871424654676,-0.16448871424654676,0.941240975966362,1.4621219044137823,-0.1736269761491216,0.1736269761491216,-0.1736269761491216,0.941240975966362,1.4621219044137823,993849
NSE_EQ|10768,Oriental Aromatics,be78804659ef8179aa821125,1788933941.733239,11:35:41,VOLATILITY_IGNITION,9,LONG,False,False,False,maximum_concurrent_trade_slots_in_use,0.13816,8.911623826249677,9,96.1538,8.911623826249677,96.15384615384616,0.7644837432071432,96.15384615384616,733590.3999999985,46.2962962962963,0.9591836734694238,-0.004462492748445224,0.7000662768330306,98.62298195631529,15,0.25969207939158245,0.2372881355932174,0.6753006475485619,-0.734618916437102,0.3174603174603198,1.082331174838117,0.1802047781569966,1788933960,542.85,0.14737036013630078,0.14737036013630078,0.14737036013630078,0.5250069079856368,0.6723772681219375,-0.4697430229345212,0.4697430229345212,-0.4697430229345212,0.5250069079856368,0.6723772681219375,-0.34079395781524413,0.34079395781524413,-0.34079395781524413,0.6907985631389835,0.8381689232752842,993852
NSE_EQ|10768,Oriental Aromatics,130474aac95d3066ebd5e7ae,1788936153.913781,12:12:33,OPENING_RANGE_ACCEPTANCE,7,LONG,False,False,False,maximum_concurrent_trade_slots_in_use,0.05503,8.100635253289008,7,95.8374,8.100635253289008,95.83741429970617,0.9990834097158653,98.77571008814887,843034.049999997,48.53085210577865,0.8888888888889029,0.0,1.0091658179798253,99.46131243878551,14,,,,,,,,1788936180,546.05,0.13735005951835966,0.13735005951835966,0.13735005951835966,0.13735005951835966,0.238073436498476,0.26554344840217237,0.26554344840217237,0.26554344840217237,0.26554344840217237,0.4395201904587531,-0.17397674205658076,0.17397674205658076,-0.17397674205658076,0.6867502975917983,0.9522937459939707,993853
BSE_EQ|506590,PCBL Chemical,bb3a50b7212f52c3a4ba4e95,1788926951.328575,09:39:11,VWAP_REVERSION,9,SHORT,False,False,False,account_analysis_capacity_in_use,0.0447,15.580689496747599,9,96.883,15.580689496747599,96.88300597779676,1.6999701759618218,98.42015371477369,16682920.799999997,82.62169086251068,0.05494505494505549,-0.00916758342500083,0.654522528644882,91.50298889837745,15,1.0956025814197856,0.5748031496062974,1.6627078384798166,1.7676386161051605,0.502145922746784,2.0190023752969153,1.6721021816929458,1788927000,336.8,0.40083135391923985,0.40083135391923985,-0.40083135391923985,0.5938242280284944,0.8907363420427417,-0.1929928741092768,0.1929928741092768,0.1929928741092768,0.9501187648455978,1.5439429928740922,-0.5938242280285055,0.5938242280285055,0.5938242280285055,0.9649643705463173,1.5587885985748118,993848
BSE_EQ|506590,PCBL Chemical,5216e03a6795a6a945f9d462,1788927644.521042,09:50:44,OPENING_RANGE_ACCEPTANCE,8,LONG,True,True,True,ai_ran,0.10446,15.641794356262203,8,97.1311,15.641794356262203,97.1311475409836,1.3132368303238253,97.95081967213115,6289818.20000001,73.08743169398907,0.5454545454545149,-0.12108440988506539,-0.6783234361549015,95.21857923497268,15,-1.242052343634481,1.0,1.3924240155711864,0.466305655836341,0.12252964426877418,2.0212606677646354,0.3415510066121638,1788927660,335.0,0.4029850746268826,0.4029850746268826,0.4029850746268826,0.6716417910447747,0.970149253731345,0.29850746268655914,0.29850746268655914,0.29850746268655914,0.6865671641790971,1.1194029850746134,0.23880597014924732,0.23880597014924732,0.23880597014924732,0.6865671641790971,1.1194029850746134,993848
BSE_EQ|506590,PCBL Chemical,b7980f58f33cbd6d4d8f30e1,1788928232.408644,10:00:32,OPENING_RANGE_ACCEPTANCE,9,LONG,False,False,False,assigned_stock_open_intraday_position_exists,0.11958,14.493108110079397,9,96.4032,14.493108110079397,97.64653641207815,1.0762331838565091,96.40319715808171,5717935.149999961,72.86856127886323,0.6190476190476242,-0.09850398950523079,-0.5991359095596416,94.80461811722914,15,-0.5354752342703994,0.5624999999999778,1.076716016150747,-1.1237616442407061,0.3584905660377308,1.3907581875280326,1.1096358881512776,1788928260,334.55,0.4334180242116181,0.4334180242116181,0.4334180242116181,0.538036167986844,0.8369451502017622,0.5828725153190772,0.5828725153190772,0.5828725153190772,0.7921088028695289,1.0910177850844471,0.538036167986844,0.538036167986844,0.538036167986844,0.7921088028695289,1.0910177850844471,993849
BSE_EQ|506590,PCBL Chemical,c2642f4d61fc428768d17fc1,1788928302.034877,10:01:42,VOLATILITY_IGNITION,7,SHORT,False,False,False,assigned_stock_open_intraday_position_exists,0.10493,14.77159745049792,7,96.544,14.77159745049792,97.89048473967684,1.1242692250037476,96.54398563734291,6211003.599999979,72.84560143626571,0.8181818181817806,-0.14691060617834295,-0.9648593315625404,98.24955116696589,15,-0.5351568306823262,0.5625000000000056,1.0760723359737028,-0.8152979543433192,0.27638190954773745,1.1507995815274146,1.0282943437105054,1788928320,334.1,0.6584854833882048,0.6584854833882048,-0.6584854833882048,0.8380724334031697,0.8380724334031697,0.882969170906911,0.882969170906911,-0.882969170906911,0.9278659084106522,0.9278659084106522,0.9727626459143934,0.9727626459143934,-0.9727626459143934,0.9727626459143934,0.9727626459143934,993849
BSE_EQ|506590,PCBL Chemical,96b19a03c0d55a8874c3a040,1788930166.858814,10:32:46,VWAP_REVERSION,9,SHORT,True,True,True,ai_ran,0.11841,15.001708041992085,9,97.3884,15.001708041992085,98.43304843304843,0.9325044404973288,97.38841405508072,7095142.25,77.25546058879392,0.2830188679245368,-0.05819028222286548,0.5340974803192434,95.86894586894587,15,0.13357079252005466,0.16363636363638018,0.4742848673484579,0.16330166270783764,0.08270676691729593,0.6966058989180444,1.2973138284316224,1788930180,337.85,-0.11839573775345169,0.11839573775345169,0.11839573775345169,0.3255882788219644,0.3699866804794949,-0.8583690987124526,0.8583690987124526,0.8583690987124526,1.0951605742193449,1.1395589758768754,-0.19239307384935067,0.19239307384935067,0.19239307384935067,1.0951605742193449,1.1395589758768754,993850
BSE_EQ|506590,PCBL Chemical,edcdde94897ddab091bf6fe1,1788930787.191689,10:43:07,VOLATILITY_IGNITION,1,SHORT,False,False,False,assigned_stock_open_intraday_position_exists,0.13453,15.44885840112465,1,97.7167,15.44885840112465,98.18266542404473,0.9417040358744327,97.71668219944083,4081850.049999982,71.34203168685927,1.0,-0.05886508123381211,-0.6240327809989703,96.78471575023299,15,-0.8742035857164043,0.8805970149253787,0.9417040358744326,-0.5056513979773913,0.19318181818181665,1.3153961136023848,1.323563755254554,1788930840,334.65,0.3436426116838698,0.3436426116838698,-0.3436426116838698,0.3436426116838698,0.493052442850761,0.7619901389511519,0.7619901389511519,-0.7619901389511519,0.8964589870013473,1.0458688181682385,0.35858359480054336,0.35858359480054336,-0.35858359480054336,0.8964589870013473,1.0458688181682385,993850
BSE_EQ|506590,PCBL Chemical,4d871b4719e4084a1c810d96,1788941861.408301,13:47:41,VOLATILITY_IGNITION,4,LONG,False,False,False,maximum_concurrent_trade_slots_in_use,0.08852,11.89016986196983,4,97.55,11.89016986196983,97.55,0.8114488049572146,97.55,4383393.300000042,77.45,0.9245283018867763,-0.002427626839261514,0.8055210236268847,98.65,15,0.22341376228776078,1.0,0.22291573785109228,0.20848845867460497,0.179487179487175,0.22291573785109228,0.32102728731942215,1788941880,338.55,0.5759858218874481,0.5759858218874481,0.5759858218874481,0.8713631664451382,0.9304386353566674,-0.6202924235711227,0.6202924235711227,-0.6202924235711227,0.8713631664451382,1.5359621916999022,-0.3544528134692082,0.3544528134692082,-0.3544528134692082,0.9452075025845441,1.8165706690296823,993856
BSE_EQ|506590,PCBL Chemical,a45930cd91383a572c4bebf1,1788941862.953045,13:47:42,OPENING_RANGE_ACCEPTANCE,4,LONG,False,False,False,maximum_concurrent_trade_slots_in_use,0.07377,11.89016986196983,4,97.55,11.89016986196983,97.55,0.8114488049572146,97.55,4383393.300000042,77.45,0.9245283018867763,-0.002427626839261514,0.8055210236268847,98.65,15,0.22341376228776078,1.0,0.22291573785109228,0.20848845867460497,0.179487179487175,0.22291573785109228,0.32102728731942215,1788941880,338.55,0.5759858218874481,0.5759858218874481,0.5759858218874481,0.8713631664451382,0.9304386353566674,-0.6202924235711227,0.6202924235711227,-0.6202924235711227,0.8713631664451382,1.5359621916999022,-0.3544528134692082,0.3544528134692082,-0.3544528134692082,0.9452075025845441,1.8165706690296823,993856
BSE_EQ|506590,PCBL Chemical,7a50b3fa1607d2ce4619fb48,1788941939.21618,13:48:59,VWAP_REVERSION,6,SHORT,False,False,False,maximum_concurrent_trade_slots_in_use,0.10332,12.24905284327579,6,97.6523,12.24905284327579,97.65234765234764,0.929889298892999,98.35164835164835,9747181.100000083,87.36263736263736,0.14285714285713125,0.0,0.758477096966095,98.85114885114885,15,0.6989886972040615,1.0,0.8122876975335992,0.7589285714285854,0.4434782608695628,0.9452075025845483,20.378016085790883,1788941940,338.75,0.6789667896679008,0.6789667896679008,-0.6789667896679008,0.8118081180811698,0.9298892988929719,-0.6789667896679008,0.6789667896679008,0.6789667896679008,0.8118081180811698,1.5350553505534936,-0.36900369003689537,0.36900369003689537,0.36900369003689537,1.003690036900362,1.8154981549815319,993856
BSE_EQ|506590,PCBL Chemical,4cf407bedc7ceac417ee81e8,1788942260.182615,13:54:20,VWAP_REVERSION,4,SHORT,False,False,False,maximum_concurrent_trade_slots_in_use,0.0587,13.774808892414358,4,97.9397,13.774808892414358,97.93969849246231,0.9245670678015784,98.34170854271356,20127226.99999994,93.51758793969849,0.08571428571431355,0.0,0.5311301268810893,97.73869346733667,15,0.6789667896679008,0.8518518518518596,0.923618237795038,1.5634306134604037,0.789473684210529,1.7006304060988158,2.561068900465567,1788942300,340.7,-1.085999412973282,1.085999412973282,1.085999412973282,1.2914587613736317,1.2914587613736317,-0.7778103903727573,0.7778103903727573,0.7778103903727573,1.5702964484883952,1.5702964484883952,-1.188729087173468,1.188729087173468,1.188729087173468,1.5702964484883952,1.5702964484883952,993856
BSE_EQ|506590,PCBL Chemical,5c9db6c0a99c022c5ca86b89,1788942487.05782,13:58:07,VOLATILITY_IGNITION,4,SHORT,False,False,False,maximum_concurrent_trade_slots_in_use,0.10397,14.398689244739135,4,98.0519,14.398689244739135,98.05194805194806,1.2166172106824993,99.15084915084915,10511577.799999923,87.56243756243757,0.7142857142857375,-0.013065064018816665,-1.159955463840421,99.45054945054946,15,-0.983847283406758,0.7528089887640423,1.2160759305946975,0.2825698988697223,0.10382513661202022,1.586830787483323,0.7980260838914345,1788942540,336.3,0.0446030330062408,0.0446030330062408,-0.0446030330062408,0.4014272970561894,0.4014272970561894,0.47576568539993147,0.47576568539993147,-0.47576568539993147,0.8177222717811405,1.100208147487347,0.37169194171871034,0.37169194171871034,-0.37169194171871034,0.8177222717811405,1.100208147487347,993856
BSE_EQ|506590,PCBL Chemical,dabc1a7634e0aebb52f3b62b,1788942596.586346,13:59:56,OPENING_RANGE_ACCEPTANCE,5,LONG,False,False,False,maximum_concurrent_trade_slots_in_use,0.08902,14.446362288518552,5,97.9504,14.446362288518552,97.95042897998093,1.305637982195839,99.18970448045758,8914321.550000012,86.41563393708293,1.0,0.0,-1.0424313610336253,99.38036224976167,15,-1.392757660167132,1.0,1.4124293785310733,0.02974419988102106,0.010000000000002274,1.5908415105560578,0.7226228392669811,1788942600,337.0,-0.37091988130564246,0.37091988130564246,-0.37091988130564246,0.37091988130564246,0.5637982195845659,0.08902077151335952,0.08902077151335952,0.08902077151335952,0.6083086053412456,1.0979228486646786,0.13353115727001708,0.13353115727001708,0.13353115727001708,0.6083086053412456,1.0979228486646786,993856
BSE_EQ|506590,PCBL Chemical,e563e4cbdcceebe432babf68,1788943154.312415,14:09:14,OPENING_RANGE_ACCEPTANCE,5,LONG,False,False,False,maximum_concurrent_trade_slots_in_use,0.11819,15.073894514005252,5,97.6351,15.073894514005252,97.92471042471043,0.7105847520355225,97.63513513513513,5052019.049999982,79.48841698841699,0.6086956521738851,0.0,0.3863872789418967,95.70463320463321,15,0.22291573785109264,0.34883720930232925,0.548635824436526,-1.128866735082834,0.4723926380368139,1.6903914590747298,1.09330564326432,1788943200,338.05,-0.22186067149829736,0.22186067149829736,-0.22186067149829736,0.3253956515308465,0.3697677858305104,-0.4141399201301632,0.4141399201301632,-0.4141399201301632,0.4141399201301632,0.4585120544298271,-0.9909776660257386,0.9909776660257386,-0.9909776660257386,1.0501405117586238,1.0945126460582877,993857
BSE_EQ|506590,PCBL Chemical,ad759ba3d8819981d8b8a8be,1788944914.059504,14:38:34,OPENING_RANGE_ACCEPTANCE,9,LONG,False,False,False,dhan_authorization_or_ip_unavailable,0.08963,14.449989057874854,9,96.3861,14.449989057874854,98.21591948764868,0.8515088138631678,96.3860933211345,2668241.150000006,63.26623970722781,1.0,-0.08693873376291528,-0.5808161260085641,97.11802378774016,15,-0.6825938566552892,0.7419354838709523,0.8516360376512843,-0.8738151658767901,0.44360902255639173,1.0309278350515432,12.127573677836093,1788944940,334.95,0.13434841021047195,0.13434841021047195,0.13434841021047195,0.13434841021047195,0.2089864158829613,0.04478280340349805,0.04478280340349805,0.04478280340349805,0.40304523063143805,0.4776832363039274,0.0597104045379826,0.0597104045379826,0.0597104045379826,0.40304523063143805,0.806090461262865,993858
NSE_EQ|757955,Pashupati Cotspin,353657b9068450387f641506,1788926445.98108,09:30:45,GAP_REJECTION,6,SHORT,True,True,True,ai_ran,0.09864,18.29642839089583,6,97.3214,18.29642839089583,97.83163265306123,1.7037037037036982,97.32142857142857,1092116.8800000004,37.62755102040816,0.0,0.018767020985400038,-0.4490067259638811,81.16496598639455,15,-0.5531653349723276,0.31034482758620147,1.668726823238559,-2.1765417170495738,0.36000000000000043,3.3374536464771354,8.387373343725642,1788926460,81.1,0.7521578298397058,0.7521578298397058,-0.7521578298397058,0.7521578298397058,0.8754623921085058,0.44389642416768904,0.44389642416768904,-0.44389642416768904,0.7521578298397058,0.8754623921085058,-0.09864364981504448,0.09864364981504448,0.09864364981504448,0.7521578298397058,0.8754623921085058,993848
NSE_EQ|11445,Pilani Investment & Industries,84b7f33414c67dc2422c68b8,1788927990.721624,09:56:30,VOLATILITY_IGNITION,5,SHORT,False,False,False,margin_allocation_too_small,0.17805,16.810897435897434,5,97.6569,16.810897435897434,97.65694076038903,3.8658536585365852,99.95579133510168,20560210.2,89.61096374889478,0.7923930269413584,-0.014210601108430117,-3.5152011635974523,99.95579133510168,11,,,,,,,,1788928020,4110.0,0.6082725060827299,0.6082725060827299,-0.6082725060827299,0.6082725060827299,0.6082725060827299,0.6788321167883193,0.6788321167883193,-0.6788321167883193,0.754257907542577,0.754257907542577,-1.4622871046228725,1.4622871046228725,1.4622871046228725,1.703163017031628,2.457420924574205,993848
NSE_EQ|15716,Power & Instrumentation,e26ed90a48f910c6d3e86de3,1788929475.21698,10:21:15,OPENING_RANGE_ACCEPTANCE,6,LONG,False,False,False,maximum_concurrent_trade_slots_in_use,0.17018,8.952143160051424,6,95.4216,8.952143160051424,95.42157751586582,1.030537959723919,97.2348141432457,589257.1700000018,37.1260199456029,1.0,0.12216641780914582,0.6111669155241837,96.50951949229375,15,0.8582053971583736,0.5625000000000017,1.030537959723919,0.8293612964728192,0.285245901639344,1.2007185402287945,0.9308641975308642,1788929520,106.22,-0.7625682545659984,0.7625682545659984,-0.7625682545659984,0.9508567124835277,1.0450009414422978,-1.9958576539258144,1.9958576539258144,-1.9958576539258144,2.0900018828845734,2.1841461118433436,-0.9979288269629127,0.9979288269629127,-0.9979288269629127,2.0900018828845734,2.1841461118433436,993849
NSE_EQ|15716,Power & Instrumentation,5f751b7fa645e2b5d1d92dfb,1788929620.212893,10:23:40,VWAP_REVERSION,9,SHORT,False,False,False,maximum_concurrent_trade_slots_in_use,0.02834,8.897546548209178,9,95.6897,8.897546548209178,95.6896551724138,1.5108593012275677,99.04718693284936,321914.0,28.539019963702362,1.0,0.05968743201481201,0.9128526137517883,98.77495462794919,15,1.2776506483600292,0.8072289156626543,1.506307663340232,1.2969673850848684,0.4047619047619081,1.7134249670495134,1.201834862385321,1788929640,105.99,-1.641664307953572,1.641664307953572,1.641664307953572,1.641664307953572,1.6510991602981417,-0.8585715633550262,0.8585715633550262,0.8585715633550262,1.8775356165675938,1.8869704689121636,-0.8491367110104675,0.8491367110104675,0.8491367110104675,1.8775356165675938,1.8869704689121636,993849
NSE_EQ|15716,Power & Instrumentation,c32d4c0046b27498235993c6,1788936847.372598,12:24:07,VOLATILITY_IGNITION,7,LONG,False,False,False,maximum_concurrent_trade_slots_in_use,0.08547,6.585569630127526,7,94.2534,6.585569630127526,94.25343811394892,2.2222222222222254,99.75442043222003,980296.5799999982,50.63850687622789,1.0,0.0,2.272727272727276,99.950884086444,15,2.2727272727272707,1.0,2.2222222222222254,1.837524177949712,0.4589371980676307,2.36467236467236,4.409859441841515,1788936900,106.7,1.537019681349583,1.537019681349583,1.537019681349583,2.839737582005619,3.242736644798505,0.8341143392689876,0.8341143392689876,0.8341143392689876,2.839737582005619,3.242736644798505,0.12183692596063889,0.12183692596063889,0.12183692596063889,2.839737582005619,3.280224929709463,993853
NSE_EQ|15716,Power & Instrumentation,39c4a406b79b9a624276c77c,1788936931.866305,12:25:31,VWAP_REVERSION,8,SHORT,False,False,False,maximum_concurrent_trade_slots_in_use,0.03756,6.142144452717796,8,93.956,6.142144452717796,93.95604395604396,3.5680751173708893,99.85014985014985,1505815.509999996,58.791208791208796,0.016949152542381864,0.03706645485834958,3.360991797568835,99.85014985014985,15,3.689320388349504,1.0,3.5580524344569264,3.8708422485897787,0.7865612648221371,3.7359550561797708,5.428031496062993,1788936960,106.54,1.7458231650084421,1.7458231650084421,-1.7458231650084421,2.9941805894499796,2.9941805894499796,1.1357236718603225,1.1357236718603225,-1.1357236718603225,2.9941805894499796,2.9941805894499796,-0.06570302233903647,0.06570302233903647,0.06570302233903647,2.9941805894499796,3.2851511169513903,993853
NSE_EQ|15716,Power & Instrumentation,420e732c6c6b835c1288eb82,1788937875.479809,12:41:15,VWAP_REVERSION,10,SHORT,False,False,False,maximum_concurrent_trade_slots_in_use,0.09295,13.082327247648111,10,96.5138,13.082327247648111,97.85100286532952,0.6970908076958825,96.51384909264566,429741.6700000018,37.48806112702961,0.0,0.015204500532143688,0.049899666134529855,35.19579751671442,15,0.21391369047618625,0.45098039215686603,0.6960556844547564,1.1357236718603225,0.2322456813819556,2.9605568445475616,0.05655340605741027,1788937920,107.75,-0.46403712296984034,0.46403712296984034,0.46403712296984034,0.6682134570765608,0.6682134570765608,-0.8445475638050981,0.8445475638050981,0.8445475638050981,1.4106728538282987,1.4106728538282987,-0.4454756380510516,0.4454756380510516,0.4454756380510516,1.4106728538282987,1.4106728538282987,993854
NSE_EQ|15716,Power & Instrumentation,1dccf8608ac01f74ff3da999,1788938700.232113,12:55:00,OPENING_RANGE_ACCEPTANCE,9,LONG,False,False,False,maximum_concurrent_trade_slots_in_use,0.15913,8.290855031182108,9,95.6628,8.290855031182108,95.66276803118909,0.6926893194795422,97.31968810916179,79863.18999999762,15.058479532163743,1.0,-0.021846385713813338,-0.10903143049633957,63.40155945419104,15,-0.13087781621015093,0.10447761194029978,0.6926893194795422,-0.7063853517984997,0.2171428571428595,1.4228213048769036,0.3551847437425506,1788938760,106.47,0.018784634169244363,0.018784634169244363,0.018784634169244363,0.34751573213112064,0.34751573213112064,0.5165774396543643,0.5165774396543643,0.5165774396543643,1.2022165868319723,1.2022165868319723,0.911054757208607,0.911054757208607,0.911054757208607,1.2210012210012167,1.2210012210012167,993854
NSE_EQ|15716,Power & Instrumentation,c6506045ad166b2f566ede38,1788940668.862076,13:27:48,OPENING_RANGE_ACCEPTANCE,9,LONG,False,False,False,maximum_concurrent_trade_slots_in_use,0.02791,10.176802904701091,9,96.0618,10.176802904701091,97.15852442671984,0.6418604651162769,96.061814556331,174098.51000000164,24.875373878364908,1.0,0.0,-0.18570102135562008,85.09471585244268,15,-0.24141132776230867,0.4062500000000076,0.6422189128816063,0.15847860538826808,0.10059171597633335,0.716679076693965,0.0861920358558869,1788940680,107.51,0.2232350479025147,0.2232350479025147,0.2232350479025147,0.4650730164635797,0.6883080643660944,-0.14882336526835793,0.14882336526835793,-0.14882336526835793,0.4650730164635797,0.6883080643660944,0.1953306669147059,0.1953306669147059,0.1953306669147059,0.5487861594270171,1.0138591758905968,993855
NSE_EQ|15716,Power & Instrumentation,0b6e7b913e54b88da0a41233,1788940989.092876,13:33:09,VWAP_REVERSION,8,SHORT,False,False,False,maximum_concurrent_trade_slots_in_use,0.12078,8.093877512711096,8,95.8419,8.093877512711096,95.84188911704312,0.6875406485180664,96.04722792607802,121695.78000000492,19.661190965092405,0.3157894736842263,0.0,0.11161752395125137,69.14784394250513,15,0.2232350479025147,0.19354838709677086,0.6867749419953548,0.3913165005124508,0.17647058823529624,0.6867749419953548,0.5306546588153793,1788941040,107.74,-0.20419528494524108,0.20419528494524108,0.20419528494524108,0.491925004640803,0.491925004640803,-0.14850566177835312,0.14850566177835312,0.14850566177835312,0.6775570818637333,0.6775570818637333,-0.4826434007796476,0.4826434007796476,0.4826434007796476,0.6775570818637333,1.011694820865039,993856
NSE_EQ|15716,Power & Instrumentation,0c47a0594aaba5c2a683d66d,1788943429.627627,14:13:49,OPENING_RANGE_ACCEPTANCE,9,LONG,False,False,False,maximum_concurrent_trade_slots_in_use,0.12941,6.553339207702502,9,95.3544,6.553339207702502,95.3544061302682,0.6008504344610887,95.64176245210729,254281.8500000015,27.729885057471265,1.0,-0.0471702222318678,0.2138368888985408,86.63793103448276,15,0.0,0.0,0.44444444444444814,0.0926784059314123,0.040983606557374756,0.7314814814814873,1.762998152546846,1788943440,108.18,-0.5361434645960506,0.5361434645960506,-0.5361434645960506,0.5361434645960506,0.5361434645960506,0.09243852837861333,0.09243852837861333,0.09243852837861333,0.5361434645960506,0.7764836383804763,-0.5361434645960506,0.5361434645960506,-0.5361434645960506,0.6008504344610865,0.8411906082455123,993857
NSE_EQ|764121,RIR Power Electronics,ada6d74e04377e0b7088aebb,1788938214.21801,12:46:54,VWAP_REVERSION,8,SHORT,False,False,False,maximum_concurrent_trade_slots_in_use,0.01574,9.771737888432156,8,96.6567,9.771737888432156,96.6566866267465,1.3119227539882452,98.95209580838323,15982060.240000024,89.47105788423154,0.003952569169957011,0.010901569721647367,0.7079144979316369,98.65269461077844,15,1.35335951597495,1.0,1.4347803319893224,2.9765435427338893,0.8165680473372773,2.890506362255857,2.9327298161016273,1788938220,190.7,-0.7865757734661805,0.7865757734661805,0.7865757734661805,0.8337703198741386,0.991085474567377,-0.1730466701625466,0.1730466701625466,0.1730466701625466,1.0487676979548999,1.4682747771368687,-1.5154693235448269,1.5154693235448269,1.5154693235448269,1.5312008390141574,1.9507079181961262,993854
NSE_EQ|764121,RIR Power Electronics,79c3b86c29332344a4f5d439,1788938899.514109,12:58:19,OPENING_RANGE_ACCEPTANCE,6,LONG,False,False,False,maximum_concurrent_trade_slots_in_use,0.10995,11.123346847106303,6,96.789,11.123346847106303,96.78899082568807,1.2041884816753987,99.64322120285422,6624474.63000001,81.60040774719674,0.5522388059701585,0.010039824637735749,0.9947195619302207,99.43934760448522,15,0.4440919904837415,0.6363636363636286,0.6842465392915477,0.5238095238095264,0.17584369449378506,1.2105900310542719,0.268032733508433,1788938940,191.1,-0.6959706959706824,0.6959706959706824,-0.6959706959706824,0.8110936682365177,1.0204081632653073,-1.3814756671899464,1.3814756671899464,-1.3814756671899464,1.5436944008372477,1.7530088958660373,-2.443746729461005,2.443746729461005,-2.443746729461005,2.6530612244897944,2.862375719518584,993854
NSE_EQ|764121,RIR Power Electronics,bf81c218ea5c376985f85464,1788938998.17735,12:59:58,VWAP_REVERSION,7,SHORT,False,False,False,maximum_concurrent_trade_slots_in_use,0.12056,11.255802050258119,7,96.8373,11.255802050258119,96.83734939759037,1.0431409550767987,99.04618473895582,5189359.409999996,78.66465863453816,0.1780821917808182,0.03844750284319862,0.3721004207317269,93.42369477911646,15,0.9405548216644632,0.7876106194690203,1.2197037114589249,1.0794221916503366,0.3063063063063053,1.4081557870491535,0.49932865070433463,1788939000,190.86,-0.5815781200880332,0.5815781200880332,0.5815781200880332,0.7125641831709162,0.7125641831709162,-1.4984805616682473,1.4984805616682473,1.4984805616682473,1.4984805616682473,1.4984805616682473,-2.67211568689093,2.67211568689093,2.67211568689093,2.67211568689093,2.67211568689093,993854
NSE_EQ|764121,RIR Power Electronics,f435e3d693eefdf27e1e70a9,1788945712.253303,14:51:52,VOLATILITY_IGNITION,6,LONG,False,False,False,dhan_authorization_or_ip_unavailable,0.1179,10.019982604032322,6,96.7931,10.019982604032322,97.15447154471545,0.85744908896034,96.79313459801264,1276054.1899999976,48.554652213188795,0.8970588235293832,0.021979954281695094,0.7775014631772449,98.32881662149956,15,0.037774539960055975,0.06086956521738357,0.3344481605351195,-0.2689907467183117,0.17361111111111138,0.7012622720897523,0.20161145926589075,1788945720,186.6,0.5573419078242159,0.5573419078242159,0.5573419078242159,0.5573419078242159,0.6109324758842294,-0.36441586280815397,0.36441586280815397,-0.36441586280815397,0.9860664523043905,1.7041800643086802,-0.8199356913183298,0.8199356913183298,-0.8199356913183298,1.3719185423365476,2.357984994640938,993858
NSE_EQ|8119,RPSG Ventures,3b1fb9c0bb5e1c70b8a1d7cb,1788928324.555298,10:02:04,VWAP_REVERSION,6,SHORT,False,False,False,maximum_concurrent_trade_slots_in_use,0.03429,14.510229241120616,6,97.5941,14.510229241120616,97.59405074365705,2.423272561010464,99.86876640419948,16344475.34999999,85.87051618547682,0.07519446845289549,-0.14443607133887099,0.6268342795741028,95.40682414698163,15,0.48239820823523516,0.13953488372093217,2.423272561010464,3.7843288451272272,0.41973684210526224,5.532376978910681,1.9345454545454543,1788928380,869.45,-0.8683650583702462,0.8683650583702462,0.8683650583702462,1.2306630628558302,1.408936684110651,-1.4319397320144978,1.4319397320144978,1.4319397320144978,2.1047788832020298,2.2830525044568506,1.2824199206394882,1.2824199206394882,-1.2824199206394882,2.1047788832020298,3.749496808327113,993849
NSE_EQ|8119,RPSG Ventures,ab62e589a23128cc4d00e027,1788928781.474218,10:09:41,VOLATILITY_IGNITION,7,SHORT,False,False,False,account_analysis_capacity_in_use,0.169,16.621074922232776,7,97.828,16.621074922232776,97.82801418439716,1.3869463869463843,98.62588652482269,5898258.5500000045,74.86702127659575,1.0,-0.02582666820490937,-0.7834218867083853,97.82801418439716,15,-0.36321706543672727,0.4117647058823512,1.290359912047214,0.17969972755202956,0.027264731750221066,3.4371021872468517,0.3704956752098561,1788928800,855.1,0.21634896503333056,0.21634896503333056,-0.21634896503333056,0.6198105484738647,1.0817448251666528,2.7949947374576123,2.7949947374576123,-2.7949947374576123,3.35048532335398,3.812419600046768,2.6780493509531045,2.6780493509531045,-2.6780493509531045,3.35048532335398,3.812419600046768,993849
NSE_EQ|8119,RPSG Ventures,0a085717cbef5417e58afcd4,1788929793.706696,10:26:33,VWAP_REVERSION,2,SHORT,False,False,False,maximum_concurrent_trade_slots_in_use,0.12476,19.432132141801215,2,98.8458,19.432132141801215,98.84579870729455,2.8240898264715866,99.95383194829178,18948752.049999923,87.30378578024008,0.051987767584098454,0.0,2.6605344355824676,99.95383194829178,15,2.8934039704255676,0.9613152804642167,2.817698313907432,3.82423779592318,0.6932907348242836,3.689034740296483,4.775647852325168,1788929820,880.75,-0.02270791938688843,0.02270791938688843,0.02270791938688843,0.6301447629860846,0.7493613397672405,-0.2668180527959141,0.2668180527959141,0.2668180527959141,0.6301447629860846,0.7493613397672405,-0.2554640931024643,0.2554640931024643,0.2554640931024643,0.6414987226795343,0.7607152994606903,993849
NSE_EQ|8119,RPSG Ventures,39a83789806023742fa71961,1788933689.898636,11:31:29,VWAP_REVERSION,1,SHORT,False,False,False,maximum_concurrent_trade_slots_in_use,0.13675,15.195566269648605,1,98.4995,15.195566269648605,98.49951597289449,1.0256410256410255,98.49951597289449,2447054.950000033,67.0377541142304,0.21874999999999722,0.006601095781899795,0.6934218557902855,97.72507260406583,15,0.8480403392161273,0.49006622516556064,1.0227272727272727,0.7383664358079134,0.3385826771653575,1.0227272727272727,0.8853299167200512,1788933720,877.5,-0.2849002849002802,0.2849002849002802,0.2849002849002802,0.34188034188034067,0.38176638176639077,-0.3760683760683725,0.3760683760683725,0.3760683760683725,0.3760683760683725,0.4159544159544226,-0.39886039886040114,0.39886039886040114,0.39886039886040114,0.6039886039886033,0.6438746438746534,993852
NSE_EQ|8119,RPSG Ventures,ab4d5d846d4850c45d030ef6,1788944641.422931,14:34:01,VOLATILITY_IGNITION,3,SHORT,False,False,False,dhan_authorization_or_ip_unavailable,0.15639,8.154261489685721,3,96.5278,8.154261489685721,96.52777777777779,0.7993512511584774,97.17592592592592,487462.84999999404,38.75,0.9555555555555455,-0.033357624417132706,-0.7482515709851608,98.56481481481481,15,-0.7816091954022886,1.0,0.7993512511584774,-1.1112384007331833,0.6423841059602594,1.1353104726598648,0.6022949902043101,1788944700,863.0,0.4229432213209705,0.4229432213209705,-0.4229432213209705,0.4634994206257348,0.4634994206257348,0.17960602549247362,0.17960602549247362,-0.17960602549247362,0.5446118192352412,0.7068366164542428,0.2317497103128563,0.2317497103128563,-0.2317497103128563,0.5446118192352412,0.7068366164542428,993858
NSE_EQ|10343,Radhika Jeweltech,4ff69f0627c9685373b9c944,1788926632.678822,09:33:52,VWAP_REVERSION,7,SHORT,True,True,False,ai_ran,0.08874,22.813381455973282,7,98.2538,22.813381455973282,98.25383304940375,3.5920177383591962,99.70187393526405,41817331.86,91.01362862010221,0.22118380062305684,0.019084880394831822,3.066629405319457,99.78705281090289,15,2.9919447640966546,0.9420289855072377,3.2067039106145145,4.324513346543868,0.673321234119777,4.972067039106133,2.1111060056058446,1788926640,90.25,0.9750692520775539,0.9750692520775539,-0.9750692520775539,1.8171745152354646,2.504155124653751,-0.5761772853185576,0.5761772853185576,0.5761772853185576,1.8171745152354646,2.8698060941828363,-0.9307479224376802,0.9307479224376802,0.9307479224376802,1.8171745152354646,3.5678670360110853,993848
NSE_EQ|10343,Radhika Jeweltech,28d1c3c461d9ff184ecc3714,1788926974.40827,09:39:34,VWAP_REVERSION,1,SHORT,False,False,False,account_analysis_capacity_in_use,0.07708,34.499423061241046,1,98.9073,34.499423061241046,98.90734265734265,2.4331168116261077,99.08216783216784,75008125.81999996,95.06118881118881,0.12222222222222565,0.016924598056634065,0.46985491295121823,85.88286713286713,15,0.9750692520775539,0.3464566929133851,2.4799736639964944,6.435412286848852,0.7128072445019377,7.08877427850323,2.1677021064367192,1788927000,90.62,-0.4303685720591477,0.4303685720591477,0.4303685720591477,0.6400353122930857,1.2359302582211407,-1.5007724564113922,1.5007724564113922,1.5007724564113922,2.1518428602957385,2.791878172588824,-0.8165967777532646,0.8165967777532646,0.8165967777532646,2.1518428602957385,2.791878172588824,993848
NSE_EQ|10343,Radhika Jeweltech,75e608e422c657b39727ccd5,1788927299.520771,09:44:59,VWAP_REVERSION,7,SHORT,False,False,False,maximum_concurrent_trade_slots_in_use,0.09975,34.310072492387214,7,96.8722,34.310072492387214,99.13871260199456,1.1426669625027748,96.87216681776972,22983166.149999946,88.71260199456029,0.2191235059760866,-0.032961599736308446,-0.5186712334499228,90.34451495920217,15,-0.4828267310435619,0.3606557377049165,0.9152056456059083,3.6575608640987634,0.47197640117994033,5.061197485941122,0.43229966226588884,1788927300,90.23,-0.8090435553585351,0.8090435553585351,0.8090435553585351,1.030699323949913,1.329934611548278,-0.8090435553585351,0.8090435553585351,0.8090435553585351,1.7289149950127425,2.0281502826111075,-0.06649673057741445,0.06649673057741445,0.06649673057741445,1.7289149950127425,2.0281502826111075,993848
NSE_EQ|10343,Radhika Jeweltech,e21fe7ffe6d9d705038f78da,1788930562.582981,10:39:22,VWAP_REVERSION,2,LONG,False,False,False,maximum_concurrent_trade_slots_in_use,0.04542,23.521002892404486,2,98.9352,23.521002892404486,98.93518518518518,1.8023124008161453,99.39814814814815,14444010.170000255,88.56481481481482,0.08196721311475409,-0.11072445705696446,-1.1208026365390884,98.93518518518518,15,-1.5993736718487805,1.0,1.8526937940440957,-1.8409014838781546,0.492537313432832,2.421004773812225,1.9878997577974395,1788930600,88.25,-0.11331444759206111,0.11331444759206111,-0.11331444759206111,0.5552407932011283,0.6345609065155688,0.7818696883852727,0.7818696883852727,0.7818696883852727,1.1558073654390988,1.711048158640227,0.3399433427762055,0.3399433427762055,0.3399433427762055,1.1558073654390988,1.711048158640227,993850
NSE_EQ|10343,Radhika Jeweltech,6a698a4ae6850d877b91af33,1788931010.426782,10:46:50,VWAP_REVERSION,5,LONG,False,False,False,maximum_concurrent_trade_slots_in_use,0.06772,23.3433143062336,5,97.8531,23.3433143062336,98.80725190839695,1.1173814898419807,97.8530534351145,7486954.430000067,81.91793893129771,0.46874999999998473,0.08827983528594842,0.5363652527322198,95.27671755725191,15,0.01134816159780172,0.016393442622935545,0.6354249404288983,-1.1995515695067294,0.32923076923077005,1.9857029388403495,0.542811560980143,1788931020,88.6,0.5191873589164953,0.5191873589164953,0.5191873589164953,0.7336343115124322,0.9255079006772027,-0.2821670428893919,0.2821670428893919,-0.2821670428893919,0.7562076749435764,1.2528216704289052,0.0,0.0,0.0,0.7562076749435764,1.2528216704289052,993850
NSE_EQ|10343,Radhika Jeweltech,5b874570c69639db8fdcb802,1788931933.161959,11:02:13,VWAP_REVERSION,8,LONG,True,True,True,ai_ran,0.10182,22.95751210698966,8,95.8492,22.95751210698966,98.7118320610687,0.7806312931327047,95.84923664122137,2481028.1399998665,64.16984732824427,0.2473118279569955,0.029099966365472615,-0.524428121268093,95.37213740458014,15,-0.5403579871665065,1.0,0.7809847198641741,-0.2821670428893919,0.13661202185792468,1.2563667232597617,0.7140807403319608,1788931980,88.51,0.2372613264037815,0.2372613264037815,0.2372613264037815,0.3841373856061425,0.5649079200090501,0.10168342560161747,0.10168342560161747,0.10168342560161747,0.5084171280081318,0.6891876624110393,-0.5310134448084924,0.5310134448084924,-0.5310134448084924,0.564907920009039,1.0733250480171708,993851
NSE_EQ|10343,Radhika Jeweltech,11f4be8607d431b173f5a907,1788934852.181534,11:50:52,OPENING_RANGE_ACCEPTANCE,8,LONG,False,False,False,assigned_stock_open_intraday_position_exists,0.16843,17.56153688432529,8,96.2452,17.56153688432529,98.33650190114068,0.7286178679520298,96.24524714828897,6676825.530000091,80.37072243346007,0.6190476190476384,-0.05518202733244935,0.7436696119825617,98.81178707224335,15,0.32705537385810945,0.568627450980355,0.7306654676259057,0.9761634506242789,0.5810810810810791,1.292715827338136,9.641915396177795,1788934860,89.06,0.07859869750728166,0.07859869750728166,0.07859869750728166,0.38176510217831083,0.44913541432742843,-0.5838760386256414,0.5838760386256414,-0.5838760386256414,0.8533572872221007,1.2351223894004115,-0.5726476532674663,0.5726476532674663,-0.5726476532674663,0.8533572872221007,1.2351223894004115,993852
NSE_EQ|10343,Radhika Jeweltech,d9dc9f5cf951037d3994b7d7,1788936061.227536,12:11:01,OPENING_RANGE_ACCEPTANCE,5,LONG,False,False,False,maximum_concurrent_trade_slots_in_use,0.1236,17.375838153205788,5,97.0821,17.375838153205788,98.76360039564787,0.7078651685393208,97.08209693372898,2102287.4399999976,63.847675568743824,0.8596491228070403,-0.009697126418195921,0.48384478954757243,96.98318496538081,15,0.6104453990504188,0.5869565217391362,0.7078651685393207,-0.1458543700213144,0.047970479704794726,0.9325842696629194,1.1755597619413038,1788936120,88.65,-0.07896221094191302,0.07896221094191302,-0.07896221094191302,0.3948110547095318,0.5188945290468094,0.28200789622110367,0.28200789622110367,0.28200789622110367,0.3948110547095318,0.6204173716864103,0.16920473773265332,0.16920473773265332,0.16920473773265332,0.3948110547095318,0.6204173716864103,993853
NSE_EQ|10343,Radhika Jeweltech,d722535eaa93b4a738867428,1788941615.028326,13:43:35,VWAP_REVERSION,10,LONG,False,False,False,maximum_concurrent_trade_slots_in_use,0.05677,13.512506882050674,10,96.1577,13.512506882050674,97.95409181636727,0.5905064728594257,96.15768463073853,3114075.0600000024,71.50698602794411,0.3000000000000142,0.0,-0.38461538461538847,95.65868263473054,15,-0.44137618832050807,0.6842105263157816,0.5911106058883827,-0.8229988726042858,0.370558375634512,1.0458110719563507,4.275610787598816,1788941640,88.19,0.022678308198198494,0.022678308198198494,0.022678308198198494,0.17008731148657752,0.22678308198209596,-0.04535661639640809,0.04535661639640809,-0.04535661639640809,0.4762444721623793,0.6463317836489568,0.04535661639641919,0.04535661639641919,0.04535661639641919,0.4762444721623793,0.7597233246399937,993856
NSE_EQ|10343,Radhika Jeweltech,881540fb9547303f41f5fff4,1788944485.967934,14:31:25,VWAP_REVERSION,3,LONG,False,False,False,dhan_authorization_or_ip_unavailable,0.04579,13.265386564979364,3,97.9963,13.265386564979364,97.99627213420317,1.1219232970807145,98.928238583411,8178898.099999964,82.89841565703635,0.17073170731708162,-0.018944775978020294,-0.7196915876583498,98.64864864864865,15,-0.7386363636363691,1.0,1.1219232970807145,-1.1877828054298822,0.6774193548387245,1.5798511734401943,6.03528775331863,1788944520,87.35,0.9502003434459283,0.9502003434459283,0.9502003434459283,1.0646823125357807,1.110475100171715,1.1448196908986796,1.1448196908986796,1.1448196908986796,1.6370921579851316,1.682884945621066,1.5455065827132408,1.5455065827132408,1.5455065827132408,2.014882655981687,2.060675443617621,993858
NSE_EQ|10343,Radhika Jeweltech,042c1747890a9e36c3aecc69,1788944792.029538,14:36:32,VWAP_REVERSION,5,LONG,False,False,False,dhan_authorization_or_ip_unavailable,0.12484,13.438988675814464,5,97.2836,13.438988675814464,97.92817679558011,0.8858603066439535,97.28360957642725,9862889.360000014,83.5635359116022,0.2873563218390883,-0.05085772439587463,0.8522315080249564,98.48066298342542,15,0.492272467086452,0.9555555555555345,0.6151742993848166,-0.3971405877680634,0.24137931034482082,1.2645249487354744,0.7894578878259239,1788944820,88.18,0.3855749603084435,0.3855749603084435,0.3855749603084435,0.5783624404626764,0.6577455205261873,0.6804264005443317,0.6804264005443317,0.6804264005443317,0.8505330006804313,0.9299160807439422,-0.9525969607620866,0.9525969607620866,-0.9525969607620866,1.0546609208437197,2.007257881605806,993858
BSE_EQ|531233,Rasi Electrodes,81c7ee8666a1403c71661461,1788928632.602471,10:07:12,VOLATILITY_IGNITION,2,LONG,False,False,False,maximum_concurrent_trade_slots_in_use,0.1548,67.36367196499285,2,99.5154,67.36367196499285,99.51541850220265,5.332302936630599,99.95594713656388,243853.99000000022,19.60352422907489,0.7000000000000026,0.0,1.8897637795275608,99.86784140969162,15,1.8897637795275646,0.7499999999999959,5.332302936630598,4.019292604501601,0.6578947368421039,5.332302936630598,0.2014741387018893,1788928680,12.94,-0.695517774343124,0.695517774343124,-0.695517774343124,1.1591962905718733,1.1591962905718733,4.404945904173108,4.404945904173108,4.404945904173108,5.873261205564151,7.032457496136024,7.959814528593512,7.959814528593512,7.959814528593512,7.959814528593512,9.119010819165386,993849
BSE_EQ|531233,Rasi Electrodes,98f853bdf27e3a3f0503f529,1788928638.90678,10:07:18,OPENING_RANGE_ACCEPTANCE,1,LONG,False,False,False,maximum_concurrent_trade_slots_in_use,0.1548,69.52728911194666,1,99.6025,69.52728911194666,99.60247349823321,5.332302936630599,99.95583038869258,292644.2300000002,20.980565371024735,0.5833333333333364,0.005257767297594506,1.8845060122299664,99.86749116607774,15,1.8897637795275646,0.7499999999999959,5.332302936630598,4.019292604501601,0.6578947368421039,5.332302936630598,0.2014741387018893,1788928680,12.94,-0.695517774343124,0.695517774343124,-0.695517774343124,1.1591962905718733,1.1591962905718733,4.404945904173108,4.404945904173108,4.404945904173108,5.873261205564151,7.032457496136024,7.959814528593512,7.959814528593512,7.959814528593512,7.959814528593512,9.119010819165386,993849
BSE_EQ|531233,Rasi Electrodes,afce0a4cd8140174d8e5f399,1788929045.224233,10:14:05,OPENING_RANGE_ACCEPTANCE,8,LONG,False,False,False,account_analysis_capacity_in_use,0.1548,60.957062664936174,8,96.8115,60.957062664936174,99.3992606284658,1.0077519379845021,96.81146025878003,105839.1000000001,11.876155268022181,1.0,0.006585013167654476,0.8534618984820813,97.82809611829944,15,0.8600469116497367,0.4400000000000017,1.0077519379845021,1.17647058823529,0.19480519480519404,5.348837209302321,0.6615447191214353,1788929100,12.98,4.391371340523875,4.391371340523875,4.391371340523875,4.391371340523875,4.391371340523875,5.161787365177184,5.161787365177184,5.161787365177184,5.546995377503849,5.546995377503849,3.6209553158705665,3.6209553158705665,3.6209553158705665,7.6271186440677985,7.6271186440677985,993849
BSE_EQ|531233,Rasi Electrodes,536da5253d2fa42ed65d1ba3,1788931150.798375,10:49:10,VOLATILITY_IGNITION,1,SHORT,True,True,False,ai_ran,0.07628,70.15923477282318,1,99.4712,70.15923477282318,99.47115384615385,4.805491990846688,99.95192307692308,82248.75999999978,10.432692307692308,1.0,0.13841913158271743,-3.4570032023791857,99.85576923076923,15,-3.3898305084745783,0.638888888888888,4.805491990846688,-4.236669101533963,0.2788461538461534,7.246376811594212,0.3298470692139637,1788931200,12.99,2.386451116243271,2.386451116243271,-2.386451116243271,3.9260969976905313,5.465742879137803,3.4642032332563355,3.4642032332563355,-3.4642032332563355,3.9260969976905313,5.465742879137803,0.07698229407235857,0.07698229407235857,-0.07698229407235857,3.9260969976905313,5.465742879137803,993850
NSE_EQ|2859,Raymond,4b9ccde2ba958d8dfe0c620c,1788925564.959144,09:16:04,GAP_REJECTION,6,LONG,True,False,False,ai_ran,0.12247,64.72948393640357,6,98.3796,64.72948393640357,98.37962962962963,2.7801592161665702,98.37962962962963,149251334.50000003,96.83641975308642,0.21595836947094496,0.0,-2.0983213429256597,98.53395061728395,2,,,,,,,,1788925620,808.5,-0.5627705627705537,0.5627705627705537,-0.5627705627705537,0.6555349412492251,0.9647495361781,-1.3605442176870763,1.3605442176870763,-1.3605442176870763,1.6326530612244983,1.9418676561533732,-2.826221397649975,2.826221397649975,-2.826221397649975,3.110698824984537,3.419913419913412,993847
NSE_EQ|2859,Raymond,7e0218d526f33b3255009df7,1788926791.348063,09:36:31,VWAP_REVERSION,6,LONG,False,False,False,account_analysis_capacity_in_use,0.02543,22.12006299632012,6,97.6536,22.12006299632012,97.73890784982935,1.6329902147668094,97.65358361774744,185952031.1499995,98.080204778157,0.15789473684210617,-0.10251593395645553,-1.096554943060315,97.65358361774744,15,-1.3434616108983666,0.8359375000000066,1.622653515749284,-2.379177537582311,0.5371669004207571,2.8635062042634427,1.1800074625539703,1788926820,787.45,-0.07619531398819213,0.07619531398819213,-0.07619531398819213,0.5206679789192981,0.9397422058543325,-0.4381230554320936,0.4381230554320936,-0.4381230554320936,0.723855482887803,1.1429297098228375,-0.16508984697441997,0.16508984697441997,-0.16508984697441997,0.723855482887803,1.1429297098228375,993848
NSE_EQ|2859,Raymond,a88c8ddb407eb75130ebba70,1788928828.008678,10:10:28,VWAP_REVERSION,4,LONG,False,False,False,account_analysis_capacity_in_use,0.05799,18.271049617476532,4,98.2385,18.271049617476532,98.23848238482384,1.6738556621386724,99.59349593495935,135586237.54999995,98.23848238482384,0.02564102564102863,-0.0522830254443978,-1.193822893558726,99.77416440831075,15,-1.3498885705189423,0.8479999999999941,1.6781772413347964,-1.0600932371160443,0.35930735930735835,1.9234492996837254,3.7439124039875797,1788928860,778.4,0.35328879753340203,0.35328879753340203,0.35328879753340203,0.37255909558067124,0.5781089414182872,1.9976875642343295,1.9976875642343295,1.9976875642343295,2.261048304213764,2.46659815005138,3.809095580678301,3.809095580678301,3.809095580678301,4.342240493319638,4.547790339157254,993849
NSE_EQ|2859,Raymond,a17617105a768ae2292d6ebe,1788930384.77088,10:36:24,VWAP_REVERSION,2,SHORT,False,False,False,maximum_concurrent_trade_slots_in_use,0.06185,22.913600477837697,2,98.4945,22.913600477837697,99.0419708029197,1.1807616221562895,98.49452554744525,213996219.55000114,99.49817518248175,0.04035874439461687,-0.09611055427527612,0.8560457729123646,98.40328467153284,15,0.9282910722073545,0.5228070175438628,1.2716049382716132,3.514376996805102,0.6723716381418116,3.913580246913586,0.5582035658512312,1788930420,809.25,-0.11739264751313705,0.11739264751313705,0.11739264751313705,0.2780352177942591,0.43867778807538116,-0.6549274019153506,0.6549274019153506,0.6549274019153506,0.8093914118010415,0.9700339820821635,-0.01853568118628246,0.01853568118628246,0.01853568118628246,1.0132839048501707,1.22335495829472,993850
NSE_EQ|2859,Raymond,b3514cd8a45811b03ae49929,1788940673.122321,13:27:53,VOLATILITY_IGNITION,4,SHORT,False,False,False,maximum_concurrent_trade_slots_in_use,0.06918,12.11663852867055,4,97.75,12.11663852867055,97.75,1.1150308680861671,98.95,34958960.05000162,96.05,0.6987447698744933,0.0,-1.0472509662136862,99.25,15,-0.0810271752680225,0.39393939393942734,0.14347202295552083,-0.11838006230530107,0.3454545454545334,0.21208907741251895,0.6589085236951748,1788940680,795.5,-0.993086109365171,0.993086109365171,0.993086109365171,1.0936517913262112,1.0936517913262112,-0.5782526712759251,0.5782526712759251,0.5782526712759251,1.0936517913262112,1.0936517913262112,-0.6285355122564451,0.6285355122564451,0.6285355122564451,1.0936517913262112,1.0936517913262112,993855
NSE_EQ|25073,Raymond Lifestyle,a221f5ac349273d0fa135cac,1788925558.559937,09:15:58,GAP_REJECTION,10,SHORT,True,True,False,ai_ran,0.07618,143.97356645996814,10,96.1664,143.97356645996814,98.61337683523655,1.8689655172413733,96.16639477977161,62490039.649999976,92.74061990212071,0.06038647342995189,0.04536176003628941,0.649082684408155,78.54812398042415,1,,,,,,,,1788925560,727.85,-1.7586041079892922,1.7586041079892922,1.7586041079892922,2.3219069863296027,2.61729752009342,-2.8714707700762454,2.8714707700762454,2.8714707700762454,3.572164594353233,3.8675551281170506,-3.7919901078518947,3.7919901078518947,3.7919901078518947,4.375901628082712,4.671292161846529,993847
NSE_EQ|25073,Raymond Lifestyle,11dbab49a507e8e21282359a,1788925982.222678,09:23:02,GAP_REJECTION,5,SHORT,False,False,False,account_analysis_capacity_in_use,0.06357,43.90947707380183,5,97.6339,43.90947707380183,98.4375,2.149321266968316,97.63392857142857,55581095.099999964,90.49107142857142,0.37104072398188936,-0.08118287644680426,-0.8573239172217674,89.59821428571428,9,-0.8334500630340247,0.4741035856573711,2.1470442827883227,,,,,1788926040,706.95,-0.5375203338284229,0.5375203338284229,0.5375203338284229,0.7214088690855158,0.9052974043425976,0.00707263597141683,0.00707263597141683,-0.00707263597141683,0.7214088690855158,1.145767027371103,-1.2872197467996394,1.2872197467996394,1.2872197467996394,1.5489072777424173,1.9732654360280044,993847
NSE_EQ|25073,Raymond Lifestyle,d8e54f9868e85d870f586cc2,1788926005.310771,09:23:25,VWAP_REVERSION,6,LONG,False,False,False,account_analysis_capacity_in_use,0.07778,42.038065057546376,6,97.5577,42.038065057546376,98.00177619893428,2.1496252298118983,97.55772646536413,48237090.64999995,89.92007104795738,0.25194805194804865,-0.1327582208617468,-1.604317932556819,97.55772646536413,9,-0.8334500630340247,0.4741035856573711,2.1470442827883227,,,,,1788926040,706.95,-0.5375203338284229,0.5375203338284229,-0.5375203338284229,0.7214088690855158,0.9052974043425976,0.00707263597141683,0.00707263597141683,0.00707263597141683,0.7214088690855158,1.145767027371103,-1.2872197467996394,1.2872197467996394,-1.2872197467996394,1.5489072777424173,1.9732654360280044,993847
NSE_EQ|25073,Raymond Lifestyle,07761049e8dcdd1d08fa6255,1788927130.556715,09:42:10,VWAP_REVERSION,6,LONG,False,False,False,account_analysis_capacity_in_use,0.0499,30.20967377055341,6,97.4191,30.20967377055341,98.55643044619423,1.4185913886512753,97.41907261592301,27224577.69999981,89.28258967629047,0.03571428571428318,0.07763975155278746,-1.002846333938559,97.76902887139107,15,-0.8709197762514997,0.4785992217898806,1.421428571428578,-0.913015783141069,0.21901528013582294,1.421428571428578,1.9353021112989293,1788927180,700.55,-0.4210977089429635,0.4210977089429635,-0.4210977089429635,0.6494896866747535,0.6851759331953478,-1.4559988580400973,1.4559988580400973,-1.4559988580400973,1.498822353864826,1.5345086003854203,-2.2410962814931046,2.2410962814931046,-2.2410962814931046,2.633644993219608,2.6693312397402025,993848
NSE_EQ|25073,Raymond Lifestyle,56bd5dcc054601d0706a22a6,1788928156.054364,09:59:16,VWAP_REVERSION,2,LONG,False,False,False,account_analysis_capacity_in_use,0.02889,23.61067459336344,2,98.5346,23.61067459336344,98.53463587921847,1.4534673512184473,98.80106571936057,22373491.049999833,90.18650088809946,0.13357400722021584,-0.08118275175685957,-0.7933065321654269,96.84724689165186,15,-1.3469943397578232,1.0,1.4598010022514276,-1.389386235049761,0.47087378640775795,1.8519863461398793,1.8491750273405927,1788928200,692.2,-0.5489742848887702,0.5489742848887702,-0.5489742848887702,0.6284310892805567,0.6284310892805567,-1.264085524414904,1.264085524414904,-1.264085524414904,1.4591158624674971,1.4591158624674971,-1.5674660502744908,1.5674660502744908,-1.5674660502744908,1.8491765385726722,1.8491765385726722,993848
NSE_EQ|25073,Raymond Lifestyle,102f09d187da81dcc52408d5,1788928737.353555,10:08:57,VWAP_REVERSION,6,LONG,False,False,False,account_analysis_capacity_in_use,0.09497,20.355817049392265,6,98.1498,20.355817049392265,98.24007220216606,1.220760233918132,98.14981949458483,13533170.550000072,85.42418772563177,0.08074534161490332,-0.00496463644527927,-0.8789652287916463,98.14981949458483,15,-0.797679477882518,0.7534246575342513,1.220760233918132,-2.068866776433542,0.563352826510726,2.390350877192986,1.0204023398487658,1788928740,684.45,-0.06574621959237748,0.06574621959237748,-0.06574621959237748,0.3068156914310727,0.37256191102345015,-0.4090875885747747,0.4090875885747747,-0.4090875885747747,0.7378186865366398,1.0446343779677125,-0.3798670465337217,0.3798670465337217,-0.3798670465337217,0.7378186865366398,1.0446343779677125,993849
NSE_EQ|25073,Raymond Lifestyle,7fcb04f91cb292fdc0f24428,1788934429.004368,11:43:49,VOLATILITY_IGNITION,2,SHORT,False,False,False,maximum_concurrent_trade_slots_in_use,0.08113,15.491582418800368,2,98.243,15.491582418800368,98.2429718875502,0.9808982963345345,98.2429718875502,15248619.25000006,89.70883534136547,0.7202797202796964,0.00986312982921153,-0.8000877584968017,98.44377510040161,15,-0.029269720474156546,0.18181818181811604,0.2342263211828296,0.036611261624086566,0.09090909090909091,0.26350461133069164,0.9905987135081644,1788934440,678.75,-0.3388581952117775,0.3388581952117775,0.3388581952117775,0.36832412523020164,0.4567219152854518,-0.7145488029466018,0.7145488029466018,0.7145488029466018,0.7587476979742158,0.847145488029466,-1.5911602209944697,1.5911602209944697,1.5911602209944697,1.7016574585635325,1.7900552486187826,993852
NSE_EQ|25073,Raymond Lifestyle,4d17ffad59269dac287ffe71,1788934432.236492,11:43:52,OPENING_RANGE_ACCEPTANCE,2,SHORT,False,False,False,maximum_concurrent_trade_slots_in_use,0.10311,15.491582418800368,2,98.243,15.491582418800368,98.2429718875502,0.9808982963345345,98.2429718875502,15248619.25000006,89.70883534136547,0.7202797202796964,0.00986312982921153,-0.8000877584968017,98.44377510040161,15,-0.029269720474156546,0.18181818181811604,0.2342263211828296,0.036611261624086566,0.09090909090909091,0.26350461133069164,0.9905987135081644,1788934440,678.75,-0.3388581952117775,0.3388581952117775,0.3388581952117775,0.36832412523020164,0.4567219152854518,-0.7145488029466018,0.7145488029466018,0.7145488029466018,0.7587476979742158,0.847145488029466,-1.5911602209944697,1.5911602209944697,1.5911602209944697,1.7016574585635325,1.7900552486187826,993852
NSE_EQ|25073,Raymond Lifestyle,e8951079670d1ecec29bcefb,1788934550.005196,11:45:50,VWAP_REVERSION,4,LONG,False,False,False,maximum_concurrent_trade_slots_in_use,0.08096,15.566265237177559,4,98.2215,15.566265237177559,98.22154471544715,1.1136514492219123,98.22154471544715,19123486.000000298,91.51422764227642,0.24390243902438213,0.01923122643074989,-0.80219624911477,98.6280487804878,15,-0.8786059452335682,0.8823529411764764,1.115378933372722,-0.8713480266530071,0.6878612716762986,1.115378933372722,15.362397820163487,1788934560,678.6,-0.3905098732684853,0.3905098732684853,-0.3905098732684853,0.3978779840848823,0.3978779840848823,-1.1199528440907769,1.1199528440907769,-1.1199528440907769,1.1199528440907769,1.1199528440907769,-1.2673150604185168,1.2673150604185168,-1.2673150604185168,1.738874152667269,1.738874152667269,993852
NSE_EQ|25073,Raymond Lifestyle,afa3785798317aa5762620fd,1788936386.949096,12:16:26,VWAP_REVERSION,8,LONG,False,False,False,maximum_concurrent_trade_slots_in_use,0.06704,15.643078826586697,8,95.3613,15.643078826586697,98.388671875,0.6555423122765333,95.361328125,6176650.699999809,80.517578125,0.5471698113207779,0.0,0.3363480080723522,91.259765625,15,0.1494768310911887,0.22727272727273432,0.5746268656716452,-0.14903129657227732,0.1492537313432927,0.6940298507462822,1.4606741573033708,1788936420,670.9,0.037263377552543275,0.037263377552543275,0.037263377552543275,0.2608436428677918,0.2981070204203351,0.12669548367865158,0.12669548367865158,0.12669548367865158,0.2608436428677918,0.4248025040989867,-0.12669548367864047,0.12669548367864047,-0.12669548367864047,0.28320166939931335,0.4471605306305082,993853
NSE_EQ|25073,Raymond Lifestyle,08d9366b9023a4eb2b12324a,1788941396.040701,13:39:56,VWAP_REVERSION,8,LONG,False,False,False,maximum_concurrent_trade_slots_in_use,0.05991,13.825091823090784,8,96.3131,13.825091823090784,98.13131313131314,0.6289779108948027,96.31313131313132,6072651.200000167,80.85858585858587,0.488372093023214,0.0,-0.3506939262796631,93.78787878787878,15,-0.5594927265945571,0.5905511811023495,0.6301575393848531,-0.6410256410256387,0.43434343434342576,0.7651912978244595,4.012540971925325,1788941400,667.7,0.7787928710498715,0.7787928710498715,0.7787928710498715,0.9435375168488802,1.0034446607758096,1.6848884229444305,1.6848884229444305,1.6848884229444305,1.8945634266886335,1.954470570615563,1.8496330687434392,1.8496330687434392,1.8496330687434392,2.3214018271678905,2.38130897109482,993856
NSE_EQ|25073,Raymond Lifestyle,e6185ccd5259d9aae04511ad,1788941729.302632,13:45:29,VWAP_REVERSION,3,LONG,False,False,False,maximum_concurrent_trade_slots_in_use,0.0816,13.631286488157631,3,98.4531,13.631286488157631,98.45309381237524,0.9793737943315065,98.95209580838323,8951853.25000012,85.87824351297405,0.13513513513514178,-0.004082388899090199,0.8646675868336858,99.35129740518963,15,0.7787928710498715,0.7647058823529235,0.9956902957348857,0.20848845867460497,0.08284023668638818,1.1145786892554614,0.4742781281115167,1788941760,673.9,0.7048523519810113,0.7048523519810113,0.7048523519810113,0.9571152990057952,1.0461492803086614,1.2167977444724754,1.2167977444724754,1.2167977444724754,1.380026710194393,1.4690606914972593,0.9051788099124547,0.9051788099124547,0.9051788099124547,1.380026710194393,1.4690606914972593,993856
NSE_EQ|25073,Raymond Lifestyle,8504f2d2eb4b6f846ebb50a2,1788942035.508971,13:50:35,VWAP_REVERSION,3,LONG,False,False,False,maximum_concurrent_trade_slots_in_use,0.10303,13.879838518963776,3,98.2552,13.879838518963776,98.25523429710867,0.9998529627995982,98.9531405782652,18902555.25000012,93.17048853439681,0.26785714285713635,0.0,0.9050445103857601,99.45164506480559,15,0.7653440332887396,0.6821192052980041,1.0249981564781425,1.1863900910311864,0.36551724137930147,1.9688813509328256,4.204024571065452,1788942060,678.65,0.13998379135047312,0.13998379135047312,0.13998379135047312,0.27260001473513595,0.4936270537095777,0.19155676711117842,0.19155676711117842,0.19155676711117842,0.6704486848891245,0.9430486996242604,0.08841081558976782,0.08841081558976782,0.08841081558976782,0.6704486848891245,0.9430486996242604,993856
NSE_EQ|25073,Raymond Lifestyle,4715148a98bd23e7a01fc53a,1788942462.479168,13:57:42,VWAP_REVERSION,6,LONG,False,False,False,maximum_concurrent_trade_slots_in_use,0.06607,13.74035636015325,6,97.5524,13.74035636015325,97.75224775224775,0.8296013508553104,97.55244755244755,5572547.600000024,79.67032967032966,0.1999999999999818,-0.012575452716300645,0.5217253936844134,97.35264735264735,15,0.4208505611340785,0.9047619047618498,0.5293728402323392,1.1301955535727437,0.513513513513501,1.2204984927578788,0.4075194468452895,1788942480,682.65,-0.14648795136600334,0.14648795136600334,-0.14648795136600334,0.19775873434410007,0.2783271075953997,-0.3881930711199022,0.3881930711199022,-0.3881930711199022,0.4174906613931051,0.4980590346444047,-0.7397641543982925,0.7397641543982925,-0.7397641543982925,0.842305720354497,0.9228740936057966,993856
NSE_EQ|25073,Raymond Lifestyle,47553603f5fc4f462d55bdaa,1788944664.765958,14:34:24,OPENING_RANGE_ACCEPTANCE,10,SHORT,False,False,False,dhan_authorization_or_ip_unavailable,0.07429,11.699916940253807,10,95.4629,11.699916940253807,97.75435380384968,0.690115761353514,95.46287809349221,11591181.450000048,86.20531622364803,0.5500000000000427,-0.04001143183766401,-0.6307337586982051,97.57103574702109,15,-0.4579025110782897,0.5344827586206873,0.6900133550971921,-0.8970588235294175,0.5865384615384522,0.9051788099124534,3.127510111402824,1788944700,673.15,-0.007427764985512564,0.007427764985512564,0.007427764985512564,0.21540518457995317,0.2748273044640759,0.2971105994206358,0.2971105994206358,-0.2971105994206358,0.4159548391889034,0.6313600237688566,-0.7947708534501996,0.7947708534501996,0.7947708534501996,0.9061873282329436,1.5152640570452403,993858
NSE_EQ|25073,Raymond Lifestyle,efa38d8782babe8d8ad0724c,1788944827.475168,14:37:07,VWAP_REVERSION,8,LONG,False,False,False,dhan_authorization_or_ip_unavailable,0.02971,11.664775496593945,8,96.6398,11.664775496593945,97.80465949820788,0.7946528035648011,96.63978494623656,10710595.249999762,84.18458781362007,0.05617977528090117,-0.05745532811102036,-0.5918474092902897,96.4605734767025,15,-0.6493027374013138,0.9166666666666489,0.794652803564801,-0.883327199116668,0.5999999999999863,1.1362792424805186,0.9645794703561071,1788944880,672.35,0.4685059864653729,0.4685059864653729,0.4685059864653729,0.5354354131033023,0.6321112515802807,0.6098014427009746,0.6098014427009746,0.6098014427009746,0.7287870900572591,0.8254629285342374,-0.5503086190228323,0.5503086190228323,-0.5503086190228323,0.951885178850298,1.680672268907557,993858
NSE_EQ|20323,Responsive Industries,ac61bad693ae9c94fc2cb2ff,1788942794.394981,14:03:14,VWAP_REVERSION,10,SHORT,False,False,False,maximum_concurrent_trade_slots_in_use,0.128,5.877147805135156,10,93.9024,5.877147805135156,93.90243902439023,2.6815999999999987,99.95121951219512,21433915.4,92.63414634146342,0.09485094850948288,0.0582776706863398,1.9192709522088445,99.95121951219512,15,2.1326550577186243,0.6022099447513771,2.6756066411238812,6.996447116698534,0.609523809523809,6.864623243933589,1.2059906531898705,1788942840,157.4,2.8271918678526076,2.8271918678526076,-2.8271918678526076,4.155019059720444,4.332909783989825,6.416772554002548,6.416772554002548,-6.416772554002548,7.052096569250321,7.229987293519702,5.451080050825907,5.451080050825907,-5.451080050825907,7.636594663278262,7.814485387547643,993857
NSE_EQ|20323,Responsive Industries,21f86a55e21a22a430c8668c,1788943115.121359,14:08:35,VWAP_REVERSION,2,SHORT,False,False,False,maximum_concurrent_trade_slots_in_use,0.09227,18.029114339431327,2,98.8759,18.029114339431327,98.87585532746823,4.724990771502404,99.95112414467253,103144940.60000004,98.7781036168133,0.10388247639034753,0.0,4.01894278766159,99.95112414467253,15,3.9080459770114873,0.8921282798833808,4.725909537856439,11.246325288849391,0.6979210861264317,10.859144542772853,3.4571265035394725,1788943140,162.0,2.123456790123446,2.123456790123446,-2.123456790123446,2.2901234567901385,2.660493827160504,3.6604938271604937,3.6604938271604937,-3.6604938271604937,4.580246913580233,4.9506172839505975,3.962962962962946,3.962962962962946,-3.962962962962946,4.580246913580233,4.9506172839505975,993857
NSE_EQ|20323,Responsive Industries,8a38d3093511598e03fc875d,1788943494.555265,14:14:54,VWAP_REVERSION,2,SHORT,False,False,False,maximum_concurrent_trade_slots_in_use,0.09075,29.67401608519999,2,99.3868,29.67401608519999,99.38679245283019,2.816220462923791,99.76415094339622,96354705.51999989,98.25471698113208,0.04710920770877933,-0.0675426985091726,1.7700626739240528,99.76415094339622,15,2.123456790123446,1.0,2.6051740812379123,8.045977011494255,0.744860943168076,7.7852998065764,1.6028749743157613,1788943500,165.3,1.9358741681790637,1.9358741681790637,-1.9358741681790637,1.9358741681790637,2.9219600725952866,1.0768300060496117,1.0768300060496117,-1.0768300060496117,2.4924379915305384,3.4785238959467613,5.0937689050211565,5.0937689050211565,-5.0937689050211565,5.868118572292791,6.854204476709014,993857
NSE_EQ|20323,Responsive Industries,a6306c97790c3d28d5ed6563,1788943857.839789,14:20:57,VWAP_REVERSION,2,SHORT,False,False,False,maximum_concurrent_trade_slots_in_use,0.10675,54.01122850395914,2,99.5665,54.01122850395914,99.56647398843931,2.182551450091932,99.95183044315993,181221926.16000015,99.18111753371869,0.17838765008576268,0.0,1.2611855143835342,99.75915221579962,15,1.9358741681790637,0.8421052631578893,2.8664688427299776,5.312500000000009,0.734024179620032,5.928783382789323,1.2659644271037462,1788943860,168.65,-0.978357545211983,0.978357545211983,0.978357545211983,1.8144085383931197,1.980432849095748,-0.7411799584939205,0.7411799584939205,0.7411799584939205,2.359916987844657,2.525941298547285,2.1345982804624963,2.1345982804624963,-2.1345982804624963,3.7651941891491125,6.125111176993769,993857
NSE_EQ|20323,Responsive Industries,1a2b3fa1be9b39e2572b525b,1788944277.307351,14:27:57,VWAP_REVERSION,1,SHORT,False,False,False,dhan_authorization_or_ip_unavailable,0.07782,71.505316858718,1,99.6651,71.505316858718,99.66507177033492,2.039229757206074,99.95215311004785,145230488.23000014,99.1866028708134,0.07628294036061326,0.0,0.30592046068021767,91.6267942583732,15,0.5829326923076916,0.2095032397408194,1.9955786580629762,2.117144600366072,0.28372853638593504,3.674493636852469,0.7885887420032471,1788944280,167.04,-0.41307471264367956,0.41307471264367956,0.41307471264367956,1.418821839080464,1.6942049808429172,3.1489463601532597,3.1489463601532597,-3.1489463601532597,4.7653256704980995,6.184147509578564,2.8675766283525084,2.8675766283525084,-2.8675766283525084,4.7653256704980995,6.184147509578564,993857
NSE_EQ|20323,Responsive Industries,fae6ce834a9171bb8dd6d9bd,1788945026.353436,14:40:26,VWAP_REVERSION,1,SHORT,False,False,False,dhan_authorization_or_ip_unavailable,0.0925,129.14490766419456,1,99.9543,129.14490766419456,99.9542961608775,4.528389071795762,99.9542961608775,468934259.12000096,99.86288848263254,0.15749811605124556,-0.08590052068313372,3.447094550533877,99.9542961608775,15,4.097572698870455,0.9445983379501415,5.136788641348266,2.563191854614333,0.28505595786701676,5.904421101235148,3.343872690390566,1788945060,172.49,0.43480781494580345,0.43480781494580345,-0.43480781494580345,1.4551568206852439,1.7392312597831694,-0.8290335671633176,0.8290335671633176,0.8290335671633176,1.9305466983593367,3.3857035190445806,-0.9797669430111844,0.9797669430111844,0.9797669430111844,2.5450750768160613,4.000231897501305,993858
NSE_EQ|20323,Responsive Industries,fcc6d9fe31852b4ebdce4e18,1788945332.781979,14:45:32,VWAP_REVERSION,1,SHORT,False,False,False,dhan_authorization_or_ip_unavailable,0.0866,148.67946623966762,1,99.6867,148.67946623966762,99.86571172784244,1.7301038062283736,99.68666069829901,239561377.7199986,99.50760966875559,0.1164179104477583,-0.003586671927115565,0.003586671927115565,3.9391226499552374,15,0.4161849710982546,0.11249999999999973,1.7269168777342851,3.9741441225759955,0.360869565217391,5.9463504489983965,0.6745791484204158,1788945360,173.32,-0.617355181167778,0.617355181167778,0.617355181167778,1.2116316639741442,2.123240249249936,-1.3154858066005137,1.3154858066005137,1.3154858066005137,2.400184629586888,3.3117932148626794,-1.1654742672513208,1.1654742672513208,1.1654742672513208,3.0117701361643157,3.9233787214401072,993858
NSE_EQ|20323,Responsive Industries,8e2779c76a8ff941c112297f,1788945680.178372,14:51:20,VWAP_REVERSION,1,SHORT,False,False,False,dhan_authorization_or_ip_unavailable,0.08179,157.00527617374692,1,99.865,157.00527617374692,99.95499549954997,2.026869158878504,99.86498649864987,86368951.57999825,97.7047704770477,0.18225039619651184,0.02054231717337307,-1.3575639861452617,99.68496849684968,15,-0.617355181167778,0.36518771331057703,2.136429608127725,2.946449916327998,0.2989690721649497,4.57474600870827,0.3425207101069214,1788945720,170.41,0.8156798309958413,0.8156798309958413,-0.8156798309958413,0.8684936330027426,1.6020186608766918,-0.8215480312188328,0.8215480312188328,0.8215480312188328,1.2675312481661871,2.452907693210493,-1.1795082448213035,1.1795082448213035,1.1795082448213035,1.3555542515110597,2.5409306965553657,993858
NSE_EQ|20323,Responsive Industries,b6c1523347be11b5167a1821,1788946074.443521,14:57:54,VWAP_REVERSION,1,SHORT,False,False,False,dhan_authorization_or_ip_unavailable,0.04079,167.65080618886358,1,99.6049,167.65080618886358,99.95610184372256,1.9502823543109937,99.60491659350306,84579991.14999962,97.05882352941177,0.08171206225681084,0.009047317470382378,1.1749771877134179,99.16593503072872,15,0.8156798309958413,0.4124629080118698,1.589057043073335,-1.6374670788961376,0.22916666666666566,3.3993015133876616,0.6526137464242446,1788946080,171.83,-1.5887796077518557,1.5887796077518557,1.5887796077518557,1.5887796077518557,1.786649595530454,-0.4830355584007573,0.4830355584007573,0.4830355584007573,2.170750160041912,2.3686201478205104,-1.6586160740266642,1.6586160740266642,1.6586160740266642,2.4850142582785395,2.682884246057138,993858
NSE_EQ|2939,Ruby Mills,b2d9c99942877700e4db9cf4,1788928168.438457,09:59:28,VWAP_REVERSION,8,SHORT,False,False,False,account_analysis_capacity_in_use,0.074,9.662095807980231,8,95.325,9.662095807980231,95.32502226179875,1.6490486257928143,99.33214603739982,1337348.3999999994,46.61620658949243,0.0851063829787243,-0.08474576271186761,1.1531218310879359,99.33214603739982,15,1.5737073118509803,1.0,1.6758010118043822,2.484337869950304,0.6886227544910207,2.677065767284989,2.648135593220339,1788928200,470.7,-0.2761844062035279,0.2761844062035279,0.2761844062035279,0.5311238580837041,0.8073082642872431,1.4446568939876725,1.4446568939876725,-1.4446568939876725,1.7527087316762335,2.2838325897599376,3.6116422349691923,3.6116422349691923,-3.6116422349691923,3.664754620777555,4.195878478861259,993848
NSE_EQ|2939,Ruby Mills,caf0391780cca850048be073,1788929691.998882,10:24:51,OPENING_RANGE_ACCEPTANCE,9,LONG,False,False,False,maximum_concurrent_trade_slots_in_use,0.03124,10.27200750550167,9,96.2741,10.27200750550167,96.55013799448022,1.009050244460619,96.27414903403863,464957.8500000015,30.956761729530818,1.0,0.05555555555554713,-0.13870699511485157,55.15179392824287,15,-0.6725297465080216,0.7142857142857214,1.083333333333331,2.0950760395618495,0.4045174537987685,2.7395833333333406,0.25063190102434485,1788929700,480.1,1.5830035409289733,1.5830035409289733,1.5830035409289733,1.6350760258279529,1.6350760258279529,0.18746094563633076,0.18746094563633076,0.18746094563633076,1.7079775046865198,1.7079775046865198,-0.9060612372422505,0.9060612372422505,-0.9060612372422505,1.7079775046865198,2.6140387419287703,993849
NSE_EQ|2939,Ruby Mills,24d23901cebbcb8329215fa0,1788929716.220835,10:25:16,VWAP_REVERSION,8,SHORT,False,False,False,maximum_concurrent_trade_slots_in_use,0.15622,10.269320553191186,8,96.5019,10.269320553191186,96.5018656716418,1.0102062070401927,96.59514925373134,488480.9500000011,31.01679104477612,0.08333333333335702,0.050408602404094054,-0.42393007988904,90.06529850746269,15,-0.1974846689533294,0.3877551020408135,1.0102062070401927,1.0524100189433838,0.2564102564102564,1.7288064986461176,0.407325004278624,1788929760,480.25,1.676210307131698,1.676210307131698,-1.676210307131698,1.676210307131698,1.7074440395627222,-0.03123373243102412,0.03123373243102412,0.03123373243102412,1.676210307131698,1.7074440395627222,-1.0515356585111935,1.0515356585111935,1.0515356585111935,1.676210307131698,2.7485684539302335,993849
NSE_EQ|2939,Ruby Mills,a200bd4ba6e27976aeda84e2,1788930687.064169,10:41:27,VOLATILITY_IGNITION,6,SHORT,False,False,False,maximum_concurrent_trade_slots_in_use,0.11494,11.370430459524975,6,97.1415,11.370430459524975,97.1415182755389,1.869355177483717,99.48453608247422,749515.5999999996,39.59700093720712,1.0,-0.08518693800284818,-1.7397434671935565,99.76569821930646,15,-1.0001031034127195,0.5878787878787878,1.020620704019991,-0.03123373243102412,0.006864988558351355,1.707977504686521,0.27712219261515036,1788930720,477.0,0.4612159329140386,0.4612159329140386,-0.4612159329140386,0.607966457023057,0.607966457023057,-0.34591194968552896,0.34591194968552896,0.34591194968552896,0.6184486373165488,1.016771488469581,-0.6708595387840632,0.6708595387840632,0.6708595387840632,0.6708595387840632,1.289308176100612,993850
NSE_EQ|6262,SEL Manufacturing,0c169684410737bfd6d36325,1788943744.392428,14:19:04,VOLATILITY_IGNITION,1,SHORT,False,False,False,maximum_concurrent_trade_slots_in_use,0.06627,77.38943688350605,1,99.6644,77.38943688350605,99.66442953020133,2.7833001988071566,99.856184084372,25416.000000001863,6.759348034515819,0.7029702970297051,0.0,-2.012987012987016,99.95206136145734,15,-1.0491803278688483,0.21621621621621584,2.7833001988071566,-0.3960396039603964,0.028169014084507265,2.7833001988071566,0.15347298787210584,1788943800,30.75,-5.235772357723578,5.235772357723578,5.235772357723578,5.691056910569103,5.691056910569103,-5.3658536585365795,5.3658536585365795,5.3658536585365795,5.691056910569103,5.691056910569103,-4.5528455284552845,4.5528455284552845,4.5528455284552845,6.666666666666665,6.666666666666665,993857
NSE_EQ|2320,SMC Global Securities,9d5ff2f7a6153f5a5b1f548b,1788936470.225482,12:17:50,VOLATILITY_IGNITION,8,SHORT,False,False,False,maximum_concurrent_trade_slots_in_use,0.04769,7.102536847669772,8,95.5348,7.102536847669772,95.53483807654564,0.6915464409204701,95.63297350343474,7739633.6499999985,83.26790971540726,1.0,-0.015031942878620478,-0.671764978376558,98.08635917566242,13,,,,,,,,1788936480,83.87,0.26231071896982705,0.26231071896982705,-0.26231071896982705,0.26231071896982705,0.2742339334684596,0.3338500059616001,0.3338500059616001,-0.3338500059616001,0.38154286395610804,0.3934660784547406,0.1550017884821786,0.1550017884821786,-0.1550017884821786,0.38154286395610804,0.3934660784547406,993853
NSE_EQ|17758,Sarda Energy & Minerals,952691af4e80b55367d539aa,1788930449.757829,10:37:29,VWAP_REVERSION,4,SHORT,False,False,False,maximum_concurrent_trade_slots_in_use,0.0829,11.639690291654215,4,97.5953,11.639690291654215,97.59528130671507,2.090239410681404,99.8638838475499,104658413.15000027,98.41197822141561,0.12396694214875427,-0.06640240122371116,1.666177871333161,99.77313974591652,15,1.7977528089887729,1.0,2.0879323031640955,1.8645179424716662,0.6123076923076951,2.1983075791022895,5.476581765433679,1788930480,543.0,-0.36832412523020164,0.36832412523020164,0.36832412523020164,0.36832412523020164,0.7090239410681543,-0.3406998158379415,0.3406998158379415,0.3406998158379415,0.5524861878453025,0.8931860036832551,-0.5616942909760558,0.5616942909760558,0.5616942909760558,0.7918968692449235,1.4825046040515488,993850
NSE_EQ|17758,Sarda Energy & Minerals,9a25c6ff0a2fa6dbad591b28,1788930801.483842,10:43:21,VWAP_REVERSION,4,SHORT,False,False,False,maximum_concurrent_trade_slots_in_use,0.05553,12.2048714125416,4,97.0423,12.2048714125416,97.32394366197184,0.8877381172554223,97.04225352112677,77249240.6500004,97.51173708920187,0.17699115044247501,-0.05860805860805528,-0.22723795337902714,77.41784037558685,15,-0.36832412523020164,0.4444444444444444,0.7116451016635902,1.055384328009712,0.3434650455927052,2.0979667282809653,0.9322805006146679,1788930840,541.35,0.04618084418583912,0.04618084418583912,-0.04618084418583912,0.17548720790614425,0.33250207813797505,0.4340999353468211,0.4340999353468211,-0.4340999353468211,0.9975062344139696,1.2468827930174675,-0.04618084418582802,0.04618084418582802,0.04618084418582802,0.9975062344139696,1.6532742218527963,993850
NSE_EQ|17758,Sarda Energy & Minerals,d567b3cbee3631851f304f28,1788931646.071612,10:57:26,VWAP_REVERSION,1,SHORT,False,False,False,maximum_concurrent_trade_slots_in_use,0.06422,14.157297884575627,1,97.8653,14.157297884575627,97.86527514231499,1.2389867841409692,97.86527514231499,73954085.39999962,97.67552182163189,0.07792207792208157,0.05527140691051639,0.600617738586011,95.30360531309297,15,0.46995945447843024,0.3517241379310282,1.2381913234889481,0.46995945447843024,0.1954022988505685,1.2381913234889481,2.637032160373943,1788931680,545.4,-0.403373670700391,0.403373670700391,0.403373670700391,0.5133846718005097,0.5408874220755422,-0.8617528419508469,0.8617528419508469,0.8617528419508469,1.393472680601393,1.4209754308764255,-0.8617528419508469,0.8617528419508469,0.8617528419508469,1.4668133480014722,1.4943160982765047,993850
NSE_EQ|17758,Sarda Energy & Minerals,995b0d4a06328a858546b53d,1788933115.069692,11:21:55,VWAP_REVERSION,2,SHORT,False,False,False,maximum_concurrent_trade_slots_in_use,0.0553,15.801706351316906,2,98.0,15.801706351316906,98.0,1.1711545555145744,99.07317073170732,42033987.24999988,94.68292682926828,0.07766990291261729,0.0,0.6030243992949252,96.53658536585365,15,0.6767405209974875,0.6134453781512638,1.1694290976058974,0.48112509252407065,0.18439716312057167,1.1694290976058974,1.98618690313779,1788933120,542.2,-0.35042419771303956,0.35042419771303956,0.35042419771303956,0.4334194024345317,0.4334194024345317,-0.3596458871265251,0.3596458871265251,0.3596458871265251,0.48874953891554496,0.48874953891554496,-0.544079675396536,0.544079675396536,0.544079675396536,0.7192917742530613,0.7192917742530613,993851
NSE_EQ|17758,Sarda Energy & Minerals,b2bd95835c7966451f5ecd42,1788935483.809168,12:01:23,VWAP_REVERSION,6,LONG,False,False,False,maximum_concurrent_trade_slots_in_use,0.08442,14.177658591341789,6,97.7976,14.177658591341789,97.79756326148079,1.426962072850173,99.48453608247422,47446359.34999943,95.8294283036551,0.11409395973154772,-0.05775005775005775,-1.037885968248081,99.48453608247422,15,-1.1698078172871496,0.8289473684210565,1.427900422733682,-1.343836886005556,0.6621004566210156,1.6251761390324053,1.6619050215364484,1788935520,533.2,-0.13128282070518082,0.13128282070518082,-0.13128282070518082,0.15003750937735427,0.23443360840210703,-0.18754688672167896,0.18754688672167896,-0.18754688672167896,0.4126031507877048,0.4969992498124576,-0.5907726931733137,0.5907726931733137,-0.5907726931733137,0.7220555138784723,0.8064516129032251,993853
NSE_EQ|17758,Sarda Energy & Minerals,cc1e569af4b8cfff8252b284,1788937508.871681,12:35:08,OPENING_RANGE_ACCEPTANCE,5,LONG,False,False,False,account_analysis_capacity_in_use,0.07501,13.179154987587884,5,97.343,13.179154987587884,97.92270531400966,0.7402548725637267,97.34299516908213,9083594.599999666,82.94685990338164,0.6000000000000152,0.0640683395622021,0.558220930662212,96.95652173913044,15,0.6128606449179674,0.8441558441558641,0.7309530503233019,0.3951453570420371,0.3281249999999811,0.7871802080404708,1.374927113702624,1788937560,534.65,0.5330590105676603,0.5330590105676603,0.5330590105676603,0.5985223978303589,0.7294491723557339,1.327971570186115,1.327971570186115,1.327971570186115,1.3560273075843954,1.4869540821097704,2.693350790236604,2.693350790236604,2.693350790236604,3.3760404002618705,3.5069671747872455,993854
NSE_EQ|17758,Sarda Energy & Minerals,bf735016c566a6d2c91862bb,1788938767.962862,12:56:07,VWAP_REVERSION,6,SHORT,False,False,False,maximum_concurrent_trade_slots_in_use,0.06442,13.75025172359892,6,96.7125,13.75025172359892,97.39941118743867,0.6710792425078307,96.71246319921491,36539291.64999974,94.45534838076546,0.09374999999999963,-0.009824147755184472,0.4530374441540722,96.4180569185476,15,0.4338595033693382,0.5164835164835138,0.6709558823529579,1.209302325581385,0.524193548387093,1.4613970588235379,1.2250456862556507,1788938820,543.55,0.7818967896237705,0.7818967896237705,-0.7818967896237705,1.6833777941311912,1.6833777941311912,1.6833777941311912,1.6833777941311912,-1.6833777941311912,1.8857510808573341,1.8857510808573341,1.481004507405026,1.481004507405026,-1.481004507405026,1.922546223898447,1.922546223898447,993854
NSE_EQ|17758,Sarda Energy & Minerals,4d73602693fa45660664958e,1788939074.090383,13:01:14,VWAP_REVERSION,3,SHORT,False,False,False,maximum_concurrent_trade_slots_in_use,0.06373,15.768741625676357,3,98.1629,15.768741625676357,98.16285998013903,1.7915605674790878,99.85104270109235,168195196.1499989,99.25521350546177,0.035502958579882574,0.03297842268916767,1.1354823372703333,99.65243296921548,15,1.2499999999999956,0.883116883116872,1.7883079157589004,1.7550341769813516,0.5828220858895641,2.3965141612200522,4.739144562094807,1788939120,548.0,0.2554744525547381,0.2554744525547381,-0.2554744525547381,0.3558394160584011,0.6843065693430739,0.602189781021889,0.602189781021889,-0.602189781021889,1.0583941605839309,1.414233576642332,0.45620437956204185,0.45620437956204185,-0.45620437956204185,1.0948905109489093,1.4507299270073104,993855
NSE_EQ|17758,Sarda Energy & Minerals,e947d21fc4436372fdb7e041,1788939450.411134,13:07:30,VWAP_REVERSION,10,SHORT,False,False,False,maximum_concurrent_trade_slots_in_use,0.07291,16.731497825763952,10,95.8788,16.731497825763952,98.46077457795433,0.6835581480131243,95.87884806355511,62479591.60000014,98.0635551142006,0.0,-0.03229974160207452,0.40737978917321505,94.98510427010923,15,0.2554744525547381,0.2692307692307684,0.6825627957772116,1.346615015679764,0.3821989528795806,2.0749908991627395,0.6793632856221681,1788939480,548.0,0.7572992700729975,0.7572992700729975,-0.7572992700729975,1.0583941605839309,1.2408759124087454,0.9854014598540184,0.9854014598540184,-0.9854014598540184,1.0948905109489093,1.2773722627737238,0.6569343065693456,0.6569343065693456,-0.6569343065693456,1.0948905109489093,1.2773722627737238,993855
NSE_EQ|17758,Sarda Energy & Minerals,2913761d5a2cdafcef60b5a8,1788939756.019763,13:12:36,VWAP_REVERSION,1,SHORT,False,False,False,maximum_concurrent_trade_slots_in_use,0.05446,18.280980543130493,1,98.6868,18.280980543130493,98.68677042801556,1.2344558409730333,99.2704280155642,139620517.00000024,99.2704280155642,0.19999999999999657,-0.04986077963404554,0.4508450136630341,96.06031128404669,15,0.6006552602839665,0.4125000000000144,1.2303238646643666,1.6833777941311912,0.39354838709678197,1.8545322960014472,1.6675686763496294,1788939780,552.15,-0.02716653083401077,0.02716653083401077,0.02716653083401077,0.5252195961242379,0.6791632708503137,-0.35316490084215113,0.35316490084215113,0.35316490084215113,0.5252195961242379,0.8602734764104003,-0.2626097980621078,0.2626097980621078,0.2626097980621078,0.5342751064022377,0.9961061305804653,993855
NSE_EQ|17758,Sarda Energy & Minerals,138e371080610f4506779c8d,1788940235.675928,13:20:35,VWAP_REVERSION,3,SHORT,False,False,False,account_analysis_capacity_in_use,0.06342,19.377501486065135,3,96.7923,19.377501486065135,98.93075356415478,0.6613516941474864,96.79226069246437,99690260.90000033,98.5234215885947,0.014184397163115706,-0.007704989360836868,0.15286920638133303,76.01832993890021,15,0.3177773742509604,0.6140350877192688,0.5068331975744329,1.0240468135686243,0.3566878980891698,1.4028418861435423,0.5580673998461572,1788940260,553.45,-0.3342668714427677,0.3342668714427677,0.3342668714427677,0.4788147077423588,0.5781913451982978,-0.3161983919053202,0.3161983919053202,0.3161983919053202,0.7679103803414966,0.8672870177974357,0.0,0.0,-0.0,0.7679103803414966,0.9937663745595904,993855
NSE_EQ|17758,Sarda Energy & Minerals,69967a8de6e22a15c7feb1da,1788940569.757923,13:26:09,VWAP_REVERSION,8,SHORT,False,False,False,maximum_concurrent_trade_slots_in_use,0.05443,19.5515296910462,8,95.9701,19.5515296910462,98.955223880597,0.5805515239477586,95.97014925373134,82249148.94999933,98.05970149253731,0.025380710659898713,0.00881134901752657,-0.34331998295657534,95.17412935323382,15,-0.3342668714427677,0.9487179487179935,0.5801305293691162,-0.15386007783509958,0.10303030303030436,0.8611312545322697,0.7485013304925003,1788940620,551.6,-0.1994198694706295,0.1994198694706295,0.1994198694706295,0.435097897026826,0.4441624365482122,-0.07251631617113397,0.07251631617113397,0.07251631617113397,0.5620014503263215,0.9970993473531475,0.28100072516314967,0.28100072516314967,-0.28100072516314967,0.5620014503263215,0.9970993473531475,993855
NSE_EQ|17758,Sarda Energy & Minerals,52f9bc2aaa842d45f102b2d2,1788941474.751294,13:41:14,VWAP_REVERSION,4,SHORT,False,False,False,maximum_concurrent_trade_slots_in_use,0.06333,20.880458187106257,4,97.3232,20.880458187106257,98.83838383838383,0.7960919124299061,97.32323232323232,100427374.8000009,99.04040404040404,0.07812499999999889,0.0,0.2448535413077034,87.72727272727273,15,0.1812743587419563,0.17241379310344962,0.7961639373925796,0.26306240928881675,0.1266375545851451,0.995204921740704,1.997465387442147,1788941520,550.95,0.045376168436339626,0.045376168436339626,-0.045376168436339626,0.3176331790543552,0.45376168436336295,0.39931028223976206,0.39931028223976206,-0.39931028223976206,0.5535892549233035,0.6897177602323112,0.09075233687267925,0.09075233687267925,-0.09075233687267925,0.626191124421438,0.7623196297304458,993856
NSE_EQ|17758,Sarda Energy & Minerals,c33f05276c5c00c3f121df84,1788942154.280694,13:52:34,VWAP_REVERSION,8,SHORT,False,False,False,maximum_concurrent_trade_slots_in_use,0.05427,21.83517658613088,8,96.1045,21.83517658613088,98.96449704142012,0.6332549303419576,96.10453648915187,68012848.34999943,98.66863905325444,0.03553299492384896,0.0,0.22667512920482363,89.20118343195266,15,0.4447268106734459,0.7538461538461678,0.6325110689437065,0.4629629629629761,0.23720930232558524,0.8132285172133369,0.7329385909484606,1788942180,552.4,0.22628530050687878,0.22628530050687878,-0.22628530050687878,0.27154236060824566,0.3077480086893347,0.16292541636495628,0.16292541636495628,-0.16292541636495628,0.3620564808110016,0.39826212889209067,-0.651701665459814,0.651701665459814,0.651701665459814,0.6879073135409031,1.0499637943519047,993856
NSE_EQ|17758,Sarda Energy & Minerals,90f8d3689e145ea2f705599a,1788943882.068704,14:21:22,VWAP_REVERSION,10,SHORT,False,False,False,maximum_concurrent_trade_slots_in_use,0.06372,20.536974714904726,10,95.2223,20.536974714904726,99.00662251655629,0.5644060081929946,95.22232734153265,62542576.25,97.58751182592242,0.1346153846153739,0.0,-0.40797824116047143,96.6414380321665,15,-0.2717883674578703,0.5172413793103287,0.3452034883720889,-0.5151378219611424,0.3877551020408302,0.6268168604651039,1.0910271596327408,1788943920,549.15,0.15478466721297046,0.15478466721297046,-0.15478466721297046,0.2640444323044777,0.4734589820631907,-0.5736137667303964,0.5736137667303964,0.5736137667303964,0.7010834926704956,0.9651279249749734,-0.5371938450332236,0.5371938450332236,0.5371938450332236,0.7010834926704956,0.9651279249749734,993857
BSE_EQ|540725,Share India Securities,0fd04e47baac07a51c357e25,1788938266.722197,12:47:46,VWAP_REVERSION,2,SHORT,False,False,False,maximum_concurrent_trade_slots_in_use,0.10417,17.58293637978975,2,98.7793,17.58293637978975,98.779296875,1.6406250000000029,99.755859375,9887055.600000001,86.181640625,0.2405063291139184,0.0,0.5498821681068402,97.412109375,15,1.3723937714436696,0.6341463414634166,2.3952095808383205,4.007581911724878,0.5606060606060603,5.467326217130955,3.7487768159578474,1788938280,192.0,-0.78125,0.78125,0.78125,1.9270833333333237,1.9270833333333237,0.3645833333333348,0.3645833333333348,-0.3645833333333348,1.9270833333333237,3.1770833333333193,0.5208333333333259,0.5208333333333259,-0.5208333333333259,1.9270833333333237,3.4895833333333237,993854
BSE_EQ|540725,Share India Securities,d6ee46187df7847029e87c5d,1788938546.956412,12:52:26,OPENING_RANGE_ACCEPTANCE,4,LONG,False,False,False,account_analysis_capacity_in_use,0.15823,21.182758620689654,4,98.7487,21.182758620689654,98.74874874874875,1.9778481012658229,99.64964964964965,4640649.450000003,77.82782782782782,0.6000000000000114,0.0,-1.2757094506638984,99.54954954954955,15,-1.3017443374121362,0.8064516129032346,2.3740437879187546,3.381510771748042,0.46616541353383645,5.539435505143762,0.7627989124119822,1788938580,191.25,1.1241830065359615,1.1241830065359615,1.1241830065359615,1.333333333333342,1.333333333333342,1.5424836601307224,1.5424836601307224,1.5424836601307224,1.6470588235294237,1.9084967320261548,2.274509803921565,2.274509803921565,2.274509803921565,2.4836601307189454,2.7450980392156765,993854
BSE_EQ|540725,Share India Securities,fbd58591e1e7546dc9ba4f6f,1788938648.983638,12:54:08,VWAP_REVERSION,3,SHORT,False,False,False,maximum_concurrent_trade_slots_in_use,0.15666,23.141379310344828,3,98.9351,23.141379310344828,98.93509127789046,1.9321148825065213,99.74645030425964,5814529.450000003,80.2738336713996,0.052631578947365275,-0.014918917585903963,0.5134757268223188,98.32657200811359,15,0.7629571165482796,0.47540983606557713,1.9321148825065215,3.513513513513522,0.4779411764705894,4.177545691906006,0.7590809581500138,1788938700,192.85,0.25926886180969166,0.25926886180969166,-0.25926886180969166,0.8037334716100686,0.9852216748768572,0.3370495203526058,0.3370495203526058,-0.3370495203526058,1.114856105781703,2.2037853253824236,1.2444905366865378,1.2444905366865378,-1.2444905366865378,1.6333938294010864,2.722323049001807,993854
BSE_EQ|540725,Share India Securities,9e99d4c5cdef5c813bca4089,1788938995.143346,12:59:55,VWAP_REVERSION,3,SHORT,False,False,False,maximum_concurrent_trade_slots_in_use,0.15516,39.75402318599048,3,99.2409,39.75402318599048,99.24089068825911,1.1895526247737325,99.54453441295547,17913532.35,91.44736842105263,0.21568627450980743,0.03249129391147505,0.43516264217582334,95.0910931174089,15,1.2532637075717945,0.9600000000000132,1.4956162970603433,2.0526315789473726,0.4062500000000032,3.145951521402782,1.769413209502245,1788939000,193.35,-0.43961727437289433,0.43961727437289433,0.43961727437289433,1.3447116627876898,1.810188776829591,0.2844582363589421,0.2844582363589421,-0.2844582363589421,1.3447116627876898,2.198086371864494,0.8792345487458109,0.8792345487458109,-0.8792345487458109,1.6808895784846234,3.0256012412723132,993854
BSE_EQ|540725,Share India Securities,d25590622e17386a68362d71,1788939355.663842,13:05:55,VWAP_REVERSION,1,SHORT,False,False,False,maximum_concurrent_trade_slots_in_use,0.18116,43.03808081289331,1,99.3408,43.03808081289331,99.34077079107504,1.8130018130018128,99.84787018255578,5064572.999999993,77.6369168356998,0.2558139534883733,-0.049861040124604475,-0.43982968152487417,95.28397565922921,15,-0.43961727437289433,0.39534883720929864,1.8181818181818181,1.2624934245134112,0.2926829268292704,3.168831168831166,0.490852096131192,1788939360,193.2,-0.12939958592133038,0.12939958592133038,0.12939958592133038,0.9316770186335477,1.1128364389234036,0.20703933747412417,0.20703933747412417,-0.20703933747412417,0.9316770186335477,1.2422360248447228,0.9316770186335477,0.9316770186335477,-0.9316770186335477,1.7598343685300222,2.0703933747411973,993855
BSE_EQ|540725,Share India Securities,adbcc917f8565cc56db7a9d4,1788940091.305675,13:18:11,VWAP_REVERSION,7,SHORT,False,False,False,maximum_concurrent_trade_slots_in_use,0.18135,43.99434158609203,7,95.9446,43.99434158609203,99.64065708418892,0.6735751295336847,95.94455852156058,5560583.599999994,79.00410677618069,0.07142857142856998,-0.005018775130853265,-0.2018064575475364,84.34291581108829,15,0.051840331778119086,0.052631578947365275,0.6735751295336847,0.15568240788792487,0.04545454545454702,1.3730569948186557,0.3795137504982064,1788940140,193.0,1.2953367875647714,1.2953367875647714,-1.2953367875647714,1.5544041450777257,1.5544041450777257,1.3989637305699354,1.3989637305699354,-1.3989637305699354,1.865284974093262,1.865284974093262,0.4145077720207224,0.4145077720207224,-0.4145077720207224,1.865284974093262,1.865284974093262,993855
BSE_EQ|540725,Share India Securities,04d58794a28b5ee618d1f421,1788940175.42162,13:19:35,OPENING_RANGE_ACCEPTANCE,3,LONG,False,False,False,maximum_concurrent_trade_slots_in_use,0.15532,43.79365951425687,3,96.999,43.79365951425687,99.64394710071211,0.6730520320994104,96.99898270600204,1026479.049999997,52.03458799593083,1.0,0.0,-0.2581977794990963,90.08138351983723,15,-0.46415678184631437,1.0,0.6735751295336847,0.2597402597402487,0.07812499999999958,1.3730569948186557,0.3664373687028875,1788940200,193.25,1.0349288486416475,1.0349288486416475,1.0349288486416475,1.4230271668822736,1.5523932729624823,0.9055627425614388,0.9055627425614388,0.9055627425614388,1.733505821474779,1.8628719275549876,0.2069857697283295,0.2069857697283295,0.2069857697283295,1.733505821474779,1.8628719275549876,993855
BSE_EQ|540725,Share India Securities,e94234ce27faba5c698c1ea0,1788940495.238645,13:24:55,VWAP_REVERSION,2,SHORT,False,False,False,maximum_concurrent_trade_slots_in_use,0.12804,45.391446490721364,2,99.4581,45.391446490721364,99.45812807881774,1.5364916773367476,99.6551724137931,3067814.7000000104,73.05418719211822,1.0,0.0,1.16580310880829,99.55665024630542,15,1.2953367875647714,0.9259259259259298,1.5345268542199488,0.7991750451147306,0.22962962962963132,1.7391304347826115,1.1366345375616216,1788940500,195.25,-0.10243277848911436,0.10243277848911436,0.10243277848911436,0.6914212548015275,1.126760563380269,-0.40973111395646855,0.40973111395646855,0.40973111395646855,0.7170294494238227,1.4084507042253502,-1.6645326504481472,1.6645326504481472,1.6645326504481472,2.2279129321382762,2.9193341869398037,993855
BSE_EQ|540725,Share India Securities,b741e1e522e919df969474d6,1788940825.469182,13:30:25,VWAP_REVERSION,1,SHORT,False,False,False,maximum_concurrent_trade_slots_in_use,0.15424,46.106868336226135,1,98.9665,46.106868336226135,99.55708661417323,1.13052415210688,98.96653543307087,1549390.0,61.66338582677165,0.0,0.009194875218200768,-0.6220651510098335,98.3759842519685,15,-0.10243277848911436,0.11764705882352351,1.1279159189951236,0.5930892212480776,0.20720720720720887,2.0507562163547806,0.40686096373282943,1788940860,194.75,0.12836970474967568,0.12836970474967568,-0.12836970474967568,0.4878048780487809,0.5648267008985908,-0.02567394094994402,0.02567394094994402,0.02567394094994402,0.4878048780487809,0.9242618741976849,-2.695763799743256,2.695763799743256,2.695763799743256,2.9525032092426184,3.4403080872913994,993856
BSE_EQ|540725,Share India Securities,af9c63b9b69f6338a62fa62a,1788942442.317423,13:57:22,VOLATILITY_IGNITION,1,SHORT,False,False,False,maximum_concurrent_trade_slots_in_use,0.18301,50.188789310696635,1,98.877,50.188789310696635,99.560546875,1.15032679738563,98.876953125,3502949.150000006,72.705078125,1.0,-0.01931815153894597,-0.42315972456724577,96.435546875,15,0.0783085356303781,0.09677419354837172,1.1476264997391847,-1.5408320493066285,0.46153846153846556,2.060511215440787,0.6895342465753426,1788942480,191.25,-1.7516339869281028,1.7516339869281028,1.7516339869281028,1.9607843137254943,2.3267973856209045,-1.2287581699346406,1.2287581699346406,1.2287581699346406,2.2222222222222254,2.5882352941176356,-1.934640522875808,1.934640522875808,1.934640522875808,2.2222222222222254,2.5882352941176356,993856
BSE_EQ|540725,Share India Securities,c4c0df393ca6bafaddbafe25,1788943144.700664,14:09:04,VWAP_REVERSION,2,LONG,False,False,False,maximum_concurrent_trade_slots_in_use,0.15983,57.42594357003812,2,98.8004,57.42594357003812,99.56813819577735,1.0122535961640948,98.8003838771593,7574345.299999967,83.63723608445297,0.3333333333333123,0.0,0.05330490405116968,43.809980806142036,15,0.05330490405117683,0.06249999999999667,1.0122535961640948,-2.341311134235169,0.5696202531645586,2.770378263185929,1.6020856794656217,1788943200,187.95,0.5054535780792957,0.5054535780792957,0.5054535780792957,1.3833466347432877,1.596169193934549,0.6118648576749264,0.6118648576749264,0.6118648576749264,1.6493748337323977,1.862197392923659,0.6650704974727306,0.6650704974727306,0.6650704974727306,1.6493748337323977,1.995211492418203,993857
BSE_EQ|540725,Share India Securities,f767c17571a2ecf6e9b12faa,1788944146.142035,14:25:46,VOLATILITY_IGNITION,2,SHORT,False,False,False,maximum_concurrent_trade_slots_in_use,0.18657,58.21854813452028,2,99.5686,58.21854813452028,99.56855225311601,1.5953203935123637,99.66442953020133,2327697.749999985,65.53211888782359,1.0,0.009673986649898422,-1.5799435495915368,99.856184084372,15,-0.8909853249476019,0.7727272727272745,1.2162876784770023,0.6118648576749264,0.18110236220472384,1.8508725542041249,0.5065855209374148,1788944160,187.3,0.6673785371062557,0.6673785371062557,-0.6673785371062557,0.8809396689802407,0.8809396689802407,1.0945008008542256,1.0945008008542256,-1.0945008008542256,1.174586225306995,1.174586225306995,1.4415376401494928,1.4415376401494928,-1.4415376401494928,3.6305392418579663,3.6305392418579663,993857
BSE_EQ|540725,Share India Securities,1069511a281b8db9f56f3a38,1788945882.689233,14:54:42,OPENING_RANGE_ACCEPTANCE,10,LONG,False,False,False,dhan_authorization_or_ip_unavailable,0.12987,50.851586568482745,10,96.2087,50.851586568482745,99.5093666369313,0.7792207792207793,96.20874219446922,2773830.499999985,62.48884924174843,1.0,0.008291186468787924,-0.2673585439817413,86.12845673505798,15,-1.0077519379844913,0.469879518072289,1.1746280344557556,1.5103338632750596,0.31147540983607075,2.8191072826938166,0.2283286380640096,1788945900,192.2,-1.9510926118626482,1.9510926118626482,-1.9510926118626482,1.9510926118626482,1.9510926118626482,-0.806451612903214,0.806451612903214,-0.806451612903214,2.185223725286156,2.185223725286156,-1.8470343392299582,1.8470343392299582,-1.8470343392299582,2.185223725286156,2.185223725286156,993858
BSE_EQ|539148,Shivalik Rasayan,a1a3b41bbf666712dd3721bc,1788938454.659197,12:50:54,VOLATILITY_IGNITION,10,LONG,False,False,False,account_analysis_capacity_in_use,0.15029,9.75962045334739,10,96.47,9.75962045334739,96.47001934235976,1.041095890410962,99.1779497098646,77451.95000000019,14.361702127659576,1.0,0.0,1.0520487264673342,99.56479690522244,15,0.4983388704318914,1.0,0.49586776859504444,1.1142061281337101,0.5263157894736826,1.1019283746556474,4.622950819672131,1788938460,366.0,-0.5601092896174942,0.5601092896174942,-0.5601092896174942,0.6693989071038242,0.6693989071038242,-0.10928961748633004,0.10928961748633004,-0.10928961748633004,0.7377049180327888,0.7377049180327888,0.23224043715848186,0.23224043715848186,0.23224043715848186,0.8196721311475308,1.5573770491803196,993854
BSE_EQ|539148,Shivalik Rasayan,740da76243343e9c72e02567,1788938458.468862,12:50:58,OPENING_RANGE_ACCEPTANCE,10,LONG,False,False,False,account_analysis_capacity_in_use,0.16396,9.75962045334739,10,96.47,9.75962045334739,96.47001934235976,1.041095890410962,99.1779497098646,77451.95000000019,14.361702127659576,1.0,0.0,1.0520487264673342,99.56479690522244,15,0.4983388704318914,1.0,0.49586776859504444,1.1142061281337101,0.5263157894736826,1.1019283746556474,4.622950819672131,1788938460,366.0,-0.5601092896174942,0.5601092896174942,-0.5601092896174942,0.6693989071038242,0.6693989071038242,-0.10928961748633004,0.10928961748633004,-0.10928961748633004,0.7377049180327888,0.7377049180327888,0.23224043715848186,0.23224043715848186,0.23224043715848186,0.8196721311475308,1.5573770491803196,993854
BSE_EQ|531359,Shriram Asset Management Company,8c0ff6afad845de81a913bee,1788928926.899729,10:12:06,VOLATILITY_IGNITION,4,SHORT,False,False,False,account_analysis_capacity_in_use,0.17308,21.30760108768575,4,98.4486,21.30760108768575,98.44858156028369,4.596153846153841,99.86702127659575,195794.99999999997,19.54787234042553,1.0,-0.06303918585047785,-4.331150922625341,99.86702127659575,13,,,,,,,,1788928980,265.0,-0.37735849056603765,0.37735849056603765,0.37735849056603765,1.8867924528301883,1.8867924528301883,-0.37735849056603765,0.37735849056603765,0.37735849056603765,1.8867924528301883,1.8867924528301883,-0.37735849056603765,0.37735849056603765,0.37735849056603765,1.8867924528301883,1.8867924528301883,993849
NSE_EQ|22656,Signpost India,3e4f07bfd9cf8f9ff689c605,1788928076.940498,09:57:56,OPENING_RANGE_ACCEPTANCE,8,SHORT,False,False,False,account_analysis_capacity_in_use,0.0761,12.452283050465182,8,96.7898,12.452283050465182,96.78979771328056,2.9294274300932046,99.95602462620933,15539702.650000006,87.55496921723834,0.7391304347826101,-0.07361963190184329,-2.700561984521312,99.95602462620933,15,-2.1453671167005806,1.0,2.2869022869022912,-2.73897058823529,0.7339901477832477,3.0429030429030473,12.96968889481047,1788928080,261.35,0.057394298832980084,0.057394298832980084,-0.057394298832980084,0.6122058542184949,1.0522288119380163,0.4591543906638629,0.4591543906638629,-0.4591543906638629,0.6122058542184949,1.2244117084369566,0.6313372871628031,0.6313372871628031,-0.6313372871628031,0.6313372871628031,1.243543141381298,993848
NSE_EQ|22656,Signpost India,cda67b77c1edc1947023a41b,1788928288.983919,10:01:28,VWAP_REVERSION,5,LONG,False,False,False,maximum_concurrent_trade_slots_in_use,0.07656,17.633593506282008,5,98.189,17.633593506282008,98.18904593639576,2.162265595101407,99.60247349823321,14135189.849999998,83.96643109540636,0.6190476190476345,-0.13840837078501705,-1.2578180443093183,99.16077738515902,15,-1.8637048192771233,0.7674418604651179,2.2443890274314304,-4.208011760382224,0.8841698841698846,4.929982735469029,2.486634932259246,1788928320,261.15,0.4786521156423529,0.4786521156423529,0.4786521156423529,0.6892590465249926,0.8998659774076101,0.593528623396522,0.593528623396522,0.593528623396522,0.6892590465249926,0.8998659774076101,0.670112961899294,0.670112961899294,0.670112961899294,0.9573042312847058,1.1679111621673233,993849
NSE_EQ|22656,Signpost India,f405c474cb67ab247b0f80ba,1788938957.800702,12:59:17,VOLATILITY_IGNITION,9,LONG,False,False,False,maximum_concurrent_trade_slots_in_use,0.05495,7.001681430356556,9,94.7236,7.001681430356556,94.72361809045226,2.93040293040293,99.94974874371859,4923791.9499999955,78.44221105527637,0.7714285714285652,0.029953571963446425,2.6402231862163292,99.94974874371859,12,,,,,,,,1788939000,273.1,1.373123398022713,1.373123398022713,1.373123398022713,2.3983888685463084,2.4166971805199444,2.160380812889051,2.160380812889051,2.160380812889051,3.0025631636763084,3.7715122665690326,2.709630172098132,2.709630172098132,2.709630172098132,3.991212010252654,4.760161113145378,993854
NSE_EQ|22656,Signpost India,9280e72a9f49827e07487918,1788939116.482441,13:01:56,OPENING_RANGE_ACCEPTANCE,9,LONG,False,False,False,maximum_concurrent_trade_slots_in_use,0.07197,8.01153433924588,9,95.2165,8.01153433924588,95.21651560926485,3.9222741993522767,99.9496475327291,11996117.050000004,87.7643504531722,0.6590909090909073,0.0176377212064208,4.006318857494684,99.9496475327291,13,3.830188679245272,0.9712918660287123,3.8342722151553743,,,,,1788939120,277.3,-0.8294266137756967,0.8294266137756967,-0.8294266137756967,2.2719076812116934,3.119365308330335,0.25243418680129803,0.25243418680129803,0.25243418680129803,2.2719076812116934,3.714388748647679,1.2621709340064902,1.2621709340064902,1.2621709340064902,2.4161557879552875,4.6880634691669805,993855
NSE_EQ|22656,Signpost India,411bbf2275b179e3f78607f7,1788939140.908145,13:02:20,VWAP_REVERSION,8,SHORT,False,False,False,maximum_concurrent_trade_slots_in_use,0.1083,8.352922117958599,8,95.3869,8.352922117958599,95.38690476190477,4.079422382671484,99.95039682539682,14668190.700000003,89.6329365079365,0.1111111111111158,0.011549636090084456,3.7337687159698407,99.95039682539682,13,3.7993636533782738,0.9712918660287124,3.930760908763064,,,,,1788939180,278.0,-1.510791366906472,1.510791366906472,1.510791366906472,2.517985611510787,3.1115107913669005,0.017985611510784594,0.017985611510784594,-0.017985611510784594,2.517985611510787,3.705035971223014,1.0791366906474753,1.0791366906474753,-1.0791366906474753,2.517985611510787,4.67625899280576,993855
NSE_EQ|22656,Signpost India,bf07bd346dc7742ca5c79a73,1788939462.454878,13:07:42,VWAP_REVERSION,8,SHORT,False,False,False,maximum_concurrent_trade_slots_in_use,0.16364,11.611995889348934,8,97.1528,11.611995889348934,97.15284715284716,3.4727272727272567,99.95004995004994,26344636.049999982,93.45654345654346,0.05660377358490431,-0.017962996227774874,-1.061173694419707,99.15084915084915,13,-0.8294266137756967,0.165467625899281,3.145454545454537,,,,,1788939480,273.8,2.2644265887509007,2.2644265887509007,-2.2644265887509007,2.7392257121986896,2.794010226442678,2.8487947406866443,2.8487947406866443,-2.8487947406866443,3.19576333089846,3.2505478451424485,1.1869978086194388,1.1869978086194388,-1.1869978086194388,3.725346968590215,3.7801314828342036,993855
NSE_EQ|22656,Signpost India,422c507a3e61642a9408459a,1788939777.616335,13:12:57,VWAP_REVERSION,4,SHORT,False,False,False,maximum_concurrent_trade_slots_in_use,0.07149,13.840890485460562,4,97.7963,13.840890485460562,97.79627815866797,2.7370304114490285,99.95102840352595,18134320.85000004,91.5279138099902,0.050847457627121256,-0.05152979066022251,1.687893427023859,99.85308521057786,15,1.7084696474009453,0.5875000000000028,2.4481772694782067,4.735167508890159,0.3922480620155056,4.824874910650465,0.9107880926949333,1788939780,280.0,-0.6964285714285645,0.6964285714285645,0.6964285714285645,0.7142857142857117,0.910714285714298,0.5178571428571477,0.5178571428571477,-0.5178571428571477,1.4285714285714235,2.1428571428571352,-1.0714285714285676,1.0714285714285676,1.0714285714285676,1.4285714285714235,2.8214285714285636,993855
NSE_EQ|22656,Signpost India,fa6fb35c74bc07ebb1db4b1c,1788940113.036816,13:18:33,VOLATILITY_IGNITION,7,LONG,False,False,False,maximum_concurrent_trade_slots_in_use,0.08969,10.321544949204524,7,96.002,10.321544949204524,97.01417004048582,0.6279153211338356,96.00202429149797,7803950.849999994,84.26113360323887,1.0,0.0,-0.3040600965838035,92.76315789473685,15,-0.6964285714285645,0.9512195121951111,0.9171012407840357,0.017985611510784594,0.0021413276231268285,3.704369717676681,0.2358004141122975,1788940140,278.0,1.9424460431654689,1.9424460431654689,1.9424460431654689,2.158273381294973,2.158273381294973,0.7913669064748108,0.7913669064748108,0.7913669064748108,2.158273381294973,2.158273381294973,-1.3309352517985595,1.3309352517985595,-1.3309352517985595,2.158273381294973,3.9028776978417445,993855
NSE_EQ|22656,Signpost India,06b9786dc985cfc0275c5389,1788940118.660883,13:18:38,OPENING_RANGE_ACCEPTANCE,8,LONG,False,False,False,maximum_concurrent_trade_slots_in_use,0.03587,10.32513896875599,8,95.473,10.32513896875599,96.99898270600204,0.6278026905829596,95.47304170905392,7485278.449999988,83.5707019328586,1.0,0.0,-0.08960573476702509,55.493387589013224,15,-0.6964285714285645,0.9512195121951111,0.9171012407840357,0.017985611510784594,0.0021413276231268285,3.704369717676681,0.2358004141122975,1788940140,278.0,1.9424460431654689,1.9424460431654689,1.9424460431654689,2.158273381294973,2.158273381294973,0.7913669064748108,0.7913669064748108,0.7913669064748108,2.158273381294973,2.158273381294973,-1.3309352517985595,1.3309352517985595,-1.3309352517985595,2.158273381294973,3.9028776978417445,993855
NSE_EQ|22656,Signpost India,1a857d2621109d2fefeb0f92,1788940508.438471,13:25:08,VWAP_REVERSION,4,SHORT,False,False,False,maximum_concurrent_trade_slots_in_use,0.08839,17.506859125822288,4,98.6486,17.506859125822288,98.64864864864865,2.1035884744564215,99.84984984984985,36813439.10000007,96.24624624624624,0.09311740890687972,0.0,1.489056332974537,99.94994994994994,15,1.8837459634015064,0.9292035398230126,2.0954393379116003,2.4905251759610003,0.6052631578947361,2.7997886951928117,5.448589286757404,1788940560,281.9,-0.4611564384533362,0.4611564384533362,0.4611564384533362,1.383469315360053,1.4189428875487908,-1.5253636041149155,1.5253636041149155,1.5253636041149155,1.968783256473916,2.004256828662654,-2.8910961333806218,2.8910961333806218,2.8910961333806218,3.1039375665129487,3.1394111387016865,993855
NSE_EQ|22656,Signpost India,062e8acb837af67e243393f2,1788940814.331132,13:30:14,VWAP_REVERSION,2,SHORT,False,False,False,maximum_concurrent_trade_slots_in_use,0.05356,18.78899216708083,2,98.8614,18.78899216708083,98.86138613861387,1.789228842368939,99.85148514851485,22238731.649999946,93.11881188118812,0.0758620689655194,0.022772931148890396,-1.1024189488480094,99.45544554455445,15,-0.9708737864077666,0.4782608695652174,1.8716577540106951,0.5376344086021501,0.10791366906474838,2.1390374331550803,1.037721134046648,1788940860,280.6,-0.1781895937277289,0.1781895937277289,0.1781895937277289,0.46329294369209517,0.6058446186742783,-1.2116892373485455,1.2116892373485455,1.2116892373485455,1.603706343549538,1.7462580185317211,-2.280826799714908,2.280826799714908,2.280826799714908,2.7975766215253106,2.9401282965074937,993856
NSE_EQ|22656,Signpost India,2e1cf1a14621aa1ae75db975,1788941201.37293,13:36:41,VWAP_REVERSION,7,SHORT,False,False,False,maximum_concurrent_trade_slots_in_use,0.0714,19.49238012983033,7,96.7253,19.49238012983033,98.87585532746823,0.6069260978222022,96.72531769305964,9858004.849999964,87.63440860215054,0.02702702702703367,-0.02769315978953828,-0.25710570101500235,89.6871945259042,15,-0.1781895937277289,0.31249999999999556,0.6069260978222022,0.7010605788243973,0.13978494623656196,2.142092109960728,0.2793689617219029,1788941220,277.35,-0.32449972958357165,0.32449972958357165,0.32449972958357165,0.45069406886605323,0.8653326122228244,-0.8292770867135424,0.8292770867135424,0.8292770867135424,1.5143320713899566,1.9289706147467278,-1.7306652244456489,1.7306652244456489,1.7306652244456489,1.7306652244456489,2.14530376780242,993856
NSE_EQ|22656,Signpost India,a5b40413165e0940312c0301,1788941665.961675,13:44:25,OPENING_RANGE_ACCEPTANCE,4,LONG,False,False,False,maximum_concurrent_trade_slots_in_use,0.10793,20.957707673233227,4,97.6121,20.957707673233227,99.07407407407408,0.6841915736406112,97.61208576998051,5174267.25,80.16569200779728,0.8749999999999734,-0.0044326841167033485,-0.06753564981636202,51.31578947368421,15,-0.2161383285302687,0.2727272727272774,0.6859205776173203,-0.7168458781361964,0.2222222222222194,1.7689530685920496,0.34782756049617025,1788941700,278.0,-0.9712230215827344,0.9712230215827344,-0.9712230215827344,1.7446043165467717,1.7446043165467717,-1.1870503597122384,1.1870503597122384,-1.1870503597122384,1.7446043165467717,1.7446043165467717,-1.3129496402877638,1.3129496402877638,-1.3129496402877638,2.499999999999991,2.499999999999991,993856
NSE_EQ|22656,Signpost India,50e1339aab6036f86ba1501b,1788943152.781886,14:09:12,VWAP_REVERSION,1,LONG,False,False,False,maximum_concurrent_trade_slots_in_use,0.12832,24.613050613917192,1,98.89,24.613050613917192,98.88996138996139,1.0999083409715857,99.17953667953668,2412489.9500000477,68.67760617760618,0.05128205128204792,0.0,-0.6917895503367841,98.7934362934363,15,-0.910249408337882,0.7812499999999889,1.102333272092596,-1.1082848837209336,0.27853881278538656,1.451405474921935,0.751061390188726,1788943200,272.85,0.5497526113249052,0.5497526113249052,0.5497526113249052,0.7879787428990204,1.4476818764889043,-0.5864027854132425,0.5864027854132425,-0.5864027854132425,0.7879787428990426,1.575957485798063,1.5576323987538832,1.5576323987538832,1.5576323987538832,1.5576323987538832,2.3456111416529257,993857
NSE_EQ|22656,Signpost India,babf0ead4f59d108e6bf7076,1788943658.562824,14:17:38,VOLATILITY_IGNITION,2,SHORT,False,False,False,maximum_concurrent_trade_slots_in_use,0.05485,25.13232863668422,2,99.1071,25.13232863668422,99.10714285714286,1.3530810020113324,99.57706766917293,5662967.75,78.52443609022556,1.0,-0.023092132837488365,0.8155727815658249,99.3890977443609,15,0.8279668813247376,0.5294117647058824,1.3686131386861313,0.2011336624611504,0.048888888888889655,1.4416058394160542,0.6026668316678525,1788943680,273.65,-0.9135757354284624,0.9135757354284624,0.9135757354284624,0.9135757354284624,0.9135757354284624,0.6212315000913682,0.6212315000913682,-0.6212315000913682,1.0780193678055827,1.9367805591083531,-0.21925817650282342,0.21925817650282342,0.21925817650282342,1.260734514891304,2.3387538826968868,993857
NSE_EQ|22656,Signpost India,ce88f3cb0afd12a57946fb4c,1788944159.321713,14:25:59,VWAP_REVERSION,6,LONG,False,False,False,maximum_concurrent_trade_slots_in_use,0.09191,24.928226618328537,6,96.9856,24.928226618328537,99.0909090909091,0.7904411764706007,96.98564593301435,902968.0000000298,48.85167464114832,0.6521739130434911,0.009202171712515786,-0.3207286514633029,92.67942583732058,15,-0.5864027854132425,0.63999999999998,0.7926267281106116,-0.5864027854132425,0.156862745098039,1.5852534562212024,0.29547553093259465,1788944160,272.25,1.3406795224977008,1.3406795224977008,1.3406795224977008,1.377410468319562,1.377410468319562,1.377410468319562,1.377410468319562,1.377410468319562,1.7814508723599687,1.7814508723599687,0.31221303948576473,0.31221303948576473,0.31221303948576473,1.7814508723599687,1.7814508723599687,993857
NSE_EQ|22656,Signpost India,926a318c208c1baef71de5c6,1788944162.334108,14:26:02,VOLATILITY_IGNITION,6,LONG,False,False,False,maximum_concurrent_trade_slots_in_use,0.12856,24.922550219251534,6,96.9653,24.922550219251534,99.08477842003853,0.7904411764706007,96.96531791907515,902968.0000000298,49.27745664739884,0.6521739130434911,0.0076299253705773736,-0.3191564051213645,92.53371868978806,15,-0.31152647975078995,0.2615384615384594,0.7904411764706007,-0.1468428781204012,0.03809523809523552,1.5808823529411806,0.30080026400462007,1788944220,273.2,0.8601756954612183,0.8601756954612183,0.8601756954612183,1.024890190336758,1.0431918008784846,0.7869692532943118,0.7869692532943118,0.7869692532943118,1.427525622254766,1.4458272327964927,-0.25622254758418395,0.25622254758418395,-0.25622254758418395,1.427525622254766,1.793557833089321,993857
NSE_EQ|22656,Signpost India,727c44e3f5fe6387e1e56311,1788944305.282469,14:28:25,OPENING_RANGE_ACCEPTANCE,3,LONG,False,False,False,dhan_authorization_or_ip_unavailable,0.09116,24.893809217788984,3,98.9875,24.893809217788984,98.98746383799421,1.367365542388332,99.56605593056895,1295510.0500000417,55.20732883317261,0.5,0.0,0.9756995581737765,99.46962391513982,15,1.1992619926199266,0.8227848101265728,1.4949863263445844,0.45787545787545625,0.12437810945273407,1.5679124886052913,1.0224865477201925,1788944340,274.25,0.23701002734730636,0.23701002734730636,0.23701002734730636,0.6381039197812299,0.6381039197812299,0.3828623518687291,0.3828623518687291,0.3828623518687291,1.0391978122151313,1.1121239744758427,-0.6563354603464022,0.6563354603464022,-0.6563354603464022,1.0391978122151313,1.9143117593436565,993857
NSE_EQ|22656,Signpost India,9bca888b7e96e43d1449320c,1788945256.321092,14:44:16,VOLATILITY_IGNITION,4,SHORT,False,False,False,dhan_authorization_or_ip_unavailable,0.14559,25.303147359066568,4,97.6923,25.303147359066568,99.0497737556561,0.9104151493080845,97.6923076923077,2947374.0500000715,64.29864253393666,1.0,-0.01566988769913578,-0.5095972740469206,95.52036199095024,15,-0.32585083272990145,0.3214285714285685,0.6538321830730154,0.3828623518687291,0.11111111111111378,1.107882310207051,0.12489564201035232,1788945300,274.55,-0.23675104716810447,0.23675104716810447,0.23675104716810447,0.6556182844654979,0.6556182844654979,-1.0562739027499712,1.0562739027499712,1.0562739027499712,1.0562739027499712,1.0562739027499712,-1.4022946639956402,1.4022946639956402,1.4022946639956402,1.730103806228378,1.730103806228378,993858
NSE_EQ|22656,Signpost India,e2536ae472729e57a0eb05c2,1788946089.965159,14:58:09,VOLATILITY_IGNITION,6,SHORT,False,False,False,dhan_authorization_or_ip_unavailable,0.12868,24.534148070262596,6,97.5962,24.534148070262596,99.25699300699301,0.9375000000000041,97.59615384615384,2094211.0999999344,56.9493006993007,1.0,0.007738468486702699,-0.465195010115248,94.88636363636364,15,-0.45745654162854255,0.3246753246753228,0.9375000000000042,-1.2345679012345623,0.419753086419755,1.2499999999999916,3.634746076856543,1788946140,272.45,-0.11011194714627415,0.11011194714627415,0.11011194714627415,0.5322077445402806,0.8258396035969895,-0.4037438062029608,0.4037438062029608,0.4037438062029608,0.9726555331253328,1.5048632776656135,-0.5872637181134066,0.5872637181134066,0.5872637181134066,1.2662873921820528,1.7984951367223334,993858
NSE_EQ|22656,Signpost India,29115efab58bbc2c33538cf5,1788946106.164736,14:58:26,VWAP_REVERSION,5,LONG,False,False,False,dhan_authorization_or_ip_unavailable,0.09169,24.494249789696564,5,97.713,24.494249789696564,99.41704035874439,0.9352649917476662,97.71300448430493,2120385.4999999404,55.56053811659193,0.1612903225806499,0.0,-0.21957913998171008,83.6322869955157,15,-0.45745654162854255,0.3246753246753228,0.9375000000000042,-1.2345679012345623,0.419753086419755,1.2499999999999916,3.634746076856543,1788946140,272.45,-0.11011194714627415,0.11011194714627415,-0.11011194714627415,0.5322077445402806,0.8258396035969895,-0.4037438062029608,0.4037438062029608,-0.4037438062029608,0.9726555331253328,1.5048632776656135,-0.5872637181134066,0.5872637181134066,-0.5872637181134066,1.2662873921820528,1.7984951367223334,993858
BSE_EQ|543986,South West Pinnacle,731526e65af91bd362bb508d,1788925952.312142,09:22:32,GAP_REJECTION,4,LONG,False,False,False,account_analysis_capacity_in_use,0.16649,129.98245614035088,4,99.1525,129.98245614035088,99.15254237288136,3.433922996878252,99.42016057091882,3672707.5,48.84032114183764,0.39130434782608337,-0.09333195063776598,0.010154574883975725,2.631578947368421,8,0.272023435865254,0.050583657587549104,3.443238731218698,,,,,1788925980,238.2,0.4408060453400475,0.4408060453400475,0.4408060453400475,0.9026028547439058,0.9655751469353269,1.4063811922754077,1.4063811922754077,1.4063811922754077,2.015113350125941,2.078085642317362,1.049538203190603,1.049538203190603,1.049538203190603,2.686817800167929,2.74979009235935,993847
BSE_EQ|543986,South West Pinnacle,8423ca21bc4e4784898cf9d4,1788932338.183958,11:08:58,VOLATILITY_IGNITION,1,LONG,False,False,False,maximum_concurrent_trade_slots_in_use,0.08276,15.787416740237386,1,98.1446,15.787416740237386,98.14462416745955,1.0552451893234063,98.33491912464319,451122.90000000596,33.72978116079924,1.0,-0.04541326067212658,0.41924503637306354,93.48239771646053,15,0.1250781738586726,0.1500000000000014,0.6870705808869481,0.1877346683354153,0.08737864077670128,0.7703518634186942,1.4457553956834535,1788932340,241.65,-0.24829298572315306,0.24829298572315306,-0.24829298572315306,0.39313056072833863,0.39313056072833863,-0.537968135733502,0.537968135733502,-0.537968135733502,0.6828057107386765,0.6828057107386765,-1.9863438857852356,1.9863438857852356,-1.9863438857852356,2.3380922822263672,2.3380922822263672,993851
BSE_EQ|543986,South West Pinnacle,7f554cc1a0ca0b5b10e49097,1788941193.666419,13:36:33,OPENING_RANGE_ACCEPTANCE,9,SHORT,False,False,False,maximum_concurrent_trade_slots_in_use,0.19759,9.536771728748807,9,96.54,9.536771728748807,96.53996101364523,0.9220636663007659,98.87914230019493,205886.0,27.43664717348928,1.0,-0.027846299900376188,-0.885793030097446,99.17153996101365,15,-0.9136393299978174,1.0,0.9220636663007659,-0.6543075245365348,0.5555555555555579,0.9220636663007659,3616.0,1788941220,227.9,-0.021939447125940426,0.021939447125940426,0.021939447125940426,0.19745502413339722,0.19745502413339722,-0.0877577885037395,0.0877577885037395,0.0877577885037395,0.811759543659496,0.811759543659496,0.06581834137779907,0.06581834137779907,-0.06581834137779907,0.811759543659496,1.1627906976744096,993856
NSE_EQ|31837,Sreeleathers,2f4be5d8273cf956bd01f06b,1788927214.03407,09:43:34,VWAP_REVERSION,3,SHORT,False,False,False,account_analysis_capacity_in_use,0.18579,28.940166903550228,3,98.7179,28.940166903550228,98.71794871794873,1.9219680953296174,99.3368700265252,2448649.3899999987,56.10079575596817,0.10460251046025164,0.009425070688034982,1.3477177864548244,99.60212201591511,15,2.1937247754198808,1.0,2.1466335435378077,4.243027888446216,0.5690115761353536,4.134021275240467,0.7088566168950706,1788927240,311.0,-1.4469453376205754,1.4469453376205754,1.4469453376205754,2.2508038585209,2.2508038585209,-2.5723472668810254,2.5723472668810254,2.5723472668810254,2.5723472668810254,2.5723472668810254,-0.8617363344051499,0.8617363344051499,0.8617363344051499,2.5723472668810254,2.5723472668810254,993848
NSE_EQ|31837,Sreeleathers,3e8bbce5c8364f2c8d2c60d9,1788927313.311865,09:45:13,VOLATILITY_IGNITION,6,SHORT,False,False,False,maximum_concurrent_trade_slots_in_use,0.02961,22.040909708749982,6,98.2033,22.040909708749982,98.20333041191937,3.289473684210526,99.69325153374233,3267444.719999999,62.00701139351447,1.0,-0.043922257604050836,-2.7134189233824517,99.69325153374233,15,-1.837726497376968,0.466122448979588,2.9508196721311477,1.3289036544850585,0.15455950540958271,4.262295081967213,1.5335885167464114,1788927360,304.89,-0.35750598576534953,0.35750598576534953,0.35750598576534953,0.6854931286693677,1.0429991144347173,-0.33454688576207703,0.33454688576207703,0.33454688576207703,0.6854931286693677,1.3053888287579252,1.2266719144609528,1.2266719144609528,-1.2266719144609528,1.6760143002394257,2.295910000327983,993848
NSE_EQ|31837,Sreeleathers,e1cb27aa4902524e3531bc93,1788927674.31513,09:51:14,VOLATILITY_IGNITION,5,SHORT,False,False,False,account_analysis_capacity_in_use,0.0132,20.351557283046567,5,97.9583,20.351557283046567,97.95825771324864,1.310187782581442,98.04900181488203,1041338.0399999991,38.61161524500908,1.0,-0.13107681376655464,-0.48227926075456995,90.69872958257713,15,-0.35750598576534953,0.20683111954458577,1.0467412771560258,-1.6828478964401206,0.22355975924333527,3.3574720210664872,0.4841879926048458,1788927720,304.88,-0.2919181317239561,0.2919181317239561,0.2919181317239561,0.6035161374967069,0.7707950669115449,1.5743899239044845,1.5743899239044845,-1.5743899239044845,1.6793492521647968,2.2959853056940482,0.06231960115454793,0.06231960115454793,-0.06231960115454793,1.6793492521647968,2.2959853056940482,993848
NSE_EQ|31837,Sreeleathers,a810234598690c6942c2d356,1788928426.832707,10:03:46,VOLATILITY_IGNITION,3,LONG,False,False,False,account_analysis_capacity_in_use,0.07497,17.637412646706565,3,98.0211,17.637412646706565,98.28496042216359,1.2386322891880475,98.02110817941953,600686.3200000003,28.100263852242747,0.9924812030075257,-0.11502388957706199,1.1990436589345645,98.98856640281443,15,0.2868636243735123,0.43283582089552664,0.4405720861416982,-0.3113733202228963,0.07358636715724551,1.3085648528686564,0.22792982456140354,1788928440,307.5,0.5788617886178793,0.5788617886178793,0.5788617886178793,0.8130081300812941,0.9756097560975507,0.4650406504065119,0.4650406504065119,0.4650406504065119,0.8130081300812941,0.9756097560975507,-1.1121951219512205,1.1121951219512205,-1.1121951219512205,1.3723577235772444,2.1853658536585385,993849
NSE_EQ|31837,Sreeleathers,2021fab74da75bc332ca0cdd,1788928430.125953,10:03:50,OPENING_RANGE_ACCEPTANCE,3,LONG,False,False,False,account_analysis_capacity_in_use,0.17882,17.637412646706565,3,98.0211,17.637412646706565,98.28496042216359,1.2386322891880475,98.02110817941953,600686.3200000003,28.100263852242747,0.9924812030075257,-0.11502388957706199,1.1990436589345645,98.98856640281443,15,0.2868636243735123,0.43283582089552664,0.4405720861416982,-0.3113733202228963,0.07358636715724551,1.3085648528686564,0.22792982456140354,1788928440,307.5,0.5788617886178793,0.5788617886178793,0.5788617886178793,0.8130081300812941,0.9756097560975507,0.4650406504065119,0.4650406504065119,0.4650406504065119,0.8130081300812941,0.9756097560975507,-1.1121951219512205,1.1121951219512205,-1.1121951219512205,1.3723577235772444,2.1853658536585385,993849
BSE_EQ|534748,Steel Exchange India,ed31afd1bdea331bbd6ac2a8,1788927690.837842,09:51:30,VWAP_REVERSION,4,SHORT,False,False,False,account_analysis_capacity_in_use,0.16556,25.084810844267373,4,98.2667,25.084810844267373,98.35555555555555,1.3245033112582794,98.26666666666667,167011.07000000123,12.933333333333334,0.07692307692307482,-0.1177163037080736,0.8683418249757956,97.82222222222222,15,0.663900414937757,0.39999999999999825,1.3190436933223424,2.8837998303647305,0.41463414634146434,3.3800494641385006,0.12085455789553715,1788927720,12.01,0.33305578684430515,0.33305578684430515,-0.33305578684430515,0.6661115736885881,0.7493755203996644,-0.41631973355535923,0.41631973355535923,0.41631973355535923,0.9159034138218058,1.582014987510394,-0.8326394671107407,0.8326394671107407,0.8326394671107407,1.4154870940882636,2.0815986677768517,993848
BSE_EQ|534748,Steel Exchange India,e5531e2ed3aea6db90692aa3,1788935946.446728,12:09:06,OPENING_RANGE_ACCEPTANCE,2,LONG,False,False,False,maximum_concurrent_trade_slots_in_use,0.163,26.837354372079936,2,98.9068,26.837354372079936,98.90684410646388,1.3854930725346368,99.66730038022814,225263.61999999732,27.043726235741445,1.0,-0.005525114474198574,-0.883004772440189,99.76235741444867,15,-0.8885298869143909,0.6470588235294191,1.3854930725346368,-1.0483870967741948,0.3939393939393962,1.7114914425427799,0.18879646709502226,1788936000,12.28,0.08143322475568926,0.08143322475568926,0.08143322475568926,0.32573289902280145,0.48859934853420217,-1.0586319218240936,1.0586319218240936,-1.0586319218240936,1.0586319218240936,1.384364820846895,-0.895765472312704,0.895765472312704,-0.895765472312704,1.3029315960912058,1.6286644951140072,993853
BSE_EQ|534748,Steel Exchange India,bb680ae6110c96d3a68a5c9f,1788936168.13305,12:12:48,VOLATILITY_IGNITION,2,SHORT,False,False,False,maximum_concurrent_trade_slots_in_use,0.16287,26.935933209722453,2,98.2587,26.935933209722453,98.85572139303483,0.895765472312699,98.2587064676617,277795.87999999896,28.308457711442784,1.0,0.0,0.5733005733005611,97.96019900497512,15,0.1626016260162677,0.14285714285713924,0.8928571428571382,-0.4846526655896688,0.20000000000000237,1.704545454545447,0.458840292323552,1788936180,12.28,-0.24429967426710109,0.24429967426710109,0.24429967426710109,0.24429967426710109,0.4071661237785018,-0.6514657980456029,0.6514657980456029,0.6514657980456029,1.0586319218240936,1.2214983713354943,-0.08143322475570036,0.08143322475570036,0.08143322475570036,1.3029315960912058,1.4657980456026065,993853
BSE_EQ|534748,Steel Exchange India,c2fbe307560892be9e72daa1,1788936683.025355,12:21:23,OPENING_RANGE_ACCEPTANCE,5,LONG,False,False,False,maximum_concurrent_trade_slots_in_use,0.08183,28.232885024799774,5,96.8126,28.232885024799774,99.28639391056137,0.7364975450081821,96.81255946717413,62233.92000000179,11.655566127497622,1.0,-0.025573267411133863,-0.5439954876742894,96.90770694576594,15,-0.48859934853419107,0.75,0.7364975450081821,-0.6504065040650375,0.2666666666666647,0.9001636661211082,0.10550525113788055,1788936720,12.21,-0.08190008190009923,0.08190008190009923,-0.08190008190009923,0.49140049140049546,0.49140049140049546,-0.6552006552006606,0.6552006552006606,-0.6552006552006606,0.7371007371007487,0.7371007371007487,0.16380016380015405,0.16380016380015405,0.16380016380015405,0.7371007371007487,1.2285012285012331,993853
BSE_EQ|534748,Steel Exchange India,5dd8a262535570979c6a857a,1788941363.896988,13:39:23,OPENING_RANGE_ACCEPTANCE,10,LONG,False,False,False,maximum_concurrent_trade_slots_in_use,0.16393,23.048047828809498,10,96.3317,23.048047828809498,98.94472361809046,0.6557377049180334,96.33165829145729,341419.66000000015,31.4070351758794,1.0,0.0,-0.16366612111294065,79.24623115577889,15,-0.40816326530612734,0.2941176470588309,0.6557377049180334,0.0,0.0,0.6557377049180334,7.266769623312966,1788941400,12.2,0.16393442622952836,0.16393442622952836,0.16393442622952836,0.24590163934425924,0.4098360655737876,0.4098360655737654,0.4098360655737654,0.4098360655737654,0.4098360655737654,0.6557377049180246,-0.4918032786885185,0.4918032786885185,-0.4918032786885185,0.4918032786885185,0.9016393442622839,993856
NSE_EQ|967,Subex,7a2ec3095bb81d48d8b07078,1788932709.298335,11:15:09,VWAP_REVERSION,9,SHORT,False,False,False,maximum_concurrent_trade_slots_in_use,0.1004,8.94541721725949,9,95.2133,8.94541721725949,95.2132701421801,2.2077270446563038,99.95260663507109,61057328.53000015,97.01421800947867,0.20408163265305893,-0.06289308176100496,0.6686477511199196,97.58293838862559,15,2.2222222222222143,1.0,2.272727272727277,4.599483204134347,0.7876106194690295,4.446640316205527,2.7627437343283616,1788932760,19.48,0.5646817248459834,0.5646817248459834,-0.5646817248459834,2.4640657084188944,3.080082135523632,-1.4887063655030786,1.4887063655030786,1.4887063655030786,2.4640657084188944,3.080082135523632,-2.4127310061601626,2.4127310061601626,2.4127310061601626,3.490759753593431,4.106776180698168,993851
NSE_EQ|967,Subex,cccb9009b57133ab46ffb97e,1788934279.950145,11:41:19,VWAP_REVERSION,5,LONG,False,False,False,maximum_concurrent_trade_slots_in_use,0.10582,12.064499600983858,5,97.0907,12.064499600983858,97.09072978303747,2.278749337572865,99.55621301775149,13155353.590000033,88.01775147928994,0.2580645161290321,0.0,-1.8720748829953167,99.65483234714004,15,-2.0800832033281424,1.0,2.283590015932022,-2.6873385012920026,0.6341463414634237,2.97397769516728,2.7926583771999125,1788934320,19.05,0.0,0.0,0.0,0.9973753280839937,1.2598425196850505,-0.734908136482948,0.734908136482948,-0.734908136482948,1.207349081364828,1.4698162729658848,-0.47244094488189115,0.47244094488189115,-0.47244094488189115,1.207349081364828,1.4698162729658848,993852
NSE_EQ|967,Subex,8082cc7aba026777a1f0ebc0,1788935073.206467,11:54:33,VWAP_REVERSION,8,LONG,False,False,False,account_analysis_capacity_in_use,0.15898,12.304549144138749,8,97.2527,12.304549144138749,97.25274725274726,1.0068892421833666,97.95204795204795,7199281.409999788,80.26973026973026,0.03703703703704191,-0.07491657018321435,-0.6615379274496134,97.45254745254745,15,-1.153644467750392,0.8461538461538483,1.4323607427055867,-1.1017838405036562,0.21212121212120974,1.6445623342174998,0.7991294902645212,1788935100,18.89,0.21175224986764718,0.21175224986764718,0.21175224986764718,0.6881948120698755,0.7411328745367984,0.47644256220222836,0.47644256220222836,0.47644256220222836,0.9528851244044345,1.0058231868713574,0.47644256220222836,0.47644256220222836,0.47644256220222836,1.164637374272104,1.2175754367390268,993852
NSE_EQ|967,Subex,8a42c277da5151dafa2d21ee,1788941977.895945,13:49:37,VOLATILITY_IGNITION,6,LONG,False,False,False,maximum_concurrent_trade_slots_in_use,0.10433,10.384022130903809,6,97.0618,10.384022130903809,97.06175298804781,0.78247261345854,97.16135458167331,1911917.4100000262,65.48804780876493,0.7777777777777821,0.0,0.6827731092437109,98.65537848605578,15,-0.052521008403350056,0.11111111111108479,0.26274303730951504,-0.4186289900575568,0.19999999999999646,0.47293746715711954,1.2438846434468722,1788942000,19.19,-0.5732152162584825,0.5732152162584825,-0.5732152162584825,1.1464304325169539,1.615424700364787,-0.7816571130797367,0.7816571130797367,-0.7816571130797367,1.1464304325169539,1.615424700364787,-0.7816571130797367,0.7816571130797367,-0.7816571130797367,1.1464304325169539,1.615424700364787,993856
NSE_EQ|20616,Superhouse,b3bf24c715c9938bf16f82df,1788934542.200056,11:45:42,VOLATILITY_IGNITION,1,LONG,False,False,False,maximum_concurrent_trade_slots_in_use,0.12818,40.11266511266511,1,99.0206,40.11266511266511,99.43298969072166,1.4308681672025658,99.02061855670104,406425.87000000104,35.30927835051546,1.0,0.01632115323668553,1.4353180573325457,99.63917525773196,15,0.5763062034469746,0.430894308943084,0.5730039461592531,0.5107307796794247,0.15824915824915792,0.5730039461592531,1.0145695364238412,1788934560,187.24,-1.1429181798761068,1.1429181798761068,-1.1429181798761068,1.6769920957060536,1.6769920957060536,-2.3178807947019875,2.3178807947019875,-2.3178807947019875,3.7598803674428694,3.7598803674428694,-2.798547318948952,2.798547318948952,-2.798547318948952,3.7598803674428694,3.7598803674428694,993852
NSE_EQ|20616,Superhouse,d2230de6e2838244c71aa2bf,1788934545.813238,11:45:45,OPENING_RANGE_ACCEPTANCE,1,LONG,False,False,False,maximum_concurrent_trade_slots_in_use,0.04273,40.56099456099456,1,99.4301,40.56099456099456,99.4300518134715,1.7677846613971384,99.53367875647669,514431.8500000015,37.66839378238342,1.0,0.016012810248198558,1.7835848627795852,99.74093264248705,15,0.5763062034469746,0.430894308943084,0.5730039461592531,0.5107307796794247,0.15824915824915792,0.5730039461592531,1.0145695364238412,1788934560,187.24,-1.1429181798761068,1.1429181798761068,-1.1429181798761068,1.6769920957060536,1.6769920957060536,-2.3178807947019875,2.3178807947019875,-2.3178807947019875,3.7598803674428694,3.7598803674428694,-2.798547318948952,2.798547318948952,-2.798547318948952,3.7598803674428694,3.7598803674428694,993852
NSE_EQ|24851,Suyog Telematics,8dcce6365a22a451160f8f11,1788943601.696706,14:16:41,VWAP_REVERSION,9,LONG,False,False,False,maximum_concurrent_trade_slots_in_use,0.13517,6.802535749104765,9,95.6954,6.802535749104765,95.69536423841059,0.8750711439954435,98.15515610217597,603100.200000003,41.20151371807001,0.08571428571427273,-0.029948031357347277,-0.22551606174513186,84.91012298959319,15,-0.24820934685483298,0.8974358974358765,0.5616379923219014,-0.6638418079096153,0.32638888888889,1.279681501492962,0.22218921728798455,1788943620,702.8,-0.11383039271485318,0.11383039271485318,-0.11383039271485318,0.16363118952762434,0.2774615822424775,0.1422879908935748,0.1422879908935748,0.1422879908935748,0.1778599886169685,0.313033579965849,-0.469550369948768,0.469550369948768,-0.469550369948768,0.5335799658508833,0.7114399544678518,993857
NSE_EQ|765185,Swarnsarita Gems,4fc163df2d6c640c61e87d46,1788942573.382275,13:59:33,VOLATILITY_IGNITION,2,SHORT,False,False,False,maximum_concurrent_trade_slots_in_use,0.12563,39.89843285062488,2,99.2802,39.89843285062488,99.28023032629558,2.7638190954773907,99.85604606525912,107328.29000000097,20.29750479846449,1.0,0.0,-0.5000000000000071,96.11324376199616,15,0.0,0.0,4.224999999999994,-4.2833213687485046,0.3248638838475499,8.849999999999998,0.1007206162511389,1788942600,39.8,2.1356783919598055,2.1356783919598055,-2.1356783919598055,2.638190954773889,2.7638190954774045,1.5075376884422065,1.5075376884422065,-1.5075376884422065,2.638190954773889,2.7638190954774045,1.6582914572864427,1.6582914572864427,-1.6582914572864427,2.638190954773889,2.7638190954774045,993856
NSE_EQ|765185,Swarnsarita Gems,31d8d52926fb29e63adf7936,1788942576.540927,13:59:36,OPENING_RANGE_ACCEPTANCE,2,SHORT,False,False,False,maximum_concurrent_trade_slots_in_use,0.12563,39.89843285062488,2,99.2802,39.89843285062488,99.28023032629558,2.7638190954773907,99.85604606525912,107328.29000000097,20.29750479846449,1.0,0.0,-0.5000000000000071,96.11324376199616,15,0.0,0.0,4.224999999999994,-4.2833213687485046,0.3248638838475499,8.849999999999998,0.1007206162511389,1788942600,39.8,2.1356783919598055,2.1356783919598055,-2.1356783919598055,2.638190954773889,2.7638190954774045,1.5075376884422065,1.5075376884422065,-1.5075376884422065,2.638190954773889,2.7638190954774045,1.6582914572864427,1.6582914572864427,-1.6582914572864427,2.638190954773889,2.7638190954774045,993856
NSE_EQ|24190,Symphony,44f00be46a90526c8b3e8056,1788928072.792456,09:57:52,VWAP_REVERSION,9,SHORT,False,False,False,account_analysis_capacity_in_use,0.08881,11.702122912819398,9,96.5259,11.702122912819398,96.5259454705365,1.4052657082862292,98.28496042216359,14237377.199999988,86.14775725593667,0.11678832116787964,-0.07361963190184329,0.8796116533949713,97.58135444151276,15,0.30909386692694607,0.26027397260273416,1.1514758352254335,1.081967213114754,0.32999999999999924,1.3947453778786931,1.682256703715931,1788928080,619.85,0.2661934338952898,0.2661934338952898,-0.2661934338952898,0.3307251754456564,0.6211180124223503,0.3871904493022438,0.3871904493022438,-0.3871904493022438,0.830846172461075,1.1212390094377689,0.5565862708719838,0.5565862708719838,-0.5565862708719838,0.830846172461075,1.1212390094377689,993848
NSE_EQ|24190,Symphony,e63fe8b2422871ddf843d9c4,1788928527.897008,10:05:27,VWAP_REVERSION,8,SHORT,False,False,False,maximum_concurrent_trade_slots_in_use,0.08828,15.100588010761053,8,96.4128,15.100588010761053,98.18423383525243,1.0024057738572574,96.41275465013285,23556111.249999985,90.38972542072631,0.26690391459074386,-0.034677069787610836,0.761656068172102,97.38706820194862,15,0.832794307891338,0.6319018404907966,1.0103439980755462,1.3161101632951366,0.3521739130434743,2.173041456178345,2.7539130028500676,1788928560,624.8,-0.16005121638924535,0.16005121638924535,0.16005121638924535,0.5521766965428831,0.5841869398207411,-0.6081946222791235,0.6081946222791235,0.6081946222791235,0.6081946222791235,0.6402048655569814,-0.36811779769525543,0.36811779769525543,0.36811779769525543,0.6081946222791235,0.6402048655569814,993849
NSE_EQ|24190,Symphony,83dab92b26d5872b70ff006e,1788931126.598797,10:48:46,VWAP_REVERSION,8,SHORT,False,False,False,maximum_concurrent_trade_slots_in_use,0.06387,13.755895648878113,8,96.0058,13.755895648878113,97.73820981713186,0.9021956087824314,96.00577478344562,5690868.399999961,79.16265640038499,0.0424242424242446,0.12647554806071307,0.6621299078015188,96.96823869104908,15,0.59428204304528,0.7400000000000032,0.870190004790026,0.6913183279742663,0.33076923076922726,0.9101069774868166,2.1683189811129604,1788931140,626.5,-0.4469273743016644,0.4469273743016644,0.4469273743016644,0.5107741420590672,0.5107741420590672,-0.8060654429369429,0.8060654429369429,0.8060654429369429,0.8060654429369429,0.8060654429369429,-1.3567438148443745,1.3567438148443745,1.3567438148443745,1.5083798882681632,1.5083798882681632,993850
NSE_EQ|24190,Symphony,48998358b520765b697173cd,1788932437.450363,11:10:37,OPENING_RANGE_ACCEPTANCE,10,LONG,False,False,False,account_analysis_capacity_in_use,0.04844,12.762033729319958,10,95.3214,12.762033729319958,97.77882797731569,0.7512116316639705,95.32136105860114,4457622.450000048,76.03969754253308,0.7777777777777497,-0.04691290299442133,-0.47538520869702106,95.32136105860114,15,-0.442442281393296,0.67901234567902,0.7514544279250125,-0.8333333333333415,0.7123287671233205,1.1312217194570136,1.4957917400665492,1788932460,619.0,0.0,0.0,0.0,0.1534733441034053,0.23424878836835195,-0.11308562197093197,0.11308562197093197,-0.11308562197093197,0.3150242326332875,0.39579967689823414,-0.3150242326332875,0.3150242326332875,-0.3150242326332875,0.4846526655896577,0.5654281098546043,993851
BSE_EQ|512038,TCC Concept,b2f8ccdeabca8dfd24c543f7,1788940191.726666,13:19:51,OPENING_RANGE_ACCEPTANCE,1,LONG,True,True,True,ai_ran,0.19324,53.18695084819487,1,99.6461,53.18695084819487,99.64610717896866,2.0289855072463716,99.94944388270982,914091.9999999925,50.0,0.7142857142857258,0.0,-1.146131805157596,99.64610717896866,15,-2.0912547528517123,0.7857142857142875,2.2330097087378613,-3.0131826741996215,0.5925925925925909,3.7864077669902967,3.037522959853057,1788940200,51.75,-0.19323671497585293,0.19323671497585293,-0.19323671497585293,0.7729468599033784,1.1594202898550843,-0.7729468599033784,0.7729468599033784,-0.7729468599033784,1.449275362318836,1.8357487922705418,1.0628019323671412,1.0628019323671412,1.0628019323671412,3.1884057971014457,4.637681159420293,993855
BSE_EQ|512038,TCC Concept,7a9e992efa7e3aef231eaa70,1788940402.472936,13:23:22,VWAP_REVERSION,2,LONG,False,False,False,assigned_stock_open_intraday_position_exists,0.19305,53.73601565898217,2,99.3526,53.73601565898217,99.35258964143426,1.158301158301161,99.35258964143426,1224511.5999999791,58.017928286852595,1.0,0.0,0.3875968992247979,95.36852589641434,15,0.19379844961240345,0.1250000000000011,1.1605415860735036,-3.2740879326473293,0.5737704918032765,4.061895551257256,1.1356079827318513,1788940440,51.65,-0.2904162633107443,0.2904162633107443,-0.2904162633107443,0.2904162633107443,0.5808325266214887,-1.1616650532429884,1.1616650532429884,-1.1616650532429884,1.2584704743465625,1.5488867376573068,2.420135527589551,2.420135527589551,2.420135527589551,3.388189738625358,6.389157792836386,993855
BSE_EQ|512038,TCC Concept,d7b210a35f4b9970b206e272,1788941512.905351,13:41:52,VWAP_REVERSION,1,LONG,False,False,False,assigned_stock_open_intraday_position_exists,0.19881,51.114361269324654,1,99.5346,51.114361269324654,99.53464322647363,2.485089463220676,99.84488107549122,457318.299999997,37.59048603929679,0.2941176470588255,0.0,-1.3725490196078487,99.84488107549122,15,-1.1707317073170742,0.4615384615384611,2.0730503455083995,-2.1256038647343045,0.3928571428571428,2.862783810463974,1.8782218901755696,1788941520,50.3,3.2803180914513064,3.2803180914513064,3.2803180914513064,3.2803180914513064,3.6779324055666085,6.063618290258455,6.063618290258455,6.063618290258455,6.163021868787277,6.560636182902579,1.3916500994035852,1.3916500994035852,1.3916500994035852,6.163021868787277,6.560636182902579,993856
BSE_EQ|512038,TCC Concept,9416beca665ccde99883f4eb,1788944723.722621,14:35:23,VOLATILITY_IGNITION,1,SHORT,False,False,False,dhan_authorization_or_ip_unavailable,0.09606,40.2528439026103,1,99.4053,40.2528439026103,99.4053064958829,2.4975984630163253,99.67978042086003,879451.8500000089,45.9743824336688,0.8461538461538546,-0.04941716810557304,-1.3710373773489726,99.58828911253431,15,-0.2870813397129135,0.11999999999999955,2.303262955854118,0.19230769230769162,0.06666666666666793,2.495201535508632,0.685277803037192,1788944760,52.0,0.19230769230769162,0.19230769230769162,-0.19230769230769162,0.48076923076922906,0.8653846153846123,1.4423076923076872,1.4423076923076872,-1.4423076923076872,1.7307692307692246,2.2115384615384537,-0.38461538461539435,0.38461538461539435,0.38461538461539435,1.7307692307692246,2.8846153846153855,993858
NSE_EQ|11369,TTK Healthcare,cb473272b6efb09e7628e8d5,1788926145.544381,09:25:45,GAP_REJECTION,7,SHORT,True,False,False,ai_ran,0.12277,53.205134076407724,7,97.3128,53.205134076407724,99.0748898678414,2.1280078572597807,97.31277533039648,29273886.700000048,86.38766519823788,0.19727891156463034,0.02694933524972642,-0.36952682301481987,69.91189427312776,11,0.7280163599182154,0.3886462882096094,1.8596719181419594,,,,,1788926160,1225.5,0.2774377804977579,0.2774377804977579,-0.2774377804977579,0.5711954304365552,1.0852713178294504,1.0199918400652708,1.0199918400652708,-1.0199918400652708,1.4443084455324495,2.7090983272133995,1.0199918400652708,1.0199918400652708,-1.0199918400652708,1.509587923296607,2.774377804977557,993847
NSE_EQ|11369,TTK Healthcare,5f05e43c05de4112d81650cd,1788926586.418221,09:33:06,GAP_REJECTION,8,SHORT,False,False,False,account_analysis_capacity_in_use,0.13975,45.35496577254383,8,98.5897,45.35496577254383,98.58974358974359,2.211261816687225,98.76068376068376,14613937.299999967,79.18803418803418,0.4098360655737679,0.04066693777958211,-0.5965403948220046,88.58974358974359,15,-0.769797723364174,0.20704845814977735,2.2200214574564736,-1.8866396761133553,0.23323323323323203,2.8059750763390277,0.911312534428364,1788926640,1219.3,1.295825473632406,1.295825473632406,-1.295825473632406,1.8617239399655539,1.9519396374969133,0.6397113097678986,0.6397113097678986,-0.6397113097678986,1.9601410645452289,2.1569753137045677,0.7709341425408134,0.7709341425408134,-0.7709341425408134,2.0257524809316863,2.222586730091025,993848
NSE_EQ|11369,TTK Healthcare,4eb50e35cbfd0dd19b0bfbd5,1788930598.532454,10:39:58,VWAP_REVERSION,3,LONG,False,False,False,maximum_concurrent_trade_slots_in_use,0.09915,16.09134075021304,3,97.8341,16.09134075021304,98.29493087557604,1.0906386846236509,97.83410138248848,5679248.50000003,76.91244239631337,0.02061855670102356,-0.10207553589654798,-0.5137891381057513,94.60829493087559,15,-0.9105077516200377,1.0,1.2086092715231902,-1.3958044241286327,0.4559999999999976,2.218543046357631,2.2316163410301955,1788930600,1210.7,-0.47080201536301436,0.47080201536301436,-0.47080201536301436,0.8837862393656581,0.8837862393656581,0.10737589824068028,0.10737589824068028,0.10737589824068028,0.8837862393656581,1.2306929875278816,-0.37168580160238385,0.37168580160238385,-0.37168580160238385,0.8837862393656581,1.2306929875278816,993850
NSE_EQ|11369,TTK Healthcare,e7aab0e500ed001c11dde9c8,1788930651.692179,10:40:51,OPENING_RANGE_ACCEPTANCE,5,SHORT,False,False,False,maximum_concurrent_trade_slots_in_use,0.09934,16.08317162592373,5,97.8992,16.08317162592373,98.45938375350141,0.9933774834437087,97.89915966386555,5767141.200000018,76.61064425770309,0.7419354838709205,-0.08332176086654947,-0.566402723054833,96.21848739495799,15,-0.5830185580555036,0.5679999999999927,1.0902783513669816,-1.1673469387755042,0.3566084788029902,2.221855125134227,2.313183279742765,1788930660,1208.0,-0.1490066225165565,0.1490066225165565,0.1490066225165565,0.6622516556291425,0.6622516556291425,0.4966887417218624,0.4966887417218624,-0.4966887417218624,0.6622516556291425,1.233443708609272,-0.3311258278145712,0.3311258278145712,0.3311258278145712,0.6622516556291425,1.233443708609272,993850
NSE_EQ|11369,TTK Healthcare,50385bf95b0daed280f99537,1788930904.352283,10:45:04,VWAP_REVERSION,7,LONG,False,False,False,maximum_concurrent_trade_slots_in_use,0.13277,16.30261986866763,7,96.7453,16.30261986866763,98.16037735849056,0.887966804979257,96.74528301886792,4931290.200000137,74.5754716981132,0.36986301369863867,0.0,-0.47080201536301686,94.29245283018868,15,-0.47080201536301436,0.4710743801652877,0.8879668049792568,-1.71288743882545,0.5329949238578668,2.1576763485477177,1.292151665322116,1788930960,1206.2,0.32332946443374144,0.32332946443374144,0.32332946443374144,0.7212734206599292,0.8041784115403794,-0.10777648814458418,0.10777648814458418,-0.10777648814458418,0.7212734206599292,0.8290499088045133,-0.2652959708174474,0.2652959708174474,-0.2652959708174474,0.7212734206599292,1.2352843641187272,993850
NSE_EQ|11369,TTK Healthcare,630920f9acc1c39e2a6bee3e,1788930980.249679,10:46:20,VOLATILITY_IGNITION,4,LONG,False,False,False,maximum_concurrent_trade_slots_in_use,0.12362,16.267710164495043,4,98.0364,16.267710164495043,98.41954022988506,1.1290588429207222,98.03639846743295,4712169.2000000775,76.29310344827587,0.7872340425531935,0.06102891756775209,0.5609132003524734,96.12068965517241,15,-0.1490066225165565,0.1698113207547105,0.663239927043608,-1.2202112849070357,0.4173669467787071,1.823909799369922,0.7459482214270678,1788931020,1206.6,0.4972650422675251,0.4972650422675251,0.4972650422675251,0.6878833084700942,0.8039118183325034,-0.08287750704458752,0.08287750704458752,-0.08287750704458752,0.6878833084700942,0.8287750704458752,-0.4641140394496812,0.4641140394496812,-0.4641140394496812,0.6878833084700942,1.234874854964363,993850
NSE_EQ|11369,TTK Healthcare,8bfab2e8b2336f5d38b06e37,1788931870.882151,11:01:10,OPENING_RANGE_ACCEPTANCE,9,SHORT,False,False,False,maximum_concurrent_trade_slots_in_use,0.14925,15.014898125294268,9,95.6297,15.014898125294268,97.88533834586465,0.7552493982903069,95.6296992481203,1538955.900000006,57.471804511278194,1.0,0.030842385548655066,-0.78043052393415,98.07330827067669,15,-0.749588138385493,1.0,0.7552493982903069,-0.10777648814458418,0.04693140794223655,0.8299443937256203,0.5539733578318787,1788931920,1205.6,0.04976775049769788,0.04976775049769788,-0.04976775049769788,0.4644990046449804,0.7299270072992581,-0.38155275381551723,0.38155275381551723,0.38155275381551723,0.522561380225639,0.9870603848706194,-0.22395487723952945,0.22395487723952945,0.22395487723952945,0.6967485069674817,1.161247511612462,993851
NSE_EQ|11369,TTK Healthcare,c16a32c77538231be4b8259a,1788932339.539027,11:08:59,VWAP_REVERSION,3,LONG,False,False,False,maximum_concurrent_trade_slots_in_use,0.12424,14.713601175640033,3,97.6689,14.713601175640033,97.8591817316841,0.9856705044313834,97.66888677450048,2543568.7999999523,67.22169362511895,0.15714285714285783,-0.04541326067212658,0.39451142375084375,93.00666032350142,15,0.05790866975512454,0.03825136612022116,0.9838776353865308,-0.04132231404958553,0.013404825737265513,1.1905746176105905,1.4752252252252254,1788932340,1207.3,-0.35616665286175575,0.35616665286175575,-0.35616665286175575,0.45556199784643203,0.45556199784643203,-0.19050774455395825,0.19050774455395825,-0.19050774455395825,0.6046550153234409,0.8034457052927935,-0.016565890830788632,0.016565890830788632,-0.016565890830788632,0.6046550153234409,1.1596123581545492,993851
NSE_EQ|11369,TTK Healthcare,825783822cb09d34e3238e34,1788932508.603739,11:11:48,OPENING_RANGE_ACCEPTANCE,6,SHORT,False,False,False,account_analysis_capacity_in_use,0.03325,14.704078735710786,6,96.0551,14.704078735710786,97.57604562737643,0.7733244636620807,96.0551330798479,2300501.599999994,66.87262357414448,1.0,-0.04356788332406374,-0.09759295699811887,50.99809885931559,15,0.33333333333334103,0.26666666666666666,0.9883720930232633,-0.8237232289950547,0.27173913043478465,1.1627906976744187,0.8042895442359249,1788932520,1203.0,-0.16625103906899863,0.16625103906899863,0.16625103906899863,0.16625103906899863,0.24106400665004912,0.6483790523690747,0.6483790523690747,-0.6483790523690747,0.9143807148794592,1.163757273482946,0.04156275976725521,0.04156275976725521,-0.04156275976725521,0.9143807148794592,1.163757273482946,993851
NSE_EQ|11369,TTK Healthcare,e70d895270eb9ca67a8d9952,1788932985.009786,11:19:45,VOLATILITY_IGNITION,8,LONG,False,False,False,maximum_concurrent_trade_slots_in_use,0.13226,12.520920827500388,8,95.967,12.520920827500388,97.91059280855198,0.8018516987682933,95.96695821185617,1740273.1000000536,58.06608357628765,0.6978417266186695,-0.034566194262006515,0.7170464273040411,98.20213799805636,15,-0.09143807148793703,0.16417910447759168,0.32448623013562616,-0.09974233230818363,0.04511278195487976,0.9900990099009976,0.5083521444695259,1788933000,1208.0,-0.14072847682119471,0.14072847682119471,-0.14072847682119471,0.2483443708609312,0.3311258278145712,0.0993377483443636,0.0993377483443636,0.0993377483443636,0.6622516556291425,1.1589403973510048,-0.6622516556291425,0.6622516556291425,-0.6622516556291425,0.6622516556291425,1.1589403973510048,993851
NSE_EQ|11369,TTK Healthcare,75a42901649a178ee264f153,1788932990.941103,11:19:50,VWAP_REVERSION,9,LONG,False,False,False,maximum_concurrent_trade_slots_in_use,0.13244,12.521076372686265,9,95.8012,12.521076372686265,97.82818532818533,0.8029136660872482,95.8011583011583,1712591.8000000417,57.866795366795365,0.45588235294113566,-0.03382295819617407,0.382689143095237,92.71235521235522,15,-0.09143807148793703,0.16417910447759168,0.32448623013562616,-0.09974233230818363,0.04511278195487976,0.9900990099009976,0.5083521444695259,1788933000,1208.0,-0.14072847682119471,0.14072847682119471,-0.14072847682119471,0.2483443708609312,0.3311258278145712,0.0993377483443636,0.0993377483443636,0.0993377483443636,0.6622516556291425,1.1589403973510048,-0.6622516556291425,0.6622516556291425,-0.6622516556291425,0.6622516556291425,1.1589403973510048,993851
NSE_EQ|11369,TTK Healthcare,34cc13c13159fcdc195617d2,1788933553.80232,11:29:13,VWAP_REVERSION,9,LONG,False,False,False,maximum_concurrent_trade_slots_in_use,0.07452,12.99508169975381,9,96.6505,12.99508169975381,97.42718446601941,0.8031795975821848,96.6504854368932,2379769.3999999464,66.45631067961165,0.11475409836066063,0.019702048814809144,0.12956405948604122,65.0,15,-0.0580912863070604,0.041916167664673265,0.8054471477206714,0.10806317539484578,0.03880597014925211,1.1625010379473553,1.0988700564971752,1788933600,1206.6,0.21548151831594087,0.21548151831594087,0.21548151831594087,0.5469915464942687,0.9945300845350502,-0.4143875352229376,0.4143875352229376,-0.4143875352229376,0.5718547986076628,1.1188463451019315,0.33979777888282214,0.33979777888282214,0.33979777888282214,0.9613790817172174,1.5829603845516238,993851
NSE_EQ|11369,TTK Healthcare,27ca10d4ad837f656a5dd104,1788934375.55795,11:42:55,VWAP_REVERSION,8,LONG,False,False,False,maximum_concurrent_trade_slots_in_use,0.07484,13.100458666840376,8,95.8087,13.100458666840376,97.38658777120315,0.7484407484407485,95.80867850098619,2256620.5000000596,65.13806706114399,0.25,0.0,-0.6198347107438017,97.38658777120315,15,-0.7013201320132056,0.9340659340658968,0.8973826339842089,-0.6029071688140042,0.20110192837465213,1.1217282924802658,0.7090801654520387,1788934380,1201.0,-0.04163197335553814,0.04163197335553814,-0.04163197335553814,0.4829308909242158,0.5661948376352921,0.7660283097418841,0.7660283097418841,0.7660283097418841,0.7910074937552025,1.2905911740216491,0.15820149875105383,0.15820149875105383,0.15820149875105383,1.3322231473771762,1.8318068276436228,993852
NSE_EQ|11369,TTK Healthcare,8612497cf449dd058e49f204,1788934981.06634,11:53:01,VWAP_REVERSION,7,LONG,False,False,False,account_analysis_capacity_in_use,0.14939,12.997406762641557,7,96.9285,12.997406762641557,97.43202416918429,0.8298755186721992,96.92849949647533,2736169.899999976,64.7029204431017,0.2473118279569795,-0.08960573476702849,0.4644495498440797,96.0221550855992,15,0.3665139525197869,0.814814814814818,0.9959332724707444,-0.4214876033057813,0.22666666666665347,1.2449165905884305,1.718140207178993,1788935040,1203.1,0.7646912143628892,0.7646912143628892,0.7646912143628892,0.9143047128252091,1.3049621810323209,0.09143047128252757,0.09143047128252757,0.09143047128252757,1.1553486825700343,1.546006150777146,-0.25766769179618176,0.25766769179618176,-0.25766769179618176,1.1553486825700343,1.546006150777146,993852
NSE_EQ|11369,TTK Healthcare,2877a3f8dd84ea941dc6b75d,1788935295.555541,11:58:15,VOLATILITY_IGNITION,6,LONG,False,False,False,maximum_concurrent_trade_slots_in_use,0.1155,13.17396930442128,6,97.6237,13.17396930442128,97.62366634335596,1.2524719841792864,99.46653734238603,4905262.1999999285,78.12803103782736,0.7010309278350436,0.0,0.6802721088435223,99.07856450048497,15,0.43987052867457965,0.321212121212114,0.9998347380598173,0.7660283097418841,0.3129251700680205,1.2807800363576267,3.186213070725157,1788935340,1212.1,0.1320023100404466,0.1320023100404466,0.1320023100404466,0.23925418694827894,0.41250721887633457,-0.8745153040178089,0.8745153040178089,-0.8745153040178089,0.8827654483953284,1.2870225228941323,-0.9900173253031941,0.9900173253031941,-0.9900173253031941,1.0807689134559761,1.48502598795478,993852
NSE_EQ|11369,TTK Healthcare,a9eb0a116862dfd085b9a467,1788935978.402755,12:09:38,OPENING_RANGE_ACCEPTANCE,5,SHORT,False,False,False,maximum_concurrent_trade_slots_in_use,0.16618,12.941213381888112,5,97.4568,12.941213381888112,97.45681381957773,1.1217282924802658,99.56813819577735,2493124.7999999523,67.99424184261036,0.6595744680851126,-0.012547619208453915,-0.6723838876408573,98.89635316698656,15,-0.5861471146701769,0.40571428571428053,1.079554891214084,0.09143047128252757,0.02588235294117982,1.544593921275528,0.7481348083354772,1788936000,1203.5,-0.22434565849606125,0.22434565849606125,0.22434565849606125,0.24096385542169418,0.46530951391775544,-0.290818446198593,0.290818446198593,0.290818446198593,0.37390943082675765,0.6148732862484518,-0.41545492314083443,0.41545492314083443,0.41545492314083443,0.4570004154549223,0.7312006647278824,993853
NSE_EQ|11369,TTK Healthcare,c6b7bb970c850c51d95d2b24,1788936994.431087,12:26:34,VWAP_REVERSION,6,LONG,False,False,False,maximum_concurrent_trade_slots_in_use,0.11632,12.94712847436663,6,95.9941,12.94712847436663,97.47774480712165,0.6480558325024888,95.99406528189911,2530782.799999982,68.10089020771514,0.022556390977440267,0.051776584039879746,0.2482234159601127,88.87240356083086,15,0.19166666666665666,1.0,0.3576478416368589,-0.3398541114058462,0.23699421965318146,0.6154869832820503,1.0643939393939394,1788937020,1201.6,-0.13315579227695107,0.13315579227695107,-0.13315579227695107,0.21637816245005936,0.3162450066577893,-0.18308921438080494,0.18308921438080494,-0.18308921438080494,0.4494007989347404,0.5492676431424703,-0.1414780292942619,0.1414780292942619,-0.1414780292942619,0.5492676431424703,0.6491344873502003,993853
NSE_EQ|11369,TTK Healthcare,9592f622d4f6c95190f28df8,1788938561.254557,12:52:41,VOLATILITY_IGNITION,10,LONG,False,False,False,account_analysis_capacity_in_use,0.06658,12.387488457834845,10,94.5226,12.387488457834845,97.33668341708542,0.5575434800699047,94.52261306532664,1059025.099999994,52.01005025125628,0.7721518987341633,0.0,0.5606694560669494,97.73869346733667,15,0.05020920502092352,0.1111111111110924,0.2509200401472064,-0.20033388981637312,0.1518987341772192,0.36801605888257705,0.37406143344709897,1788938580,1202.0,-0.33277870216306127,0.33277870216306127,-0.33277870216306127,0.3660565723793807,0.3660565723793807,0.25790349417635916,0.25790349417635916,0.25790349417635916,0.6655574043261225,1.0565723793677262,-0.008319467554074311,0.008319467554074311,-0.008319467554074311,0.6655574043261225,1.0565723793677262,993854
NSE_EQ|11369,TTK Healthcare,f06ad9a797c25586dce08da0,1788939378.611922,13:06:18,VOLATILITY_IGNITION,7,LONG,False,False,False,maximum_concurrent_trade_slots_in_use,0.1163,12.417165174698734,7,96.9148,12.417165174698734,97.60039177277179,0.7218119970131955,96.91478942213516,2334909.100000024,68.60920666013712,0.7910447761193908,-0.04351610095735422,0.7116861502348953,98.77571008814887,15,0.2255073916311634,1.0,0.22500000000000378,0.2255073916311634,0.12107623318385632,0.5333333333333409,1.6346356916578668,1788939420,1203.8,-0.3156670543279616,0.3156670543279616,-0.3156670543279616,0.5150357202193145,0.8307027745472761,-0.14952649941850638,0.14952649941850638,-0.14952649941850638,0.5150357202193145,0.8639308855291739,-0.3156670543279616,0.3156670543279616,-0.3156670543279616,0.5150357202193145,0.9968433294567203,993855
NSE_EQ|11369,TTK Healthcare,4ae078406cfd5c2f791e3d81,1788939382.723279,13:06:22,VWAP_REVERSION,9,LONG,False,False,False,maximum_concurrent_trade_slots_in_use,0.06646,12.414877727587024,9,96.7221,12.414877727587024,97.6027397260274,0.7227114138561261,96.72211350293543,2336112.9000000358,68.54207436399217,0.4634146341463333,-0.0448096233535325,0.5876977883915346,97.89628180039139,15,0.2255073916311634,1.0,0.22500000000000378,0.2255073916311634,0.12107623318385632,0.5333333333333409,1.6346356916578668,1788939420,1203.8,-0.3156670543279616,0.3156670543279616,-0.3156670543279616,0.5150357202193145,0.8307027745472761,-0.14952649941850638,0.14952649941850638,-0.14952649941850638,0.5150357202193145,0.8639308855291739,-0.3156670543279616,0.3156670543279616,-0.3156670543279616,0.5150357202193145,0.9968433294567203,993855
NSE_EQ|11369,TTK Healthcare,2eb7843d0556ac1ef8b10609,1788939544.329689,13:09:04,OPENING_RANGE_ACCEPTANCE,3,SHORT,False,False,False,maximum_concurrent_trade_slots_in_use,0.09979,12.467642767095588,3,97.6215,12.467642767095588,97.62145748987854,0.9248458590234885,98.22874493927125,4734576.300000042,77.68218623481782,1.0,0.0,0.10843273000249848,65.43522267206477,15,0.10843273000249454,0.11711711711711638,0.9248458590234885,0.01666666666666483,0.009009009009011039,1.0581569738376975,6.732694355697551,1788939600,1201.0,0.07493755203997754,0.07493755203997754,-0.07493755203997754,0.3247293921732064,0.4079933388842827,0.05828476269775784,0.05828476269775784,-0.05828476269775784,0.3247293921732064,0.5328892589508971,-0.15820149875105383,0.15820149875105383,0.15820149875105383,0.3247293921732064,0.5745212323064242,993855
NSE_EQ|11369,TTK Healthcare,e11653d222f2427ae980ae4a,1788939689.519179,13:11:29,VWAP_REVERSION,4,LONG,False,False,False,maximum_concurrent_trade_slots_in_use,0.14985,12.461183657828217,4,97.5315,12.461183657828217,97.62826718296225,0.8325008325008324,97.53146176185867,3091151.200000018,71.97483059051308,1.0,-0.02942907592701004,-0.18655364545527184,80.49370764762827,15,0.0,0.0,0.8333333333333334,0.0,0.0,1.0583333333333371,0.530419880034276,1788939720,1204.9,-0.2987799817412373,0.2987799817412373,-0.2987799817412373,0.4232716408000825,0.4232716408000825,-0.40667275292556315,0.40667275292556315,-0.40667275292556315,0.5311644119844083,0.5311644119844083,-0.4896671922981266,0.4896671922981266,-0.4896671922981266,0.5726616316706901,0.5726616316706901,993855
NSE_EQ|11369,TTK Healthcare,0ced2a36f8c4a36db57dcd72,1788939732.672644,13:12:12,VOLATILITY_IGNITION,5,LONG,False,False,False,maximum_concurrent_trade_slots_in_use,0.14109,12.520755031244125,5,97.4346,12.520755031244125,97.43460764587525,0.8299443937256203,97.43460764587525,2751059.700000018,69.46680080482898,0.6712328767123245,-0.04395769099213332,-0.10520945908659002,64.03420523138833,15,-0.3156670543279616,0.4750000000000078,0.8333333333333334,0.008334027835643631,0.004184100418406221,1.0583333333333371,0.47795163584637274,1788939780,1201.6,0.09986684420772995,0.09986684420772995,0.09986684420772995,0.1664447403461944,0.3162450066577782,-0.13315579227695107,0.13315579227695107,-0.13315579227695107,0.2579893475366135,0.4244340878828079,-0.3412117177097107,0.3412117177097107,-0.3412117177097107,0.3412117177097107,0.5076564580559051,993855
NSE_EQ|11369,TTK Healthcare,62733adb177d0a8a39995c92,1788943780.040253,14:19:40,VOLATILITY_IGNITION,8,SHORT,False,False,False,maximum_concurrent_trade_slots_in_use,0.10956,11.653063406885183,8,97.1172,11.653063406885183,97.117202268431,1.2573839662447335,99.57466918714556,3980550.00000003,75.0,0.761006289308166,0.0,-1.0851419031719534,99.38563327032136,15,-0.07512520868114825,0.8181818181819686,0.18377746220032123,-0.08346548702111711,0.14705882352940783,0.3424943613733303,1.2712146422628952,1788943800,1188.6,0.4963822985024402,0.4963822985024402,-0.4963822985024402,0.9591115598182709,1.3713612653541873,0.7403668181053424,0.7403668181053424,-0.7403668181053424,0.9591115598182709,1.3713612653541873,0.5300353356890719,0.5300353356890719,-0.5300353356890719,0.9591115598182709,1.3713612653541873,993857
NSE_EQ|11369,TTK Healthcare,bb2af35224ebd1497af0173b,1788943783.929339,14:19:43,OPENING_RANGE_ACCEPTANCE,8,SHORT,False,False,False,maximum_concurrent_trade_slots_in_use,0.10961,11.653063406885183,8,97.1172,11.653063406885183,97.117202268431,1.2573839662447335,99.57466918714556,3980550.00000003,75.0,0.761006289308166,0.0,-1.0851419031719534,99.38563327032136,15,-0.07512520868114825,0.8181818181819686,0.18377746220032123,-0.08346548702111711,0.14705882352940783,0.3424943613733303,1.2712146422628952,1788943800,1188.6,0.4963822985024402,0.4963822985024402,-0.4963822985024402,0.9591115598182709,1.3713612653541873,0.7403668181053424,0.7403668181053424,-0.7403668181053424,0.9591115598182709,1.3713612653541873,0.5300353356890719,0.5300353356890719,-0.5300353356890719,0.9591115598182709,1.3713612653541873,993857
NSE_EQ|11369,TTK Healthcare,4be2436387f59bbc5d9d5654,1788943807.236416,14:20:07,VWAP_REVERSION,6,LONG,False,False,False,maximum_concurrent_trade_slots_in_use,0.12619,11.634666976430307,6,97.3709,11.634666976430307,97.37093690248567,1.2534701775048447,99.66539196940727,4119531.299999982,75.95602294455067,0.37837837837837146,0.0,-0.7762938230383936,99.09177820267686,15,-0.8347245409014992,0.9803921568627626,1.2542087542087619,-0.9917493124427135,0.8439716312056856,1.4141414141414295,22.45289256198347,1788943860,1187.0,0.817186183656271,0.817186183656271,0.817186183656271,1.0951979780960297,1.3732097725357884,0.9182813816343893,0.9182813816343893,0.9182813816343893,1.0951979780960297,1.3732097725357884,0.783487784330239,0.783487784330239,0.783487784330239,1.0951979780960297,1.3732097725357884,993857
BSE_EQ|539956,TaaL Tech,33f367389206d32792112741,1788935865.749077,12:07:45,VOLATILITY_IGNITION,5,LONG,False,False,False,margin_allocation_too_small,0.0409,12.011837834030072,5,97.4593,12.011837834030072,97.45925215723872,1.8968443871812175,99.76030680728667,505055.8499999996,38.494726749760304,1.0,-0.008680555555559995,1.8053245993578708,99.856184084372,15,1.4000499646084075,0.803945008965933,1.5131450627739589,1.506767951483301,0.4371221281741199,2.271770708221688,1.9487179487179487,1788935880,4888.0,0.7876432078559814,0.7876432078559814,0.7876432078559814,0.7876432078559814,0.7876432078559814,-0.30687397708674125,0.30687397708674125,-0.30687397708674125,0.7876432078559814,1.5047054009820093,0.1963993453355295,0.1963993453355295,0.1963993453355295,0.7876432078559814,1.5047054009820093,993853
BSE_EQ|539956,TaaL Tech,bd2bc8082f8b72e8a786a6ed,1788935869.160751,12:07:49,OPENING_RANGE_ACCEPTANCE,5,LONG,False,False,False,margin_allocation_too_small,0.12372,12.011837834030072,5,97.4593,12.011837834030072,97.45925215723872,1.8968443871812175,99.76030680728667,505055.8499999996,38.494726749760304,1.0,-0.008680555555559995,1.8053245993578708,99.856184084372,15,1.4000499646084075,0.803945008965933,1.5131450627739589,1.506767951483301,0.4371221281741199,2.271770708221688,1.9487179487179487,1788935880,4888.0,0.7876432078559814,0.7876432078559814,0.7876432078559814,0.7876432078559814,0.7876432078559814,-0.30687397708674125,0.30687397708674125,-0.30687397708674125,0.7876432078559814,1.5047054009820093,0.1963993453355295,0.1963993453355295,0.1963993453355295,0.7876432078559814,1.5047054009820093,993853
NSE_EQ|3509,Tamilnadu Petroproducts,c8828b3f527ef6d2f567eacc,1788926053.741085,09:24:13,GAP_REJECTION,9,SHORT,False,False,False,maximum_concurrent_trade_slots_in_use,0.12587,17.108867230678456,9,97.3199,17.108867230678456,97.31985940246047,3.0139860139860155,99.34094903339191,29107204.580000006,86.33567662565905,0.19047619047618955,-0.05969847829427451,1.8825409733099412,98.55008787346222,10,1.8075718758895576,0.7341040462427706,3.012721934852511,,,,,1788926100,142.8,0.19607843137254832,0.19607843137254832,-0.19607843137254832,0.8683473389355711,1.043417366946775,-1.4635854341736754,1.4635854341736754,1.4635854341736754,1.9117647058823684,2.7801120448179395,-0.36414565826331513,0.36414565826331513,0.36414565826331513,1.9117647058823684,2.7801120448179395,993847
NSE_EQ|3509,Tamilnadu Petroproducts,3512107c4792f299b346e388,1788926839.638369,09:37:19,VWAP_REVERSION,9,LONG,False,False,False,account_analysis_capacity_in_use,0.14171,13.462000404476502,9,96.41,13.462000404476502,96.41003460207612,1.4879897966413904,97.10207612456747,17538009.85000004,83.00173010380622,0.11176470588234862,-0.12984240091799348,-0.07522053218905791,22.448096885813147,15,-1.2881880895396436,0.7922077922077871,1.4975397561149502,-0.9954815024004526,0.20056899004267048,3.337374313627617,0.7511245505558816,1788926880,141.01,0.6098858237004512,0.6098858237004512,0.6098858237004512,0.6666193886958327,0.9219204311750828,1.311963690518425,1.311963690518425,1.311963690518425,1.9785830792142578,2.233884121693508,0.4538685199631409,0.4538685199631409,0.4538685199631409,1.9785830792142578,2.233884121693508,993848
NSE_EQ|3509,Tamilnadu Petroproducts,3a5c6e3538de507cab27273b,1788932426.877654,11:10:26,VWAP_REVERSION,7,LONG,True,True,True,ai_ran,0.15633,8.548128851841895,7,95.563,8.548128851841895,95.56297709923665,0.818971656459198,96.32633587786259,3675030.0999999344,72.66221374045801,0.49999999999996564,-0.043653275888839355,0.6526666741835978,98.04389312977099,15,0.02862049227247976,0.0476190476190734,0.4291845493562191,-0.8510638297872242,0.3389830508474579,1.595135908440622,0.256834208552138,1788932460,140.3,0.3064861012116671,0.3064861012116671,0.3064861012116671,0.3064861012116671,0.41339985744830443,-0.7840342124020072,0.7840342124020072,-0.7840342124020072,1.2188168210976569,1.5751960085531147,-1.1546685673556656,1.1546685673556656,-1.1546685673556656,1.3471133285816173,1.703492516037075,993851
NSE_EQ|3509,Tamilnadu Petroproducts,9f5ba76bcfd5fa8a8c1f11a5,1788933920.530169,11:35:20,VWAP_REVERSION,9,LONG,False,False,False,maximum_concurrent_trade_slots_in_use,0.14329,8.778438399338357,9,96.1538,8.778438399338357,96.15384615384616,0.7958130197877931,97.00854700854701,10280831.030000031,86.27730294396962,0.4444444444444152,-0.00422672133225872,-0.017277113518290442,15.81196581196581,15,-0.24372759856631232,0.4250000000000133,0.7976430008623265,-0.6000000000000005,0.3360000000000052,1.0132221902845622,0.49971069562589054,1788933960,138.45,0.16612495485737178,0.16612495485737178,0.16612495485737178,0.2600216684723877,0.2600216684723877,0.12278801011196272,0.12278801011196272,0.12278801011196272,0.7511737089201942,1.0400866738894843,0.3972553268327905,0.3972553268327905,0.3972553268327905,0.7511737089201942,1.0400866738894843,993852
NSE_EQ|3509,Tamilnadu Petroproducts,454718e70bb0afc3e5f87541,1788934514.459882,11:45:14,VOLATILITY_IGNITION,9,LONG,False,False,False,maximum_concurrent_trade_slots_in_use,0.10067,8.819179572802685,9,95.4914,8.819179572802685,95.8966565349544,0.7334435895592017,95.49138804457954,4774554.779999971,76.74772036474164,0.831775700934572,0.01194172438500391,0.2692812349458198,87.68996960486322,15,-0.4110181713296801,0.8260869565217319,0.4561581348200676,-0.9964157706093046,0.5582329317269001,1.4119180363478303,0.43898777187333315,1788934560,139.35,-0.5238607822030783,0.5238607822030783,-0.5238607822030783,0.6099748833871543,0.7104413347685745,-0.373161105130948,0.373161105130948,-0.373161105130948,0.6386795837818315,0.7391460351632517,-0.21528525296016232,0.21528525296016232,-0.21528525296016232,0.6386795837818315,1.0118406889128018,993852
NSE_EQ|3509,Tamilnadu Petroproducts,441699b5e7b2acc6b8e3a7b9,1788934645.775549,11:47:25,OPENING_RANGE_ACCEPTANCE,10,SHORT,False,False,False,maximum_concurrent_trade_slots_in_use,0.07917,8.823481307460296,10,95.4678,8.823481307460296,95.46783625730994,0.949982007916512,97.61208576998051,4002786.719999969,75.29239766081871,1.0,0.021958564349598066,0.5207331867357855,95.9551656920078,15,0.47646549234767743,0.34020618556701393,0.9484121281793312,-0.1434926101305689,0.05494505494505203,1.0992958758442313,2.1470741448168087,1788934680,139.49,-0.7168972686214081,0.7168972686214081,0.7168972686214081,0.7384041866800528,0.7384041866800528,-0.6380385690730628,0.6380385690730628,0.6380385690730628,0.7384041866800528,0.7384041866800528,-0.2724209620761364,0.2724209620761364,0.2724209620761364,0.7384041866800528,1.0108251487561892,993852
NSE_EQ|3509,Tamilnadu Petroproducts,4bd30665f742d8fc78fe97d7,1788936090.882395,12:11:30,VWAP_REVERSION,7,LONG,False,False,False,maximum_concurrent_trade_slots_in_use,0.09316,9.125040253123444,7,96.6963,9.125040253123444,96.69625246548324,0.7595843783590126,97.7810650887574,1524782.330000043,58.82642998027613,0.35483870967741493,-0.005189317129636345,0.40087277036705454,95.71005917159763,15,0.05035971223021907,0.2121212121212017,0.21571870281154196,-0.15794385813769907,0.11578947368420611,0.5033436398935911,1.3629731747946463,1788936120,139.1,-0.007189072609625757,0.007189072609625757,-0.007189072609625757,0.5463695183321571,0.7045291157440903,-0.07907979870596105,0.07907979870596105,-0.07907979870596105,0.5463695183321571,0.9058231488138224,0.4025880661394643,0.4025880661394643,0.4025880661394643,0.5463695183321571,0.9058231488138224,993853
NSE_EQ|3509,Tamilnadu Petroproducts,42621811a6d273250e191b87,1788939673.293255,13:11:13,VWAP_REVERSION,10,LONG,False,False,False,maximum_concurrent_trade_slots_in_use,0.09278,8.392601274730895,10,95.7212,8.392601274730895,96.00961538461539,0.6280331144733053,95.72115384615385,2152016.0,66.58653846153845,1.0,-0.02777873908994797,0.4650233810511076,96.97115384615384,15,0.5525654825977888,0.7777777777778033,0.642306594347706,0.2504113901409477,0.1528384279476001,0.7065372537824787,9.831309904153356,1788939720,139.99,-0.12143724551755275,0.12143724551755275,-0.12143724551755275,0.250017858418472,0.250017858418472,-0.5357525537538432,0.5357525537538432,-0.5357525537538432,0.9857846989070662,0.9857846989070662,-0.3500250017858475,0.3500250017858475,-0.3500250017858475,0.9857846989070662,1.1857989856418394,993855
NSE_EQ|3509,Tamilnadu Petroproducts,4be53c9bad2e9d6d39c846da,1788940845.744532,13:30:45,VWAP_REVERSION,10,LONG,False,False,False,maximum_concurrent_trade_slots_in_use,0.10707,7.737606786643918,10,95.6543,7.737606786643918,95.65434565434565,0.7066885573559919,97.25274725274726,4115990.980000019,75.67432567432567,0.10937500000001145,0.01160429358863043,0.5410801738245264,98.05194805194806,15,0.5676918654785812,1.0,0.6073597713469056,0.05004289390906358,0.020172910662822743,0.9574848160056986,2.3073531573017196,1788940860,140.12,-0.3996574364830141,0.3996574364830141,-0.3996574364830141,0.3996574364830141,0.44961461604339226,-0.642306594347708,0.642306594347708,-0.642306594347708,0.9135027119611783,0.9634598915215564,-1.7199543248644034,1.7199543248644034,-1.7199543248644034,2.0125606622894643,2.0625178418498424,993856
NSE_EQ|3509,Tamilnadu Petroproducts,efae067d89f792db78afcea7,1788941792.68381,13:46:32,VWAP_REVERSION,7,LONG,False,False,False,maximum_concurrent_trade_slots_in_use,0.0648,9.619253871447802,7,96.3271,9.619253871447802,96.32713026444662,0.8280529953917091,97.30656219392753,3400191.900000006,74.38785504407444,0.092307692307695,0.0,-0.42303004230300667,95.4456415279138,15,-0.3221880146058509,0.5999999999999849,0.6033615859790284,-0.642306594347708,0.3688524590164004,0.9696882631805734,10.971688115064346,1788941820,138.47,-0.19498808406153145,0.19498808406153145,-0.19498808406153145,0.4910811005994109,0.4910811005994109,-0.36108904455839363,0.36108904455839363,-0.36108904455839363,0.8449483642666178,0.8449483642666178,-0.050552466238174,0.050552466238174,-0.050552466238174,0.8449483642666178,0.9532750776341303,993856
NSE_EQ|3509,Tamilnadu Petroproducts,645ca6b8896516e79256e8da,1788942328.32475,13:55:28,VWAP_REVERSION,9,LONG,False,False,False,maximum_concurrent_trade_slots_in_use,0.13804,7.7800328478217375,9,96.4321,7.7800328478217375,96.43206256109482,0.7337983144434692,97.31182795698925,4988429.349999905,77.56598240469208,0.018587360594800175,-0.019362958660083262,-0.3786397911771057,96.52981427174976,15,-0.5065123010130179,0.5645161290322707,0.5672727272727282,-1.3771338401950883,0.5000000000000037,1.5854545454545503,0.9267366822725547,1788942360,137.68,0.0217896571760523,0.0217896571760523,0.0217896571760523,0.47210923881464417,0.6173736199883928,0.15979081929111683,0.15979081929111683,0.15979081929111683,0.47210923881464417,0.6173736199883928,0.631900058105761,0.631900058105761,0.631900058105761,0.7844276583381715,0.9296920395119201,993856
BSE_EQ|542141,Techno Electric & Engineering,018feac8b095c6b94fcdb0d8,1788931369.900525,10:52:49,OPENING_RANGE_ACCEPTANCE,9,LONG,False,False,False,account_analysis_capacity_in_use,0.18946,8.98522056468289,9,94.9609,8.98522056468289,95.54794520547945,0.7988120231450733,94.96086105675147,47713.64999999851,9.540117416829744,1.0,0.04171407751751076,0.7635303348089301,97.99412915851272,15,0.6452278944923284,1.0,0.6410913939891271,0.7076080780951344,0.39941690962099313,0.923171607344343,0.18906942392909895,1788931380,976.45,0.2611500844897252,0.2611500844897252,0.2611500844897252,0.2611500844897252,0.4762148599518623,0.4198883711403534,0.4198883711403534,0.4198883711403534,0.4198883711403534,0.6349531466024905,1.0804444672026126,1.0804444672026126,1.0804444672026126,1.0804444672026126,1.3159916022325802,993850
NSE_EQ|7105,Tega Industries,5b6ca681f6e76585b8717512,1788943225.36249,14:10:25,VWAP_REVERSION,10,SHORT,False,False,False,maximum_concurrent_trade_slots_in_use,0.07521,4.974860969209405,10,93.3816,4.974860969209405,93.38164251207729,3.15247570569181,99.85507246376811,248468949.49999976,99.56521739130434,0.3788150807899439,-0.005146415521584532,2.0293423435239424,99.85507246376811,15,2.6023840434320933,0.8305084745762716,3.1460286420889196,3.1257413997627603,0.6595744680851081,3.519871168114111,8.949363566808097,1788943260,1732.1,-0.43877374285549164,0.43877374285549164,0.43877374285549164,0.6004272270654032,0.6408405981178755,-0.24825356503666018,0.24825356503666018,0.24825356503666018,0.6177472432307485,1.1662144218001047,-1.645401535708102,1.645401535708102,1.645401535708102,3.394723168408287,3.943190346977643,993857
NSE_EQ|7105,Tega Industries,1e4d3ff55067e8356bbf41a8,1788943924.762385,14:22:04,VWAP_REVERSION,10,SHORT,False,False,False,maximum_concurrent_trade_slots_in_use,0.05786,5.450843883640969,10,94.2871,5.450843883640969,94.28706326723324,1.0761397824577723,98.53635505193579,60710856.19999981,97.30878186968839,0.18045112781954623,0.0,0.20871985157700237,85.78847969782814,15,0.1855072463768037,0.11940298507462876,1.0126142807545422,2.0188902007083787,0.35625000000000134,3.1825020252285614,0.6826444196944543,1788943980,1726.8,-0.01737317581653741,0.01737317581653741,0.01737317581653741,0.21426916840399102,0.3127171646977178,-0.6196432707899047,0.6196432707899047,0.6196432707899047,3.098216353949501,3.312485522353492,-2.710215427380125,2.710215427380125,2.710215427380125,3.098216353949501,3.312485522353492,993857
NSE_EQ|7105,Tega Industries,8b6c42feec93a2f060b42e0e,1788944624.000433,14:33:44,OPENING_RANGE_ACCEPTANCE,8,LONG,False,False,False,dhan_authorization_or_ip_unavailable,0.08245,6.632057727980005,8,95.5104,6.632057727980005,95.51039697542532,3.2337868881427867,99.95274102079395,237390877.29999983,99.57466918714556,0.5930735930735915,-0.029761533566472133,-1.7237106886557474,99.76370510396976,15,-2.3624782860451665,0.7311827956989245,3.2973549994069584,-2.271936942158348,0.43362831858406975,4.050527814019686,1.9156254883736235,1788944640,1698.7,0.9948784364513852,0.9948784364513852,0.9948784364513852,1.2539000412079782,1.7837169600282476,-0.07652911049625954,0.07652911049625954,-0.07652911049625954,1.2539000412079782,1.7837169600282476,-1.1891446400188355,1.1891446400188355,-1.1891446400188355,1.3304291517042488,2.584329192912227,993858
NSE_EQ|7105,Tega Industries,ca05b504e4d4f079c5ca8d7e,1788945083.172702,14:41:23,VWAP_REVERSION,10,SHORT,False,False,False,dhan_authorization_or_ip_unavailable,0.01762,7.547903623007931,10,95.7457,7.547903623007931,95.74565416285454,1.1747430249632893,98.94784995425434,62339955.69999957,96.4775846294602,0.0043290043290004085,-0.07126313914127513,-0.5416965806485673,97.3924977127173,15,-0.5603548914312473,0.41379310344828907,1.1974641934726515,-1.4006250723463398,0.22407407407407498,3.35759567973703,0.3545722590493716,1788945120,1703.9,-0.28757556194612954,0.28757556194612954,0.28757556194612954,0.4929866776219316,0.4929866776219316,-0.9155466870121587,0.9155466870121587,0.9155466870121587,1.496566699923707,1.496566699923707,-1.737191149715367,1.737191149715367,1.737191149715367,2.1714889371441948,2.1714889371441948,993858
NSE_EQ|18214,Texmo Pipes & Products,8c2f4d23a529d79c213b881e,1788926649.240955,09:34:09,OPENING_RANGE_ACCEPTANCE,6,LONG,False,False,False,account_analysis_capacity_in_use,0.07421,19.961404641610265,6,97.8203,19.961404641610265,97.90925266903915,1.669758812615953,97.8202846975089,564606.4099999999,25.66725978647687,1.0,-0.009098526449704167,1.040026361501245,96.04092526690391,15,1.0309278350515427,0.4782608695652126,1.6697588126159528,4.6398757522811085,0.6657381615598881,4.43413729128015,1.6653214958299705,1788926700,53.97,-1.4267185473411104,1.4267185473411104,-1.4267185473411104,1.4267185473411104,1.4823049842505043,-3.4463590883824335,3.4463590883824335,-3.4463590883824335,3.4463590883824335,3.5019455252918275,-2.5940337224383936,2.5940337224383936,-2.5940337224383936,3.650176023716878,3.705762460626272,993848
NSE_EQ|18214,Texmo Pipes & Products,5019d59a2ac4b28f4c6d0e0f,1788930017.798198,10:30:17,OPENING_RANGE_ACCEPTANCE,6,LONG,False,False,False,maximum_concurrent_trade_slots_in_use,0.13011,10.83256394260761,6,96.7112,10.83256394260761,96.80648236415634,0.9310986964618249,96.71115347950429,256747.42000000086,23.59389895138227,1.0,0.0,0.5053340819764236,93.18398474737846,15,0.4117536964252322,0.32352941176470773,0.8387698042870377,0.8458646616541277,0.3191489361702121,0.8387698042870377,4.735135135135135,1788930060,53.89,1.5216181109667826,1.5216181109667826,1.5216181109667826,2.059751345333094,2.4123213954351463,0.3154574132492094,0.3154574132492094,0.3154574132492094,2.059751345333094,2.802004082390064,0.20411950269065837,0.20411950269065837,0.20411950269065837,2.059751345333094,2.802004082390064,993850
NSE_EQ|18214,Texmo Pipes & Products,c2e454c40ec99cde53b93ead,1788930378.479805,10:36:18,VWAP_REVERSION,5,SHORT,False,False,False,maximum_concurrent_trade_slots_in_use,0.10977,14.256195948691161,5,97.9377,14.256195948691161,97.93767186067828,2.3783388218075325,99.86251145737856,1593483.13,54.491292392300636,0.0930232558139508,-0.10091600683123739,1.3794040557472977,99.22089825847846,15,1.5216181109667826,0.650793650793652,2.3761652348747893,2.741784037558692,0.6186440677966125,3.290074940595864,9.463366336633664,1788930420,54.43,-1.1023332720926038,1.1023332720926038,1.1023332720926038,1.7269887929450611,2.0393165533713065,-0.7532610692632669,0.7532610692632669,0.7532610692632669,1.7269887929450611,2.0393165533713065,0.11023332720927481,0.11023332720927481,-0.11023332720927481,1.7269887929450611,2.0393165533713065,993850
NSE_EQ|18214,Texmo Pipes & Products,9c2caa230f583072e815a128,1788932595.011413,11:13:15,OPENING_RANGE_ACCEPTANCE,1,LONG,False,False,False,maximum_concurrent_trade_slots_in_use,0.0546,22.889572918727257,1,98.9068,22.889572918727257,98.90684410646388,1.3638843426077467,99.38212927756655,343682.6099999985,32.08174904942966,0.7142857142857578,-0.03905172573775727,1.4217950885696156,99.66730038022814,15,1.179941002949847,1.0,1.202623906705533,1.0681399631675914,0.3580246913580286,1.6399416909620965,1.727944572748268,1788932640,55.2,6.340579710144922,6.340579710144922,6.340579710144922,7.246376811594213,7.481884057971033,3.8405797101449313,3.8405797101449313,3.8405797101449313,7.246376811594213,7.481884057971033,4.184782608695636,4.184782608695636,4.184782608695636,7.246376811594213,7.481884057971033,993851
NSE_EQ|18214,Texmo Pipes & Products,355a76cc5050a38ebf14627c,1788932694.235044,11:14:54,VWAP_REVERSION,2,SHORT,False,False,False,maximum_concurrent_trade_slots_in_use,0.1629,16.079082785812002,2,97.9679,16.079082785812002,97.96786389413988,1.9004524886877778,99.66918714555766,1118151.049999998,50.70888468809074,0.12396694214875907,-0.05024943098583537,1.2407256214620233,99.57466918714556,15,1.098901098901095,1.0,1.6847826086956517,2.2222222222222365,0.7317073170731722,2.173913043478266,7.148132245598969,1788932700,55.25,6.063348416289593,6.063348416289593,-6.063348416289593,7.149321266968323,7.149321266968323,4.1447963800904875,4.1447963800904875,-4.1447963800904875,7.149321266968323,7.149321266968323,4.941176470588227,4.941176470588227,-4.941176470588227,7.149321266968323,7.149321266968323,993851
NSE_EQ|399,The New India Assurance Company,7ba37c7a3fb3cfa53af43ae9,1788929940.539095,10:29:00,VWAP_REVERSION,8,LONG,False,False,False,maximum_concurrent_trade_slots_in_use,0.05443,9.489234447052562,8,95.7357,9.489234447052562,95.73570759137769,0.9104854272848748,95.8294283036551,30686212.119999886,93.0178069353327,0.08108108108108404,0.03021148036254709,-0.5911522863459089,94.3298969072165,15,-0.5609408059833565,0.7215189873417708,0.9104854272848747,-0.443371594659836,0.16728624535316194,1.529021722994707,1.295384550030798,1788930000,201.98,-0.06436280819882567,0.06436280819882567,-0.06436280819882567,0.2376472918110606,0.3713238934548002,-0.1386275868897946,0.1386275868897946,-0.1386275868897946,0.28715714427169914,0.42083374591543876,1.0446578869194978,1.0446578869194978,1.0446578869194978,1.3813248836518577,1.6684820279235568,993849
NSE_EQ|399,The New India Assurance Company,ea00ad9015ed801fd0e19497,1788932252.673522,11:07:32,VWAP_REVERSION,7,SHORT,False,False,False,maximum_concurrent_trade_slots_in_use,0.06312,9.248272871201932,7,96.3263,9.248272871201932,96.32633587786259,1.6665856858267367,99.57061068702289,79574143.32000017,97.47137404580153,0.17122302158273375,-0.05779254735543643,0.915383451991328,98.9026717557252,15,1.4240274039637901,0.8060941828254872,1.7562481906783822,2.3506172839506068,0.6363636363636385,2.3979542603493194,3.223339565752017,1788932280,205.98,-0.34954849985435743,0.34954849985435743,0.34954849985435743,0.5194679095057775,0.5485969511603073,0.9709680551509781,0.9709680551509781,-0.9709680551509781,1.1651616661811914,2.0293232352655677,0.17477424992717872,0.17477424992717872,-0.17477424992717872,1.854548985338389,2.718710554422765,993851
NSE_EQ|399,The New India Assurance Company,2e8f2814b5d0b289609b7768,1788933232.409188,11:23:52,VWAP_REVERSION,8,SHORT,False,False,False,maximum_concurrent_trade_slots_in_use,0.04329,11.239972427586348,8,97.0897,11.239972427586348,97.08969465648855,1.678691678691683,99.66603053435115,131690716.03999937,98.52099236641222,0.04724409448818611,-0.01619991211161192,1.3715041242800992,99.85687022900763,15,1.7514677103718013,1.0,1.913645542840653,0.9709680551509781,0.37174721189591503,2.009808635445719,4.290066913394343,1788933240,207.71,0.0,0.0,-0.0,1.0062105820615397,1.08805546194215,-0.6740166578402595,0.6740166578402595,0.6740166578402595,1.0062105820615397,1.805401762072134,-0.7847479659140122,0.7847479659140122,0.7847479659140122,1.1121274854364316,2.1183380674979713,993851
NSE_EQ|399,The New India Assurance Company,a7dd4523613e3d5df15c2753,1788933537.067662,11:28:57,VWAP_REVERSION,7,SHORT,False,False,False,maximum_concurrent_trade_slots_in_use,0.05777,13.313423441869052,7,97.5338,13.313423441869052,97.5338491295938,1.0878983344565414,97.72727272727273,203513937.00999928,99.46808510638297,0.2925764192139699,0.016229616589173476,-0.1412296165891691,69.39071566731141,15,0.8653846153846123,0.7894736842105211,1.0486177311725533,2.2915650901999207,0.7035928143712623,2.6692087702573986,2.84173050524731,1788933540,207.6,-0.36608863198458463,0.36608863198458463,0.36608863198458463,0.5009633911367994,0.6262042389210021,-1.0019267822735989,1.0019267822735989,1.0019267822735989,1.054913294797688,1.1801541425818907,-0.8285163776493243,0.8285163776493243,0.8285163776493243,1.0597302504816941,1.1849710982658967,993851
BSE_EQ|538706,Ultracab,fef42d36bc3012de56dadcd8,1788940203.261143,13:20:03,VWAP_REVERSION,2,SHORT,False,False,False,account_analysis_capacity_in_use,0.10965,10.764819609698987,2,97.0649,10.764819609698987,97.0648815653965,1.0964912280701715,99.22760041194645,201579.0,27.033985581874358,1.0,0.0,0.551267916207265,98.40370751802266,15,0.5512679162072542,0.33333333333332543,1.0964912280701717,1.220865704772467,0.40740740740740594,1.7543859649122824,1.6470204932720818,1788940260,9.12,-0.6578947368420907,0.6578947368420907,0.6578947368420907,0.6578947368420907,0.6578947368420907,-0.10964912280702066,0.10964912280702066,0.10964912280702066,0.6578947368420907,1.206140350877194,0.0,0.0,-0.0,0.6578947368420907,1.206140350877194,993855
NSE_EQ|17358,Utkarsh Small Finance Bank,e90a72ab1116f728c4289540,1788939614.206819,13:10:14,VWAP_REVERSION,9,SHORT,False,False,False,maximum_concurrent_trade_slots_in_use,0.12715,7.768048116433662,9,95.4678,7.768048116433662,95.46783625730994,0.634920634920644,95.66276803118909,13327136.419999957,88.93762183235867,0.06666666666666587,-0.01313013847146088,0.20396983312794534,84.55165692007797,15,0.6369426751592355,1.0,0.6329113924050722,2.6640675763482724,0.773584905660376,2.5949367088607604,1.0444564165176358,1788939660,15.71,0.5092297899427001,0.5092297899427001,-0.5092297899427001,0.5728835136855404,0.5728835136855404,0.25461489497136114,0.25461489497136114,-0.25461489497136114,0.5728835136855404,0.6365372374283917,1.4640356460852821,1.4640356460852821,-1.4640356460852821,1.5276893698281224,1.5913430935709738,993855
NSE_EQ|17358,Utkarsh Small Finance Bank,abef90ff36addb0ce926e89e,1788940639.409149,13:27:19,VWAP_REVERSION,5,SHORT,False,False,False,maximum_concurrent_trade_slots_in_use,0.12682,8.483992402006121,5,96.0618,8.483992402006121,96.061814556331,0.6341154090044478,96.66001994017947,6018500.619999826,81.90428713858424,0.11111111111110672,0.006847439057786158,0.3112187187030213,93.17048853439681,15,0.5089058524172962,0.8000000000000036,0.6329113924050722,0.2538071065989911,0.20000000000000712,0.6329113924050722,0.8436807558844432,1788940680,15.79,-0.2533248891703588,0.2533248891703588,0.2533248891703588,0.5699810006333128,0.6333122229259192,0.06333122229260635,0.06333122229260635,-0.06333122229260635,1.3299556681444002,1.899936668777713,0.1266624445851905,0.1266624445851905,-0.1266624445851905,4.369854338188728,4.939835338822041,993855
NSE_EQ|17358,Utkarsh Small Finance Bank,28deeac1cca83e978d8ab1fd,1788941073.337129,13:34:33,VWAP_REVERSION,8,SHORT,False,False,False,maximum_concurrent_trade_slots_in_use,0.06337,8.958468132612733,8,95.9459,8.958468132612733,96.44644644644644,0.6337135614702245,95.94594594594594,16362935.23999989,91.14114114114115,0.11111111111110233,-0.027073911779164392,0.2812035178782695,92.34234234234235,15,0.25396825396823974,0.5,0.6333122229259115,0.1903553299492433,0.11111111111110965,0.6966434452185004,2.14122262001518,1788941100,15.8,0.5063291139240533,0.5063291139240533,-0.5063291139240533,0.5063291139240533,0.8227848101265867,4.0506329113924044,4.0506329113924044,-4.0506329113924044,4.303797468354431,4.620253164556964,0.75949367088608,0.75949367088608,-0.75949367088608,4.303797468354431,4.620253164556964,993856
NSE_EQ|17358,Utkarsh Small Finance Bank,525fab7a366c72d5a686e84b,1788941443.900644,13:40:43,VWAP_REVERSION,5,SHORT,False,False,False,maximum_concurrent_trade_slots_in_use,0.06289,9.573386392653635,5,96.8012,9.573386392653635,96.8011811023622,1.2586532410320912,99.55708661417323,27303740.49000019,95.2263779527559,0.15151515151515607,0.0,0.6970849176172447,98.67125984251969,15,0.5063291139240533,0.5714285714285624,0.8186397984886699,0.8253968253968402,0.393939393939392,1.1335012594458531,2.5380992680298493,1788941460,15.94,1.8820577164366359,1.8820577164366359,-1.8820577164366359,2.070263488080304,3.1367628607277265,-0.564617314930993,0.564617314930993,0.564617314930993,3.387703889585958,4.4542032622333805,-0.43914680050188837,0.43914680050188837,0.43914680050188837,3.387703889585958,4.516938519447944,993856
NSE_EQ|17358,Utkarsh Small Finance Bank,c89a9bbd4cc6bc1ad293750c,1788941769.402495,13:46:09,VWAP_REVERSION,6,SHORT,False,False,False,maximum_concurrent_trade_slots_in_use,0.06165,11.249128808474309,6,97.127,11.249128808474309,97.12701612903226,3.1442663378544995,99.94959677419355,48271763.27999991,97.73185483870968,0.17391304347825684,0.0,1.374999999999993,99.94959677419355,15,1.8820577164366359,0.5172413793103461,3.078817733990148,3.242212333121408,0.5999999999999992,3.5098522167487705,2.3098518884966412,1788941820,16.19,-1.235330450895622,1.235330450895622,1.235330450895622,1.7912291537986458,3.5824583075972805,-2.4088943792464512,2.4088943792464512,2.4088943792464512,2.655960469425578,4.4471896232242125,-1.605929586164312,1.605929586164312,1.605929586164312,2.655960469425578,4.4471896232242125,993856
NSE_EQ|17358,Utkarsh Small Finance Bank,41596b0f37fbabd2a6c61dc2,1788942074.249998,13:51:14,VWAP_REVERSION,4,SHORT,False,False,False,maximum_concurrent_trade_slots_in_use,0.06223,13.800500514534438,4,98.1791,13.800500514534438,98.17913385826772,2.615193026151941,99.9507874015748,97901656.09000039,99.26181102362204,0.14285714285714285,0.001750455118329174,-1.049193461895912,99.55708661417323,15,-0.676923076923075,0.17460317460317298,2.4783147459727517,2.281368821292773,0.2608695652173927,4.5229244114002505,2.0372100135011553,1788942120,15.99,-0.6253908692933074,0.6253908692933074,0.6253908692933074,1.1257035647279534,1.3758599124452764,-0.75046904315198,0.75046904315198,0.75046904315198,1.4383989993746127,1.6885553470919357,-0.5628517823639712,0.5628517823639712,0.5628517823639712,1.4383989993746127,1.6885553470919357,993856
NSE_EQ|17358,Utkarsh Small Finance Bank,8ae0335b3af898d2ba8f81ec,1788944856.205844,14:37:36,VWAP_REVERSION,8,SHORT,False,False,False,dhan_authorization_or_ip_unavailable,0.06242,16.857588005419878,8,97.4114,16.857588005419878,98.68301544050863,1.000000000000012,97.41144414168937,15528110.240000486,87.4205267938238,0.2222222222222222,-0.08532423208191449,0.39880385590637035,92.87011807447774,15,0.7518796992481036,0.7499999999999833,0.9950248756219026,1.1320754716980908,0.49999999999999756,1.5547263681592152,1.3050303530344693,1788944880,15.99,-0.6253908692933074,0.6253908692933074,0.6253908692933074,0.8755472170106304,1.1257035647279534,-0.43777360850532077,0.43777360850532077,0.43777360850532077,0.8755472170106304,1.5634771732332742,-0.5628517823639712,0.5628517823639712,0.5628517823639712,1.0631644777986282,1.751094434021272,993858
NSE_EQ|17358,Utkarsh Small Finance Bank,86bc74459316bb9b58ab316a,1788945413.704966,14:46:53,VWAP_REVERSION,4,SHORT,False,False,False,dhan_authorization_or_ip_unavailable,0.06238,17.436251414922083,4,98.3167,17.436251414922083,98.31665150136489,1.4339152119700664,99.40855323020928,16270360.989998817,85.39581437670608,0.11111111111110965,-0.011452785890157368,0.8919559305442378,99.13557779799818,15,0.816582914572872,0.6842105263157954,1.2461059190031218,0.43804755944931717,0.11864406779661069,1.5576323987539051,0.5824559640173882,1788945420,16.06,-0.9339975093399677,0.9339975093399677,0.9339975093399677,1.1830635118306287,1.432129514321312,-1.1207970112079524,1.1207970112079524,1.1207970112079524,1.3075965130759593,1.5566625155666425,-1.0585305105852982,1.0585305105852982,1.0585305105852982,1.494396014943955,1.7434620174346382,993858
NSE_EQ|20188,VA Tech Wabag,b4e85ba8736720e374c3892f,1788926677.621887,09:34:37,VWAP_REVERSION,5,SHORT,False,False,False,account_analysis_capacity_in_use,0.00459,18.476469043502146,5,97.7542,18.476469043502146,97.7542372881356,1.753822138561123,98.4322033898305,338685807.49999976,99.36440677966102,0.14342629482071143,-0.02801649851123584,1.189133028166152,97.2457627118644,15,1.472911439457314,0.8929577464788695,1.8270067310774343,3.659578507689387,0.4913957934990403,3.663171390631439,0.910268824263113,1788926700,2177.1,-0.16535758577924664,0.16535758577924664,0.16535758577924664,0.7762619999081344,0.8038215975380125,-0.16076431950760028,0.16076431950760028,0.16076431950760028,0.7762619999081344,1.2631482247025816,-1.791373845941846,1.791373845941846,1.791373845941846,1.9934775618942635,2.4803637866887107,993848
BSE_EQ|542803,Vaxfab Enterprises,4cecf3eddca36f46f50f9937,1788931685.796235,10:58:05,VOLATILITY_IGNITION,1,SHORT,False,False,False,maximum_concurrent_trade_slots_in_use,0.01506,18.929923324013448,1,98.6004,18.929923324013448,98.60038610038609,1.4914130762277718,98.88996138996139,486111.68000000017,34.31467181467182,1.0,0.054619991046011396,-0.9799931253743763,98.88996138996139,13,-0.4497751124437732,0.17857142857142766,1.4909638554216789,,,,,1788931740,66.38,-1.5968665260620685,1.5968665260620685,1.5968665260620685,2.03374510394696,2.03374510394696,,,,,,,,,,,993850
BSE_EQ|514162,Welspun Living,2b468e536205bdff71e557a7,1788926298.821751,09:28:18,GAP_REJECTION,7,SHORT,False,False,False,account_analysis_capacity_in_use,0.07079,15.363056507410993,7,96.8354,15.363056507410993,96.83544303797468,2.074493163602064,98.77637130801688,13560439.79999999,78.77637130801688,0.09302325581395642,0.03598740440846522,1.3018052377319949,97.76371308016878,14,1.3568198048083735,0.5533980582524255,2.0432127759511483,,,,,1788926340,211.6,-0.42533081285444085,0.42533081285444085,0.42533081285444085,0.51984877126654,1.0160680529300525,-0.7797731568998101,0.7797731568998101,0.7797731568998101,0.8506616257088817,1.3705103969754218,-0.8506616257088817,0.8506616257088817,0.8506616257088817,1.559546313799609,2.079395085066149,993847
BSE_EQ|514162,Welspun Living,8dfcf1a55144c3e4f96ff2bf,1788932870.4089,11:17:50,VOLATILITY_IGNITION,6,SHORT,False,False,False,maximum_concurrent_trade_slots_in_use,0.14211,7.252372083656225,6,94.6635,7.252372083656225,94.66346153846153,0.8053055423969764,96.20192307692308,453414.5500000268,34.18269230769231,1.0,-0.07132545457980198,-0.5874980748319655,97.16346153846153,15,-0.4235294117647115,0.9000000000000312,0.5671077504725979,-0.14157621519584884,0.0810810810810844,0.6616257088846907,0.0922668576604664,1788932880,211.1,-0.4973945997157614,0.4973945997157614,0.4973945997157614,0.4973945997157614,0.4973945997157614,-0.6158218853623776,0.6158218853623776,0.6158218853623776,0.6868782567503451,0.6868782567503451,-0.4500236854571238,0.4500236854571238,0.4500236854571238,0.8289909995262912,0.8289909995262912,993851
BSE_EQ|505533,Westlife Foodworld,ddd6ee14fb4d97ec1296749a,1788931994.988949,11:03:14,VOLATILITY_IGNITION,8,LONG,False,False,False,account_analysis_capacity_in_use,0.1435,9.92045581286263,8,96.0718,9.92045581286263,96.3627546071775,0.8699551569506768,96.0717749757517,317073.0,27.49757516973812,1.0,0.009116601331023795,0.8684731932948737,98.49660523763336,15,0.633312222925908,1.0,0.6293266205160478,0.36996931961739143,0.31297709923663647,0.773172705205422,0.42105263157894735,1788932040,556.15,-0.2427402679133328,0.2427402679133328,-0.2427402679133328,0.2427402679133328,0.2427402679133328,0.2427402679133328,0.2427402679133328,0.2427402679133328,0.2427402679133328,0.4854805358266656,-0.08990380293086853,0.08990380293086853,-0.08990380293086853,0.6113458599298682,0.854086127843201,993851
BSE_EQ|532616,Xchanging Solutions,3c1975b7711059c2129b5c0a,1788926282.276258,09:28:02,GAP_REJECTION,3,LONG,True,True,False,ai_ran,0.14259,33.10476202310938,3,98.6181,33.10476202310938,98.61809045226131,2.2365726886123825,98.95309882747068,164598.22999999998,12.102177554438862,1.0,0.0140901534771533,-0.546755044594177,82.95644891122278,8,-0.5326648911170184,0.1770833333333319,2.2365726886123825,,,,,1788926340,63.26,0.3793866582358474,0.3793866582358474,0.3793866582358474,0.4742333227948148,0.4742333227948148,0.2687322162503891,0.2687322162503891,0.2687322162503891,0.4742333227948148,0.885235535883655,-1.2013910844135278,1.2013910844135278,-1.2013910844135278,1.2013910844135278,1.6756244072083426,993847
